Susceptible{0},950,950,950,944,944,937,937,929,920,910,910,910,910,910,898,898,884,884,870,870,853,853,834,834,834,834,809,809,778,778,778,740,740,692,692,692,692,626,626,626,626,626,626,626,626,511,511,511,511,511,511,511,511,511,511,511,511,511,511,511,511,511,511,511,511,511,511,511,117,117,117,98,98,98,83,83,83,65,65,65,65,52,52,52,43,43,43,32,32,32,32,22,22,22,15,15,15,15,15,15,9,7,7,6,6,5,5,5,5,5,5,5,4,4,3,3,3,3,3,3,3,3,3,3,3,3,3,3,3,3,3,3,3,3,3,3,3,3,3,3,3,3,3,3,3,3,3,2,2,2,2,2,2,2,2,2,2,2,2,1,1,1,1,1,1,1,1,0,0,0,0,0,0,0,0,0,0,0,0,0,0,0,0,0,0,0,0,0,0,0,0,0,0,0,0,0,0,0,0,0,0,0,0,0,0,0,0,0,0,0,0,0,0,0,0,0,0,0,0,0,0,0,0,0,0,0,0,0,0,0,0,0,0,0,0,0,0,0,0,0,0,0,0,0,0,0,0,0,0,0,0,0,0,0,0,0,0,0,0,0,0,0,0,0,0,0,0,0,0,0,0,0,0,0,0,0,0,0,0,0,0,0,0,0,0,0,0,0,0,0,0,0,0,0,0,0,0,0,0,0,0,0,0,0,0,0,0,0,0,0,0,0,0,0,0,0,0,0,0,0,0,0,0,0,0,0,0,0,0,0,0,0,0,0,0,0,0,0,0,0,0,0,0,0,0,0,0,0,0,0,0,0,0,0,0,0,0,0,0,0,0,0,0,0,0,0,0,0,0,0,0,0,0,0,0,0,0,0,0,0,0,0,0,0,0,0,0,0,0,0,0,0,0,0,0,0,0,0,0,0,0,0,0,0,0,0,0,0,0,0,0,0,0,0,0,0,0,0,0,0,0,0,0,0,0,0,0,0,0,0,0,0,0,0,0,0,0,0,0,0,0,0,0,0,0,0,0,0,0,0,0,0,0,0,0,0,0,0,0,0,0,0,0,0,0,0,0,0,0,0,0,0,0,0,0,0,0,0,0,0,0,0,0,0,0,0,0,0,0,0,0,0,0,0,0,0,0,0,0,0,0,0,0,0,0,0,0,0,0,0,0,0,0,0,0,0,0,0,0,0,0,0,0,0,0,0,0,0,0,0,0,0,0,0,0,0,0,0,0,0,0,0,0,0,0,0,0,0,0,0,0,0,0,0,0,0,0,0,0,0,0,0,0,0,0,0,0,0,0,0,0,0,0,0,0,0,0,0,0,0,0,0,0,0,0,0,0,0,0,0,0,0,0,0,0,0,0,0,0,0,0,0,0,0,0,0,0,0,0,0,0,0,0,0,0,0,0,0,0,0,0,0,0,0,0,0,0,0,0,0,0,0,0,0,0,0,0,0,0,0,0,0,0,0,0,0,0,0,0,0,0,0,0,0,0,0,0,0,0,0,0,0,0,0,0,0,0,0,0,0,0,0,0,0,0,0,0,0,0,0,0,0,0,0,0,0,0,0,0,0,0,0,0,0,0,0,0,0,0,0,0,0,0,0,0,0,0,0,0,0,0,0,0,0,0,0,0,0,0,0,0,0,0,0,0,0,0,0,0,0,0,0,0,0,0,0,0,0,0,0,0,0,0,0,0,0,0,0,0,0,0,0,0,0,0,0,0,0,0,0,0,0,0,0,0,0,0,0,0,0,0,0,0,0,0,0,0,0,0,0,0,0,0,0,0,0,0,0,0,0,0,0,0,0,0,0,0,0,0,0,0,0,0,0,0,0,0,0,0,0,0,0,0,0,0,0,0,0,0,0,0,0,0,0,0,0,0,0,0,0,0,0,0,0,0,0,0,0,0,0,0,0,0,0,0,0,0,0,0,0,0,0,0,0,0,0,0,0,0,0,0,0,0,0,0,0,0,0,0,0,0,0,0,0,0,0,0,0,0,0,0,0,0,0,0,0,0,0,0,0,0,0,0,0,0,0,0,0,0,0,0,0,0,0,0,0,0,0,0,0,0,0,0,0,0,0,0,0,0,0,0,0,0,0,0,0,0,0,0,0,0,0,0,0,0,0,0,0,0,0,0,0,0,0,0,0,0,0,0,0,0,0,0,0,0,0,0,0,0,0,0,0,0,0,0,0,0,0,0,0,0,0,0,0,0,0,0,0,0,0,0,0,0,0,0,0,0,0,0,0,0,0,0,0,0,0,0,0,0,0
Susceptible{1},950,950,944,944,938,938,931,925,917,917,907,907,896,896,896,883,883,867,867,851,851,831,831,809,809,779,779,779,744,744,744,744,700,700,700,700,638,638,638,638,638,638,638,638,534,534,534,534,534,534,534,534,534,534,534,534,534,534,534,534,534,534,534,534,534,534,534,144,144,117,117,117,101,101,101,85,85,85,85,69,69,69,57,57,44,44,44,44,31,31,31,31,31,21,21,21,14,14,12,12,10,10,10,10,9,9,8,8,7,5,5,5,5,5,5,5,4,3,3,2,2,1,1,1,1,1,1,1,1,1,1,1,1,1,1,1,1,1,1,0,0,0,0,0,0,0,0,0,0,0,0,0,0,0,0,0,0,0,0,0,0,0,0,0,0,0,0,0,0,0,0,0,0,0,0,0,0,0,0,0,0,0,0,0,0,0,0,0,0,0,0,0,0,0,0,0,0,0,0,0,0,0,0,0,0,0,0,0,0,0,0,0,0,0,0,0,0,0,0,0,0,0,0,0,0,0,0,0,0,0,0,0,0,0,0,0,0,0,0,0,0,0,0,0,0,0,0,0,0,0,0,0,0,0,0,0,0,0,0,0,0,0,0,0,0,0,0,0,0,0,0,0,0,0,0,0,0,0,0,0,0,0,0,0,0,0,0,0,0,0,0,0,0,0,0,0,0,0,0,0,0,0,0,0,0,0,0,0,0,0,0,0,0,0,0,0,0,0,0,0,0,0,0,0,0,0,0,0,0,0,0,0,0,0,0,0,0,0,0,0,0,0,0,0,0,0,0,0,0,0,0,0,0,0,0,0,0,0,0,0,0,0,0,0,0,0,0,0,0,0,0,0,0,0,0,0,0,0,0,0,0,0,0,0,0,0,0,0,0,0,0,0,0,0,0,0,0,0,0,0,0,0,0,0,0,0,0,0,0,0,0,0,0,0,0,0,0,0,0,0,0,0,0,0,0,0,0,0,0,0,0,0,0,0,0,0,0,0,0,0,0,0,0,0,0,0,0,0,0,0,0,0,0,0,0,0,0,0,0,0,0,0,0,0,0,0,0,0,0,0,0,0,0,0,0,0,0,0,0,0,0,0,0,0,0,0,0,0,0,0,0,0,0,0,0,0,0,0,0,0,0,0,0,0,0,0,0,0,0,0,0,0,0,0,0,0,0,0,0,0,0,0,0,0,0,0,0,0,0,0,0,0,0,0,0,0,0,0,0,0,0,0,0,0,0,0,0,0,0,0,0,0,0,0,0,0,0,0,0,0,0,0,0,0,0,0,0,0,0,0,0,0,0,0,0,0,0,0,0,0,0,0,0,0,0,0,0,0,0,0,0,0,0,0,0,0,0,0,0,0,0,0,0,0,0,0,0,0,0,0,0,0,0,0,0,0,0,0,0,0,0,0,0,0,0,0,0,0,0,0,0,0,0,0,0,0,0,0,0,0,0,0,0,0,0,0,0,0,0,0,0,0,0,0,0,0,0,0,0,0,0,0,0,0,0,0,0,0,0,0,0,0,0,0,0,0,0,0,0,0,0,0,0,0,0,0,0,0,0,0,0,0,0,0,0,0,0,0,0,0,0,0,0,0,0,0,0,0,0,0,0,0,0,0,0,0,0,0,0,0,0,0,0,0,0,0,0,0,0,0,0,0,0,0,0,0,0,0,0,0,0,0,0,0,0,0,0,0,0,0,0,0,0,0,0,0,0,0,0,0,0,0,0,0,0,0,0,0,0,0,0,0,0,0,0,0,0,0,0,0,0,0,0,0,0,0,0,0,0,0,0,0,0,0,0,0,0,0,0,0,0,0,0,0,0,0,0,0,0,0,0,0,0,0,0,0,0,0,0,0,0,0,0,0,0,0,0,0,0,0,0,0,0,0,0,0,0,0,0,0,0,0,0,0,0,0,0,0,0,0,0,0,0,0,0,0,0,0,0,0,0,0,0,0,0,0,0,0,0,0,0,0,0,0,0,0,0,0,0,0,0,0,0,0,0,0,0,0,0,0,0,0,0,0,0,0,0,0,0,0,0,0,0,0,0,0,0,0,0,0,0,0,0,0,0,0,0,0,0,0,0,0,0,0,0,0,0,0,0,0,0,0,0,0,0,0,0,0,0,0,0,0,0,0,0,0,0,0,0,0,0,0,0,0,0,0,0,0,0,0,0,0,0,0,0,0,0,0,0,0,0,0,0,0,0,0,0,0,0,0,0,0,0,0,0,0,0,0,0,0,0,0,0,0,0,0,0,0,0,0
Susceptible{2},950,950,945,945,945,939,932,925,925,916,905,905,894,880,880,866,866,848,848,832,832,832,810,810,785,785,754,754,754,716,716,716,716,667,667,667,667,593,593,593,593,593,593,593,593,593,593,449,449,449,449,449,449,449,449,449,449,449,449,449,449,449,204,204,204,168,168,168,144,144,125,125,125,102,102,102,83,83,83,69,69,69,69,52,52,52,52,52,39,39,39,39,39,30,30,30,30,20,20,20,20,20,14,14,14,14,14,13,13,13,13,11,10,10,10,9,8,8,6,6,5,5,4,4,4,4,4,3,3,3,3,3,3,2,2,1,1,1,1,1,1,1,1,1,1,1,1,1,1,1,1,1,1,1,1,0,0,0,0,0,0,0,0,0,0,0,0,0,0,0,0,0,0,0,0,0,0,0,0,0,0,0,0,0,0,0,0,0,0,0,0,0,0,0,0,0,0,0,0,0,0,0,0,0,0,0,0,0,0,0,0,0,0,0,0,0,0,0,0,0,0,0,0,0,0,0,0,0,0,0,0,0,0,0,0,0,0,0,0,0,0,0,0,0,0,0,0,0,0,0,0,0,0,0,0,0,0,0,0,0,0,0,0,0,0,0,0,0,0,0,0,0,0,0,0,0,0,0,0,0,0,0,0,0,0,0,0,0,0,0,0,0,0,0,0,0,0,0,0,0,0,0,0,0,0,0,0,0,0,0,0,0,0,0,0,0,0,0,0,0,0,0,0,0,0,0,0,0,0,0,0,0,0,0,0,0,0,0,0,0,0,0,0,0,0,0,0,0,0,0,0,0,0,0,0,0,0,0,0,0,0,0,0,0,0,0,0,0,0,0,0,0,0,0,0,0,0,0,0,0,0,0,0,0,0,0,0,0,0,0,0,0,0,0,0,0,0,0,0,0,0,0,0,0,0,0,0,0,0,0,0,0,0,0,0,0,0,0,0,0,0,0,0,0,0,0,0,0,0,0,0,0,0,0,0,0,0,0,0,0,0,0,0,0,0,0,0,0,0,0,0,0,0,0,0,0,0,0,0,0,0,0,0,0,0,0,0,0,0,0,0,0,0,0,0,0,0,0,0,0,0,0,0,0,0,0,0,0,0,0,0,0,0,0,0,0,0,0,0,0,0,0,0,0,0,0,0,0,0,0,0,0,0,0,0,0,0,0,0,0,0,0,0,0,0,0,0,0,0,0,0,0,0,0,0,0,0,0,0,0,0,0,0,0,0,0,0,0,0,0,0,0,0,0,0,0,0,0,0,0,0,0,0,0,0,0,0,0,0,0,0,0,0,0,0,0,0,0,0,0,0,0,0,0,0,0,0,0,0,0,0,0,0,0,0,0,0,0,0,0,0,0,0,0,0,0,0,0,0,0,0,0,0,0,0,0,0,0,0,0,0,0,0,0,0,0,0,0,0,0,0,0,0,0,0,0,0,0,0,0,0,0,0,0,0,0,0,0,0,0,0,0,0,0,0,0,0,0,0,0,0,0,0,0,0,0,0,0,0,0,0,0,0,0,0,0,0,0,0,0,0,0,0,0,0,0,0,0,0,0,0,0,0,0,0,0,0,0,0,0,0,0,0,0,0,0,0,0,0,0,0,0,0,0,0,0,0,0,0,0,0,0,0,0,0,0,0,0,0,0,0,0,0,0,0,0,0,0,0,0,0,0,0,0,0,0,0,0,0,0,0,0,0,0,0,0,0,0,0,0,0,0,0,0,0,0,0,0,0,0,0,0,0,0,0,0,0,0,0,0,0,0,0,0,0,0,0,0,0,0,0,0,0,0,0,0,0,0,0,0,0,0,0,0,0,0,0,0,0,0,0,0,0,0,0,0,0,0,0,0,0,0,0,0,0,0,0,0,0,0,0,0,0,0,0,0,0,0,0,0,0,0,0,0,0,0,0,0,0,0,0,0,0,0,0,0,0,0,0,0,0,0,0,0,0,0,0,0,0,0,0,0,0,0,0,0,0,0,0,0,0,0,0,0,0,0,0,0,0,0,0,0,0,0,0,0,0,0,0,0,0,0,0,0,0,0,0,0,0,0,0,0,0,0,0,0,0,0,0,0,0,0,0,0,0,0,0,0,0,0,0,0,0,0,0,0,0,0,0,0,0,0,0,0,0,0,0,0,0,0,0,0,0,0,0,0,0,0,0,0,0,0,0,0,0,0,0,0,0,0,0,0,0,0,0,0,0,0,0,0,0,0,0,0,0,0,0,0,0,0,0,0,0,0,0,0,0,0,0,0
Susceptible{3},950,950,937,937,937,930,930,923,923,914,914,903,903,890,877,877,861,861,843,843,843,843,821,821,799,799,799,769,769,769,732,732,732,732,685,685,685,685,617,617,617,617,617,617,617,617,494,494,494,494,494,494,494,494,494,494,494,494,494,494,494,494,494,494,494,494,494,494,494,494,494,80,80,80,61,61,61,49,49,49,38,38,38,38,38,31,31,31,21,21,21,21,18,18,18,12,12,12,9,9,8,8,7,6,6,4,4,3,3,3,3,3,3,3,3,3,3,3,3,2,2,2,2,2,2,2,2,2,2,2,2,2,2,2,2,2,2,2,2,2,2,2,2,2,2,2,2,2,2,2,2,2,2,2,2,2,2,2,2,2,2,2,2,2,2,2,2,2,2,2,2,2,2,2,1,1,1,1,1,1,1,1,1,1,1,1,1,1,1,1,1,1,1,1,1,1,1,1,1,1,1,1,1,1,1,1,1,1,1,1,1,1,1,1,1,1,1,0,0,0,0,0,0,0,0,0,0,0,0,0,0,0,0,0,0,0,0,0,0,0,0,0,0,0,0,0,0,0,0,0,0,0,0,0,0,0,0,0,0,0,0,0,0,0,0,0,0,0,0,0,0,0,0,0,0,0,0,0,0,0,0,0,0,0,0,0,0,0,0,0,0,0,0,0,0,0,0,0,0,0,0,0,0,0,0,0,0,0,0,0,0,0,0,0,0,0,0,0,0,0,0,0,0,0,0,0,0,0,0,0,0,0,0,0,0,0,0,0,0,0,0,0,0,0,0,0,0,0,0,0,0,0,0,0,0,0,0,0,0,0,0,0,0,0,0,0,0,0,0,0,0,0,0,0,0,0,0,0,0,0,0,0,0,0,0,0,0,0,0,0,0,0,0,0,0,0,0,0,0,0,0,0,0,0,0,0,0,0,0,0,0,0,0,0,0,0,0,0,0,0,0,0,0,0,0,0,0,0,0,0,0,0,0,0,0,0,0,0,0,0,0,0,0,0,0,0,0,0,0,0,0,0,0,0,0,0,0,0,0,0,0,0,0,0,0,0,0,0,0,0,0,0,0,0,0,0,0,0,0,0,0,0,0,0,0,0,0,0,0,0,0,0,0,0,0,0,0,0,0,0,0,0,0,0,0,0,0,0,0,0,0,0,0,0,0,0,0,0,0,0,0,0,0,0,0,0,0,0,0,0,0,0,0,0,0,0,0,0,0,0,0,0,0,0,0,0,0,0,0,0,0,0,0,0,0,0,0,0,0,0,0,0,0,0,0,0,0,0,0,0,0,0,0,0,0,0,0,0,0,0,0,0,0,0,0,0,0,0,0,0,0,0,0,0,0,0,0,0,0,0,0,0,0,0,0,0,0,0,0,0,0,0,0,0,0,0,0,0,0,0,0,0,0,0,0,0,0,0,0,0,0,0,0,0,0,0,0,0,0,0,0,0,0,0,0,0,0,0,0,0,0,0,0,0,0,0,0,0,0,0,0,0,0,0,0,0,0,0,0,0,0,0,0,0,0,0,0,0,0,0,0,0,0,0,0,0,0,0,0,0,0,0,0,0,0,0,0,0,0,0,0,0,0,0,0,0,0,0,0,0,0,0,0,0,0,0,0,0,0,0,0,0,0,0,0,0,0,0,0,0,0,0,0,0,0,0,0,0,0,0,0,0,0,0,0,0,0,0,0,0,0,0,0,0,0,0,0,0,0,0,0,0,0,0,0,0,0,0,0,0,0,0,0,0,0,0,0,0,0,0,0,0,0,0,0,0,0,0,0,0,0,0,0,0,0,0,0,0,0,0,0,0,0,0,0,0,0,0,0,0,0,0,0,0,0,0,0,0,0,0,0,0,0,0,0,0,0,0,0,0,0,0,0,0,0,0,0,0,0,0,0,0,0,0,0,0,0,0,0,0,0,0,0,0,0,0,0,0,0,0,0,0,0,0,0,0,0,0,0,0,0,0,0,0,0,0,0,0,0,0,0,0,0,0,0,0,0,0,0,0,0,0,0,0,0,0,0,0,0,0,0,0,0,0,0,0,0,0,0,0,0,0,0,0,0,0,0,0,0,0,0,0,0,0,0,0,0,0,0,0,0,0,0,0,0,0,0,0,0,0,0,0,0,0,0,0,0,0,0,0,0,0,0,0,0,0,0,0,0,0,0,0,0,0,0,0,0,0,0,0,0,0,0,0,0,0,0,0,0,0,0,0,0,0,0,0,0,0,0,0,0,0,0,0,0,0,0,0,0,0
Susceptible{4},950,950,944,944,944,944,938,938,931,931,924,916,906,906,906,894,894,880,880,866,866,848,848,848,827,802,802,802,772,772,772,734,734,684,684,684,684,613,613,613,613,613,613,613,613,613,471,471,471,471,471,471,471,471,471,471,471,471,471,471,471,471,471,471,181,181,154,154,128,128,128,108,108,87,87,87,69,69,69,69,53,53,53,41,41,41,41,41,34,34,34,34,25,25,25,25,25,25,17,17,17,15,15,11,11,10,10,10,7,7,6,6,5,5,5,5,5,5,5,5,3,3,3,2,1,1,1,1,1,1,1,1,0,0,0,0,0,0,0,0,0,0,0,0,0,0,0,0,0,0,0,0,0,0,0,0,0,0,0,0,0,0,0,0,0,0,0,0,0,0,0,0,0,0,0,0,0,0,0,0,0,0,0,0,0,0,0,0,0,0,0,0,0,0,0,0,0,0,0,0,0,0,0,0,0,0,0,0,0,0,0,0,0,0,0,0,0,0,0,0,0,0,0,0,0,0,0,0,0,0,0,0,0,0,0,0,0,0,0,0,0,0,0,0,0,0,0,0,0,0,0,0,0,0,0,0,0,0,0,0,0,0,0,0,0,0,0,0,0,0,0,0,0,0,0,0,0,0,0,0,0,0,0,0,0,0,0,0,0,0,0,0,0,0,0,0,0,0,0,0,0,0,0,0,0,0,0,0,0,0,0,0,0,0,0,0,0,0,0,0,0,0,0,0,0,0,0,0,0,0,0,0,0,0,0,0,0,0,0,0,0,0,0,0,0,0,0,0,0,0,0,0,0,0,0,0,0,0,0,0,0,0,0,0,0,0,0,0,0,0,0,0,0,0,0,0,0,0,0,0,0,0,0,0,0,0,0,0,0,0,0,0,0,0,0,0,0,0,0,0,0,0,0,0,0,0,0,0,0,0,0,0,0,0,0,0,0,0,0,0,0,0,0,0,0,0,0,0,0,0,0,0,0,0,0,0,0,0,0,0,0,0,0,0,0,0,0,0,0,0,0,0,0,0,0,0,0,0,0,0,0,0,0,0,0,0,0,0,0,0,0,0,0,0,0,0,0,0,0,0,0,0,0,0,0,0,0,0,0,0,0,0,0,0,0,0,0,0,0,0,0,0,0,0,0,0,0,0,0,0,0,0,0,0,0,0,0,0,0,0,0,0,0,0,0,0,0,0,0,0,0,0,0,0,0,0,0,0,0,0,0,0,0,0,0,0,0,0,0,0,0,0,0,0,0,0,0,0,0,0,0,0,0,0,0,0,0,0,0,0,0,0,0,0,0,0,0,0,0,0,0,0,0,0,0,0,0,0,0,0,0,0,0,0,0,0,0,0,0,0,0,0,0,0,0,0,0,0,0,0,0,0,0,0,0,0,0,0,0,0,0,0,0,0,0,0,0,0,0,0,0,0,0,0,0,0,0,0,0,0,0,0,0,0,0,0,0,0,0,0,0,0,0,0,0,0,0,0,0,0,0,0,0,0,0,0,0,0,0,0,0,0,0,0,0,0,0,0,0,0,0,0,0,0,0,0,0,0,0,0,0,0,0,0,0,0,0,0,0,0,0,0,0,0,0,0,0,0,0,0,0,0,0,0,0,0,0,0,0,0,0,0,0,0,0,0,0,0,0,0,0,0,0,0,0,0,0,0,0,0,0,0,0,0,0,0,0,0,0,0,0,0,0,0,0,0,0,0,0,0,0,0,0,0,0,0,0,0,0,0,0,0,0,0,0,0,0,0,0,0,0,0,0,0,0,0,0,0,0,0,0,0,0,0,0,0,0,0,0,0,0,0,0,0,0,0,0,0,0,0,0,0,0,0,0,0,0,0,0,0,0,0,0,0,0,0,0,0,0,0,0,0,0,0,0,0,0,0,0,0,0,0,0,0,0,0,0,0,0,0,0,0,0,0,0,0,0,0,0,0,0,0,0,0,0,0,0,0,0,0,0,0,0,0,0,0,0,0,0,0,0,0,0,0,0,0,0,0,0,0,0,0,0,0,0,0,0,0,0,0,0,0,0,0,0,0,0,0,0,0,0,0,0,0,0,0,0,0,0,0,0,0,0,0,0,0,0,0,0,0,0,0,0,0,0,0,0,0,0,0,0,0,0,0,0,0,0,0,0,0,0,0,0,0,0,0,0,0,0,0,0,0,0,0,0,0,0,0,0,0,0,0,0,0,0,0,0,0,0,0,0,0,0,0,0,0,0,0,0,0,0,0,0,0,0,0,0,0,0,0
Susceptible{5},950,950,947,947,942,942,935,935,927,927,927,918,918,908,908,899,899,899,887,887,873,873,856,856,839,839,839,818,818,818,793,793,762,762,762,725,725,725,725,678,678,678,678,610,610,610,610,610,610,610,610,480,480,480,480,480,480,480,480,480,480,480,480,480,480,480,480,480,480,480,480,480,480,480,480,68,68,56,56,56,56,46,46,46,37,37,37,37,32,32,32,32,32,32,25,25,25,25,25,25,16,16,16,13,13,13,13,13,13,13,10,10,7,7,6,6,5,4,4,3,3,2,1,1,1,1,1,1,1,1,1,1,1,1,1,1,1,1,1,1,1,1,0,0,0,0,0,0,0,0,0,0,0,0,0,0,0,0,0,0,0,0,0,0,0,0,0,0,0,0,0,0,0,0,0,0,0,0,0,0,0,0,0,0,0,0,0,0,0,0,0,0,0,0,0,0,0,0,0,0,0,0,0,0,0,0,0,0,0,0,0,0,0,0,0,0,0,0,0,0,0,0,0,0,0,0,0,0,0,0,0,0,0,0,0,0,0,0,0,0,0,0,0,0,0,0,0,0,0,0,0,0,0,0,0,0,0,0,0,0,0,0,0,0,0,0,0,0,0,0,0,0,0,0,0,0,0,0,0,0,0,0,0,0,0,0,0,0,0,0,0,0,0,0,0,0,0,0,0,0,0,0,0,0,0,0,0,0,0,0,0,0,0,0,0,0,0,0,0,0,0,0,0,0,0,0,0,0,0,0,0,0,0,0,0,0,0,0,0,0,0,0,0,0,0,0,0,0,0,0,0,0,0,0,0,0,0,0,0,0,0,0,0,0,0,0,0,0,0,0,0,0,0,0,0,0,0,0,0,0,0,0,0,0,0,0,0,0,0,0,0,0,0,0,0,0,0,0,0,0,0,0,0,0,0,0,0,0,0,0,0,0,0,0,0,0,0,0,0,0,0,0,0,0,0,0,0,0,0,0,0,0,0,0,0,0,0,0,0,0,0,0,0,0,0,0,0,0,0,0,0,0,0,0,0,0,0,0,0,0,0,0,0,0,0,0,0,0,0,0,0,0,0,0,0,0,0,0,0,0,0,0,0,0,0,0,0,0,0,0,0,0,0,0,0,0,0,0,0,0,0,0,0,0,0,0,0,0,0,0,0,0,0,0,0,0,0,0,0,0,0,0,0,0,0,0,0,0,0,0,0,0,0,0,0,0,0,0,0,0,0,0,0,0,0,0,0,0,0,0,0,0,0,0,0,0,0,0,0,0,0,0,0,0,0,0,0,0,0,0,0,0,0,0,0,0,0,0,0,0,0,0,0,0,0,0,0,0,0,0,0,0,0,0,0,0,0,0,0,0,0,0,0,0,0,0,0,0,0,0,0,0,0,0,0,0,0,0,0,0,0,0,0,0,0,0,0,0,0,0,0,0,0,0,0,0,0,0,0,0,0,0,0,0,0,0,0,0,0,0,0,0,0,0,0,0,0,0,0,0,0,0,0,0,0,0,0,0,0,0,0,0,0,0,0,0,0,0,0,0,0,0,0,0,0,0,0,0,0,0,0,0,0,0,0,0,0,0,0,0,0,0,0,0,0,0,0,0,0,0,0,0,0,0,0,0,0,0,0,0,0,0,0,0,0,0,0,0,0,0,0,0,0,0,0,0,0,0,0,0,0,0,0,0,0,0,0,0,0,0,0,0,0,0,0,0,0,0,0,0,0,0,0,0,0,0,0,0,0,0,0,0,0,0,0,0,0,0,0,0,0,0,0,0,0,0,0,0,0,0,0,0,0,0,0,0,0,0,0,0,0,0,0,0,0,0,0,0,0,0,0,0,0,0,0,0,0,0,0,0,0,0,0,0,0,0,0,0,0,0,0,0,0,0,0,0,0,0,0,0,0,0,0,0,0,0,0,0,0,0,0,0,0,0,0,0,0,0,0,0,0,0,0,0,0,0,0,0,0,0,0,0,0,0,0,0,0,0,0,0,0,0,0,0,0,0,0,0,0,0,0,0,0,0,0,0,0,0,0,0,0,0,0,0,0,0,0,0,0,0,0,0,0,0,0,0,0,0,0,0,0,0,0,0,0,0,0,0,0,0,0,0,0,0,0,0,0,0,0,0,0,0,0,0,0,0,0,0,0,0,0,0,0,0,0,0,0,0,0,0,0,0,0,0,0,0,0,0,0,0,0,0,0,0,0,0,0,0,0,0,0,0,0,0,0,0,0,0,0,0,0,0,0,0,0,0,0,0,0,0
Susceptible{6},950,944,944,937,930,930,930,922,922,914,914,903,903,890,890,877,877,877,861,843,843,843,822,822,799,799,799,769,769,769,730,730,730,681,681,681,681,609,609,609,609,609,609,609,609,609,469,469,469,469,469,469,469,469,469,469,469,469,469,469,469,469,469,180,180,180,150,150,128,128,128,128,104,104,87,87,87,73,73,61,61,61,47,47,47,47,47,32,32,32,32,32,21,21,21,21,17,17,16,16,16,16,13,13,11,11,11,10,10,10,10,9,9,9,8,8,7,7,7,7,5,5,5,5,5,4,4,3,3,3,3,3,3,3,3,3,3,2,2,2,2,2,2,2,2,2,2,2,2,2,2,2,1,1,1,1,1,1,1,1,1,1,1,1,1,1,1,1,1,1,1,1,1,1,1,1,1,1,1,1,0,0,0,0,0,0,0,0,0,0,0,0,0,0,0,0,0,0,0,0,0,0,0,0,0,0,0,0,0,0,0,0,0,0,0,0,0,0,0,0,0,0,0,0,0,0,0,0,0,0,0,0,0,0,0,0,0,0,0,0,0,0,0,0,0,0,0,0,0,0,0,0,0,0,0,0,0,0,0,0,0,0,0,0,0,0,0,0,0,0,0,0,0,0,0,0,0,0,0,0,0,0,0,0,0,0,0,0,0,0,0,0,0,0,0,0,0,0,0,0,0,0,0,0,0,0,0,0,0,0,0,0,0,0,0,0,0,0,0,0,0,0,0,0,0,0,0,0,0,0,0,0,0,0,0,0,0,0,0,0,0,0,0,0,0,0,0,0,0,0,0,0,0,0,0,0,0,0,0,0,0,0,0,0,0,0,0,0,0,0,0,0,0,0,0,0,0,0,0,0,0,0,0,0,0,0,0,0,0,0,0,0,0,0,0,0,0,0,0,0,0,0,0,0,0,0,0,0,0,0,0,0,0,0,0,0,0,0,0,0,0,0,0,0,0,0,0,0,0,0,0,0,0,0,0,0,0,0,0,0,0,0,0,0,0,0,0,0,0,0,0,0,0,0,0,0,0,0,0,0,0,0,0,0,0,0,0,0,0,0,0,0,0,0,0,0,0,0,0,0,0,0,0,0,0,0,0,0,0,0,0,0,0,0,0,0,0,0,0,0,0,0,0,0,0,0,0,0,0,0,0,0,0,0,0,0,0,0,0,0,0,0,0,0,0,0,0,0,0,0,0,0,0,0,0,0,0,0,0,0,0,0,0,0,0,0,0,0,0,0,0,0,0,0,0,0,0,0,0,0,0,0,0,0,0,0,0,0,0,0,0,0,0,0,0,0,0,0,0,0,0,0,0,0,0,0,0,0,0,0,0,0,0,0,0,0,0,0,0,0,0,0,0,0,0,0,0,0,0,0,0,0,0,0,0,0,0,0,0,0,0,0,0,0,0,0,0,0,0,0,0,0,0,0,0,0,0,0,0,0,0,0,0,0,0,0,0,0,0,0,0,0,0,0,0,0,0,0,0,0,0,0,0,0,0,0,0,0,0,0,0,0,0,0,0,0,0,0,0,0,0,0,0,0,0,0,0,0,0,0,0,0,0,0,0,0,0,0,0,0,0,0,0,0,0,0,0,0,0,0,0,0,0,0,0,0,0,0,0,0,0,0,0,0,0,0,0,0,0,0,0,0,0,0,0,0,0,0,0,0,0,0,0,0,0,0,0,0,0,0,0,0,0,0,0,0,0,0,0,0,0,0,0,0,0,0,0,0,0,0,0,0,0,0,0,0,0,0,0,0,0,0,0,0,0,0,0,0,0,0,0,0,0,0,0,0,0,0,0,0,0,0,0,0,0,0,0,0,0,0,0,0,0,0,0,0,0,0,0,0,0,0,0,0,0,0,0,0,0,0,0,0,0,0,0,0,0,0,0,0,0,0,0,0,0,0,0,0,0,0,0,0,0,0,0,0,0,0,0,0,0,0,0,0,0,0,0,0,0,0,0,0,0,0,0,0,0,0,0,0,0,0,0,0,0,0,0,0,0,0,0,0,0,0,0,0,0,0,0,0,0,0,0,0,0,0,0,0,0,0,0,0,0,0,0,0,0,0,0,0,0,0,0,0,0,0,0,0,0,0,0,0,0,0,0,0,0,0,0,0,0,0,0,0,0,0,0,0,0,0,0,0,0,0,0,0,0,0,0,0,0,0,0,0,0,0,0,0,0,0,0,0,0,0,0,0,0,0,0,0,0,0,0,0,0,0,0,0,0,0,0,0,0,0,0,0,0,0,0,0
Susceptible{7},950,945,945,945,938,938,930,930,921,911,911,901,901,901,890,890,876,876,876,859,859,859,842,819,819,793,793,793,761,761,761,721,721,721,721,667,667,667,667,667,667,589,589,589,589,589,589,589,589,589,589,589,417,417,417,417,417,417,417,417,417,272,272,272,272,228,228,228,189,189,189,155,155,155,127,127,127,127,102,102,102,86,86,76,76,62,62,62,62,50,50,50,50,41,41,41,41,41,31,31,31,31,31,25,25,25,25,25,25,16,16,14,14,14,12,12,9,9,9,8,8,8,8,7,7,6,6,4,3,3,3,1,1,1,1,1,1,1,1,1,1,1,1,1,1,1,1,1,0,0,0,0,0,0,0,0,0,0,0,0,0,0,0,0,0,0,0,0,0,0,0,0,0,0,0,0,0,0,0,0,0,0,0,0,0,0,0,0,0,0,0,0,0,0,0,0,0,0,0,0,0,0,0,0,0,0,0,0,0,0,0,0,0,0,0,0,0,0,0,0,0,0,0,0,0,0,0,0,0,0,0,0,0,0,0,0,0,0,0,0,0,0,0,0,0,0,0,0,0,0,0,0,0,0,0,0,0,0,0,0,0,0,0,0,0,0,0,0,0,0,0,0,0,0,0,0,0,0,0,0,0,0,0,0,0,0,0,0,0,0,0,0,0,0,0,0,0,0,0,0,0,0,0,0,0,0,0,0,0,0,0,0,0,0,0,0,0,0,0,0,0,0,0,0,0,0,0,0,0,0,0,0,0,0,0,0,0,0,0,0,0,0,0,0,0,0,0,0,0,0,0,0,0,0,0,0,0,0,0,0,0,0,0,0,0,0,0,0,0,0,0,0,0,0,0,0,0,0,0,0,0,0,0,0,0,0,0,0,0,0,0,0,0,0,0,0,0,0,0,0,0,0,0,0,0,0,0,0,0,0,0,0,0,0,0,0,0,0,0,0,0,0,0,0,0,0,0,0,0,0,0,0,0,0,0,0,0,0,0,0,0,0,0,0,0,0,0,0,0,0,0,0,0,0,0,0,0,0,0,0,0,0,0,0,0,0,0,0,0,0,0,0,0,0,0,0,0,0,0,0,0,0,0,0,0,0,0,0,0,0,0,0,0,0,0,0,0,0,0,0,0,0,0,0,0,0,0,0,0,0,0,0,0,0,0,0,0,0,0,0,0,0,0,0,0,0,0,0,0,0,0,0,0,0,0,0,0,0,0,0,0,0,0,0,0,0,0,0,0,0,0,0,0,0,0,0,0,0,0,0,0,0,0,0,0,0,0,0,0,0,0,0,0,0,0,0,0,0,0,0,0,0,0,0,0,0,0,0,0,0,0,0,0,0,0,0,0,0,0,0,0,0,0,0,0,0,0,0,0,0,0,0,0,0,0,0,0,0,0,0,0,0,0,0,0,0,0,0,0,0,0,0,0,0,0,0,0,0,0,0,0,0,0,0,0,0,0,0,0,0,0,0,0,0,0,0,0,0,0,0,0,0,0,0,0,0,0,0,0,0,0,0,0,0,0,0,0,0,0,0,0,0,0,0,0,0,0,0,0,0,0,0,0,0,0,0,0,0,0,0,0,0,0,0,0,0,0,0,0,0,0,0,0,0,0,0,0,0,0,0,0,0,0,0,0,0,0,0,0,0,0,0,0,0,0,0,0,0,0,0,0,0,0,0,0,0,0,0,0,0,0,0,0,0,0,0,0,0,0,0,0,0,0,0,0,0,0,0,0,0,0,0,0,0,0,0,0,0,0,0,0,0,0,0,0,0,0,0,0,0,0,0,0,0,0,0,0,0,0,0,0,0,0,0,0,0,0,0,0,0,0,0,0,0,0,0,0,0,0,0,0,0,0,0,0,0,0,0,0,0,0,0,0,0,0,0,0,0,0,0,0,0,0,0,0,0,0,0,0,0,0,0,0,0,0,0,0,0,0,0,0,0,0,0,0,0,0,0,0,0,0,0,0,0,0,0,0,0,0,0,0,0,0,0,0,0,0,0,0,0,0,0,0,0,0,0,0,0,0,0,0,0,0,0,0,0,0,0,0,0,0,0,0,0,0,0,0,0,0,0,0,0,0,0,0,0,0,0,0,0,0,0,0,0,0,0,0,0,0,0,0,0,0,0,0,0,0,0,0,0,0,0,0,0,0,0,0,0,0,0,0,0,0,0,0,0,0,0,0,0,0,0,0,0,0,0,0,0,0,0,0,0,0,0,0,0,0,0,0,0,0,0,0,0,0,0,0,0,0,0
Susceptible{8},950,950,945,938,938,931,931,923,923,913,913,903,903,891,891,876,876,876,860,860,842,842,821,821,821,796,796,765,765,765,727,727,727,727,680,680,680,680,680,614,614,614,614,614,614,614,614,490,490,490,490,490,490,490,490,490,490,490,490,490,490,490,490,490,490,490,490,490,490,490,89,89,89,73,73,73,61,61,61,45,45,45,45,45,36,36,36,36,24,24,24,24,14,14,14,14,14,14,11,11,10,10,6,6,6,6,6,3,3,2,2,2,2,1,1,1,1,1,1,1,1,1,1,1,1,1,0,0,0,0,0,0,0,0,0,0,0,0,0,0,0,0,0,0,0,0,0,0,0,0,0,0,0,0,0,0,0,0,0,0,0,0,0,0,0,0,0,0,0,0,0,0,0,0,0,0,0,0,0,0,0,0,0,0,0,0,0,0,0,0,0,0,0,0,0,0,0,0,0,0,0,0,0,0,0,0,0,0,0,0,0,0,0,0,0,0,0,0,0,0,0,0,0,0,0,0,0,0,0,0,0,0,0,0,0,0,0,0,0,0,0,0,0,0,0,0,0,0,0,0,0,0,0,0,0,0,0,0,0,0,0,0,0,0,0,0,0,0,0,0,0,0,0,0,0,0,0,0,0,0,0,0,0,0,0,0,0,0,0,0,0,0,0,0,0,0,0,0,0,0,0,0,0,0,0,0,0,0,0,0,0,0,0,0,0,0,0,0,0,0,0,0,0,0,0,0,0,0,0,0,0,0,0,0,0,0,0,0,0,0,0,0,0,0,0,0,0,0,0,0,0,0,0,0,0,0,0,0,0,0,0,0,0,0,0,0,0,0,0,0,0,0,0,0,0,0,0,0,0,0,0,0,0,0,0,0,0,0,0,0,0,0,0,0,0,0,0,0,0,0,0,0,0,0,0,0,0,0,0,0,0,0,0,0,0,0,0,0,0,0,0,0,0,0,0,0,0,0,0,0,0,0,0,0,0,0,0,0,0,0,0,0,0,0,0,0,0,0,0,0,0,0,0,0,0,0,0,0,0,0,0,0,0,0,0,0,0,0,0,0,0,0,0,0,0,0,0,0,0,0,0,0,0,0,0,0,0,0,0,0,0,0,0,0,0,0,0,0,0,0,0,0,0,0,0,0,0,0,0,0,0,0,0,0,0,0,0,0,0,0,0,0,0,0,0,0,0,0,0,0,0,0,0,0,0,0,0,0,0,0,0,0,0,0,0,0,0,0,0,0,0,0,0,0,0,0,0,0,0,0,0,0,0,0,0,0,0,0,0,0,0,0,0,0,0,0,0,0,0,0,0,0,0,0,0,0,0,0,0,0,0,0,0,0,0,0,0,0,0,0,0,0,0,0,0,0,0,0,0,0,0,0,0,0,0,0,0,0,0,0,0,0,0,0,0,0,0,0,0,0,0,0,0,0,0,0,0,0,0,0,0,0,0,0,0,0,0,0,0,0,0,0,0,0,0,0,0,0,0,0,0,0,0,0,0,0,0,0,0,0,0,0,0,0,0,0,0,0,0,0,0,0,0,0,0,0,0,0,0,0,0,0,0,0,0,0,0,0,0,0,0,0,0,0,0,0,0,0,0,0,0,0,0,0,0,0,0,0,0,0,0,0,0,0,0,0,0,0,0,0,0,0,0,0,0,0,0,0,0,0,0,0,0,0,0,0,0,0,0,0,0,0,0,0,0,0,0,0,0,0,0,0,0,0,0,0,0,0,0,0,0,0,0,0,0,0,0,0,0,0,0,0,0,0,0,0,0,0,0,0,0,0,0,0,0,0,0,0,0,0,0,0,0,0,0,0,0,0,0,0,0,0,0,0,0,0,0,0,0,0,0,0,0,0,0,0,0,0,0,0,0,0,0,0,0,0,0,0,0,0,0,0,0,0,0,0,0,0,0,0,0,0,0,0,0,0,0,0,0,0,0,0,0,0,0,0,0,0,0,0,0,0,0,0,0,0,0,0,0,0,0,0,0,0,0,0,0,0,0,0,0,0,0,0,0,0,0,0,0,0,0,0,0,0,0,0,0,0,0,0,0,0,0,0,0,0,0,0,0,0,0,0,0,0,0,0,0,0,0,0,0,0,0,0,0,0,0,0,0,0,0,0,0,0,0,0,0,0,0,0,0,0,0,0,0,0,0,0,0,0,0,0,0,0,0,0,0,0,0,0,0,0,0,0,0,0,0,0,0,0,0,0,0,0,0,0,0,0,0,0,0,0,0,0,0,0,0,0,0,0
Susceptible{9},950,950,944,944,938,938,931,931,924,924,917,917,908,900,900,888,888,877,877,864,864,848,828,828,805,805,777,777,777,741,741,741,695,695,695,695,630,630,630,630,630,630,630,630,517,517,517,517,517,517,517,517,517,517,517,517,517,517,517,517,517,517,517,517,517,517,517,517,117,117,117,100,100,82,82,82,82,65,65,65,55,55,55,55,43,43,43,43,43,26,26,26,26,20,20,20,17,17,17,15,15,15,15,15,15,14,14,14,10,10,10,10,10,10,10,10,8,8,8,7,7,7,5,5,5,5,5,4,4,3,3,3,3,3,3,2,1,1,1,1,1,1,1,1,1,1,1,1,1,1,1,1,1,1,1,1,1,1,1,1,1,0,0,0,0,0,0,0,0,0,0,0,0,0,0,0,0,0,0,0,0,0,0,0,0,0,0,0,0,0,0,0,0,0,0,0,0,0,0,0,0,0,0,0,0,0,0,0,0,0,0,0,0,0,0,0,0,0,0,0,0,0,0,0,0,0,0,0,0,0,0,0,0,0,0,0,0,0,0,0,0,0,0,0,0,0,0,0,0,0,0,0,0,0,0,0,0,0,0,0,0,0,0,0,0,0,0,0,0,0,0,0,0,0,0,0,0,0,0,0,0,0,0,0,0,0,0,0,0,0,0,0,0,0,0,0,0,0,0,0,0,0,0,0,0,0,0,0,0,0,0,0,0,0,0,0,0,0,0,0,0,0,0,0,0,0,0,0,0,0,0,0,0,0,0,0,0,0,0,0,0,0,0,0,0,0,0,0,0,0,0,0,0,0,0,0,0,0,0,0,0,0,0,0,0,0,0,0,0,0,0,0,0,0,0,0,0,0,0,0,0,0,0,0,0,0,0,0,0,0,0,0,0,0,0,0,0,0,0,0,0,0,0,0,0,0,0,0,0,0,0,0,0,0,0,0,0,0,0,0,0,0,0,0,0,0,0,0,0,0,0,0,0,0,0,0,0,0,0,0,0,0,0,0,0,0,0,0,0,0,0,0,0,0,0,0,0,0,0,0,0,0,0,0,0,0,0,0,0,0,0,0,0,0,0,0,0,0,0,0,0,0,0,0,0,0,0,0,0,0,0,0,0,0,0,0,0,0,0,0,0,0,0,0,0,0,0,0,0,0,0,0,0,0,0,0,0,0,0,0,0,0,0,0,0,0,0,0,0,0,0,0,0,0,0,0,0,0,0,0,0,0,0,0,0,0,0,0,0,0,0,0,0,0,0,0,0,0,0,0,0,0,0,0,0,0,0,0,0,0,0,0,0,0,0,0,0,0,0,0,0,0,0,0,0,0,0,0,0,0,0,0,0,0,0,0,0,0,0,0,0,0,0,0,0,0,0,0,0,0,0,0,0,0,0,0,0,0,0,0,0,0,0,0,0,0,0,0,0,0,0,0,0,0,0,0,0,0,0,0,0,0,0,0,0,0,0,0,0,0,0,0,0,0,0,0,0,0,0,0,0,0,0,0,0,0,0,0,0,0,0,0,0,0,0,0,0,0,0,0,0,0,0,0,0,0,0,0,0,0,0,0,0,0,0,0,0,0,0,0,0,0,0,0,0,0,0,0,0,0,0,0,0,0,0,0,0,0,0,0,0,0,0,0,0,0,0,0,0,0,0,0,0,0,0,0,0,0,0,0,0,0,0,0,0,0,0,0,0,0,0,0,0,0,0,0,0,0,0,0,0,0,0,0,0,0,0,0,0,0,0,0,0,0,0,0,0,0,0,0,0,0,0,0,0,0,0,0,0,0,0,0,0,0,0,0,0,0,0,0,0,0,0,0,0,0,0,0,0,0,0,0,0,0,0,0,0,0,0,0,0,0,0,0,0,0,0,0,0,0,0,0,0,0,0,0,0,0,0,0,0,0,0,0,0,0,0,0,0,0,0,0,0,0,0,0,0,0,0,0,0,0,0,0,0,0,0,0,0,0,0,0,0,0,0,0,0,0,0,0,0,0,0,0,0,0,0,0,0,0,0,0,0,0,0,0,0,0,0,0,0,0,0,0,0,0,0,0,0,0,0,0,0,0,0,0,0,0,0,0,0,0,0,0,0,0,0,0,0,0,0,0,0,0,0,0,0,0,0,0,0,0,0,0,0,0,0,0,0,0,0,0,0,0,0,0,0,0,0,0,0,0,0,0,0,0,0,0,0,0,0,0,0,0,0,0,0,0,0,0,0,0,0,0,0,0,0,0,0,0,0,0,0,0,0,0,0,0,0,0
Infected{0},50,50,50,56,56,63,63,71,80,90,90,90,90,90,102,102,116,116,128,128,143,143,159,159,159,159,184,184,215,215,215,252,252,296,296,296,296,354,354,354,354,354,354,354,354,452,452,452,452,452,452,452,452,452,452,452,452,452,452,452,452,452,452,452,452,452,452,452,788,788,788,796,796,796,798,798,798,807,807,807,807,807,807,807,799,799,799,794,794,794,794,785,785,785,777,777,777,777,777,777,774,769,769,764,764,760,760,755,750,745,740,740,733,733,731,728,725,719,713,713,713,707,701,701,698,695,692,689,686,680,677,677,671,668,668,662,662,656,647,647,644,641,638,635,632,629,626,625,623,621,617,613,611,609,607,601,599,597,593,590,589,583,573,570,568,566,562,561,561,561,561,561,561,561,561,561,561,561,561,561,561,561,561,561,561,561,561,561,561,505,505,505,505,505,505,505,505,505,505,505,505,505,505,505,505,505,505,505,505,455,455,455,455,455,455,455,455,455,455,455,455,455,455,455,455,455,455,455,455,455,455,455,410,410,410,410,410,410,410,410,410,410,410,410,410,410,410,410,410,410,410,410,410,410,369,369,369,369,369,369,369,369,369,369,369,369,369,369,369,369,333,333,333,333,333,333,333,333,333,333,333,333,333,333,333,333,333,300,300,300,300,300,300,300,300,300,300,300,300,300,300,300,300,300,300,300,300,300,300,300,300,300,300,300,300,300,300,300,300,300,270,270,270,270,270,270,270,270,270,270,270,270,270,270,270,270,243,243,243,243,243,243,243,243,243,243,243,243,243,243,243,243,243,243,219,219,219,219,219,219,219,219,219,219,219,219,219,219,219,219,198,198,198,198,198,198,198,198,198,198,198,198,198,198,198,198,198,198,198,198,179,179,179,179,179,179,179,179,179,179,179,179,179,179,179,179,179,179,179,179,162,162,162,162,162,162,162,162,162,162,162,162,162,146,146,146,146,146,146,146,146,146,146,146,146,146,146,146,146,146,132,132,132,132,132,132,132,132,132,132,132,132,132,132,132,132,132,119,119,119,119,119,119,119,119,119,119,119,119,119,108,108,108,108,108,108,108,108,108,108,108,108,108,108,108,108,108,108,108,108,108,108,108,108,108,108,108,108,108,108,108,108,108,98,98,98,98,98,98,98,98,98,98,98,98,98,98,98,89,89,89,89,89,89,89,89,89,89,89,89,89,89,89,81,81,81,81,81,81,81,81,81,81,81,81,81,73,73,73,73,73,73,73,73,73,73,73,73,73,73,73,73,73,73,73,73,73,73,66,66,66,66,66,66,66,66,66,66,66,66,66,66,60,60,60,60,60,60,60,60,60,60,60,60,60,60,54,54,54,54,54,54,54,54,54,54,54,54,54,54,54,54,49,49,49,49,49,49,49,49,49,49,49,49,45,45,45,45,45,45,45,45,45,45,41,41,41,41,41,41,41,41,41,41,41,37,37,37,37,37,37,37,37,37,37,37,37,37,37,37,34,34,34,34,34,34,34,31,31,31,31,31,31,31,31,31,31,31,31,31,31,31,31,31,31,31,31,28,28,28,28,28,28,28,28,26,26,26,26,26,26,26,26,26,26,24,24,24,24,24,24,24,24,24,24,22,20,20,20,20,20,20,20,20,20,20,18,18,18,18,18,18,18,17,16,15,15,15,15,15,15,15,15,15,15,15,15,15,15,15,14,14,14,14,14,14,14,14,14,14,13,13,13,13,12,12,12,12,12,12,11,11,11,11,11,11,11,11,11,11,11,11,11,11,11,11,11,11,11,11,11,11,11,11,11,11,11,11,11,11,11,11,11,11,11,11,11,11,11,11,11,11,10,10,10,10,9,9,9,9,9,9,9,9,9,9,9,9,7,7,7,7,7,7,7,7,7,7,7,7,7,7,7,7,7,7,7,7,7,7,7,7,7,7,7,7,7,7,7,7,7,7,7,7,7,7,7,6,6,6,6,6,6,6,6,6,6,6,6,6,6,6,6,6,6,6,6,6,6,6,6,6,6,5,5,4,4,4,4,4,4,4,4,4,4,4,4,4,4,4,4,4,4,4,4,4,4,4,4,4,4,4,4,4,4,4,4,4,4,4,4,4,4,4,4,4,4,4,4,4,4,4,4,4,4,4,4,4,4,4,4,4,4,4,4,4,4,4,4,4,4,4,4,4,4,4,4,4,4,4,4,4,4,4,4,4,4,4,4,3,3,3,2,2,2,2,2,2,2,2,2,2,2,2,2,2,2,2,2,2
Infected{1},50,50,56,56,61,61,67,71,78,78,88,88,98,98,98,111,111,127,127,141,141,160,160,179,179,209,209,209,241,241,241,241,281,281,281,281,339,339,339,339,339,339,339,339,434,434,434,434,434,434,434,434,434,434,434,434,434,434,434,434,434,434,434,434,434,434,434,780,780,800,800,800,802,802,802,805,805,805,805,810,810,810,808,808,808,808,808,808,807,807,807,807,807,798,798,798,791,791,781,781,773,773,763,763,755,755,748,748,742,739,734,729,719,714,714,714,711,703,697,696,692,688,684,682,677,672,667,664,660,656,652,650,648,643,637,634,633,630,628,624,624,624,624,624,624,624,624,624,624,624,624,624,624,624,624,624,624,624,624,624,624,624,624,562,562,562,562,562,562,562,562,562,562,562,562,562,562,562,562,562,562,562,562,506,506,506,506,506,506,506,506,506,506,506,506,506,506,506,506,506,506,506,456,456,456,456,456,456,456,456,456,456,456,456,456,456,456,456,411,411,411,411,411,411,411,411,411,411,411,411,411,411,411,411,411,411,411,411,411,411,411,411,370,370,370,370,370,370,370,370,370,370,370,370,370,370,370,370,370,370,333,333,333,333,333,333,333,333,333,333,333,333,333,333,333,333,333,333,333,333,300,300,300,300,300,300,300,300,300,300,300,300,300,300,300,300,300,300,300,300,300,300,300,300,300,300,300,300,300,300,300,270,270,270,270,270,270,270,270,270,270,270,270,270,243,243,243,243,243,243,243,243,243,243,243,243,243,243,243,243,243,243,243,243,219,219,219,219,219,219,219,219,219,219,219,219,219,219,219,219,219,219,219,219,219,198,198,198,198,198,198,198,198,198,198,198,198,198,198,198,198,198,198,198,198,179,179,179,179,179,179,179,179,179,179,179,179,179,179,179,179,162,162,162,162,162,162,162,162,162,162,162,162,162,162,162,162,162,162,162,162,162,162,162,162,162,162,146,146,146,146,146,146,146,146,146,146,146,146,146,146,146,146,146,132,132,132,132,132,132,132,132,132,132,132,132,132,132,132,132,132,132,132,132,119,119,119,119,119,119,119,119,119,119,119,119,119,119,119,119,119,119,108,108,108,108,108,108,108,108,108,108,108,108,98,98,98,98,98,98,98,98,98,98,98,98,98,98,89,89,89,89,89,89,89,89,89,89,89,89,89,89,89,89,89,89,89,89,89,81,81,81,81,81,81,81,81,81,81,81,81,81,81,81,81,81,81,81,81,81,73,73,73,73,73,73,73,73,73,73,73,73,73,73,73,73,73,73,73,73,73,73,73,73,66,66,66,66,66,66,66,66,66,66,66,66,66,60,60,60,60,60,60,60,60,60,60,60,60,60,60,60,60,60,60,60,60,60,60,60,60,60,60,54,54,54,54,54,54,54,54,54,54,54,54,54,54,54,54,54,54,54,54,54,54,54,54,54,54,54,54,54,49,49,49,49,49,49,49,45,45,45,45,45,45,45,45,45,45,45,41,41,41,41,41,41,41,41,41,37,37,37,37,37,37,37,37,34,34,34,34,34,34,34,34,34,31,31,31,31,31,31,31,31,31,31,28,28,28,26,26,26,26,26,26,26,26,26,26,26,26,26,26,26,26,26,26,26,26,26,26,26,26,26,26,26,26,26,26,26,26,26,26,26,24,24,24,24,24,24,24,24,24,24,24,24,24,24,24,22,22,22,22,22,22,22,22,22,22,22,22,22,22,22,22,22,22,22,22,22,22,22,22,22,22,22,22,22,22,22,22,22,22,22,22,22,22,22,22,22,22,22,22,22,22,20,20,20,20,20,20,20,20,20,20,20,20,18,18,18,18,18,18,17,16,16,16,16,16,16,16,16,16,16,16,16,16,16,16,16,16,16,16,16,16,16,16,16,16,16,15,15,15,15,15,15,15,15,15,15,15,15,15,15,15,15,15,15,15,15,15,15,15,15,15,15,15,15,15,15,15,15,15,15,15,15,15,15,15,15,14,14,14,14,14,13,13,13,13,13,13,13,13,13,13,13,13,13,13,13,13,13,13,13,13,13,13,13,13,13,13,13,13,13,13,13,13,13,12,12,12,12,12,12,12,12,12,12,12,12,12,12,12,12,12,12,12,12,12,12,12,12,12,12,12,12,12,12,12,12,12,11,11,11,11,11,11,11,11,11,11,11,11,11,11,11,11,11,11,11,11,11,11,11,11,11,11,11,11,11,11,11,11,11,11,11,11,11,11,11,11,11,11,11,11,11,11,11,11,11
Infected{2},50,50,54,54,54,59,66,72,72,81,92,92,102,116,116,128,128,145,145,155,155,155,175,175,196,196,224,224,224,257,257,257,257,299,299,299,299,367,367,367,367,367,367,367,367,367,367,486,486,486,486,486,486,486,486,486,486,486,486,486,486,486,699,699,699,727,727,727,737,737,741,741,741,756,756,756,765,765,765,766,766,766,766,774,774,774,774,774,774,774,774,774,774,765,765,765,765,756,756,756,756,756,748,748,748,748,748,736,736,736,736,727,718,718,718,710,703,703,699,699,690,690,683,683,679,679,675,670,667,667,664,661,661,657,653,649,645,643,642,641,640,636,635,630,626,622,619,618,615,611,605,601,599,598,593,594,594,594,594,594,594,594,594,594,594,594,594,594,594,594,594,594,594,594,594,594,535,535,535,535,535,535,535,535,535,535,535,535,535,535,535,535,535,535,535,482,482,482,482,482,482,482,482,482,482,482,482,482,482,482,482,482,482,482,434,434,434,434,434,434,434,434,434,434,434,434,434,434,434,434,434,434,434,434,434,434,434,391,391,391,391,391,391,391,391,391,391,391,391,391,391,391,391,391,391,352,352,352,352,352,352,352,352,352,352,352,352,352,352,352,352,352,352,352,352,352,352,352,352,317,317,317,317,317,317,317,317,317,317,317,317,317,317,317,317,317,317,317,286,286,286,286,286,286,286,286,286,286,286,286,286,286,286,258,258,258,258,258,258,258,258,258,258,258,258,258,258,258,258,258,258,258,258,258,258,258,258,233,233,233,233,233,233,233,233,233,233,233,233,233,233,233,233,233,233,233,233,210,210,210,210,210,210,210,210,210,210,210,210,210,210,210,210,210,210,189,189,189,189,189,189,189,189,189,189,189,189,189,189,189,189,189,171,171,171,171,171,171,171,171,171,171,171,171,171,171,171,171,171,171,154,154,154,154,154,154,154,154,154,154,154,154,154,154,154,154,154,154,154,154,154,154,154,154,154,154,154,139,139,139,139,139,139,139,139,139,139,139,139,126,126,126,126,126,126,126,126,126,126,126,126,126,126,126,126,126,126,126,126,126,126,114,114,114,114,114,114,114,114,114,114,114,114,114,114,114,114,114,114,114,114,103,103,103,103,103,103,103,103,103,103,103,93,93,93,93,93,93,93,93,93,93,93,93,93,93,93,93,84,84,84,84,84,84,84,84,84,84,84,84,84,84,84,84,84,84,76,76,76,76,76,76,76,76,76,76,76,69,69,69,69,69,69,69,69,69,69,69,69,69,69,69,69,69,69,69,69,69,63,63,63,63,63,63,63,63,63,63,63,63,63,63,63,57,57,57,57,57,57,52,52,52,52,52,52,52,47,47,47,47,47,47,47,47,47,47,47,47,47,47,47,47,47,47,47,47,43,43,43,43,43,43,43,43,43,43,43,43,43,43,43,43,43,43,43,43,43,43,43,43,43,39,39,39,39,36,36,36,36,36,36,36,36,36,36,36,36,36,36,36,33,33,33,33,33,33,33,33,30,30,30,30,30,30,30,30,30,30,30,27,27,27,27,27,27,27,27,27,27,27,27,27,27,27,27,27,27,27,27,27,27,27,27,27,27,27,27,27,27,25,25,25,25,25,25,25,25,25,25,25,25,25,25,25,25,25,25,25,23,23,23,23,23,23,23,23,23,23,23,23,23,23,23,23,23,23,23,23,23,23,23,23,23,23,23,23,23,23,21,21,21,21,18,18,17,17,17,17,17,17,17,17,17,17,17,17,17,17,17,17,17,17,17,17,17,17,17,17,17,17,17,17,17,17,17,17,17,17,17,17,16,15,15,15,15,15,15,15,14,14,14,14,14,14,14,14,14,14,14,14,14,14,14,14,14,14,14,14,14,14,14,14,13,13,13,12,12,12,12,12,12,12,12,12,12,12,12,12,12,12,12,12,11,11,11,11,11,10,10,10,10,10,10,10,10,10,10,10,10,10,10,10,10,10,10,10,10,9,9,9,9,9,9,9,9,9,9,9,9,9,9,9,9,9,9,9,9,9,9,9,9,9,9,9,9,9,9,9,9,9,9,9,9,9,9,9,9,9,9,9,9,9,9,9,9,9,9,9,9,9,9,9,9,9,9,9,9,9,9,9,9,9,9,8,8,8,7,7,7,7,7,7,7,7,7,7,7,7,6,6,6,6,6,6,6,6,6,6,6,6,6,6,6,6,6,6,6,5,5,5,5,5,5,5,5,5,5,5,5,5,5,5,5,5,5,5,5,5,5,5
Infected{3},50,50,63,63,63,69,69,74,74,82,82,93,93,106,117,117,132,132,149,149,149,149,170,170,187,187,187,215,215,215,249,249,249,249,291,291,291,291,354,354,354,354,354,354,354,354,464,464,464,464,464,464,464,464,464,464,464,464,464,464,464,464,464,464,464,464,464,464,464,464,464,828,828,828,839,839,839,837,837,837,833,833,833,833,833,820,820,820,811,811,811,811,796,796,796,790,790,790,784,784,777,777,771,766,766,764,764,759,753,747,741,738,735,732,729,726,720,714,711,708,706,700,696,692,688,686,682,676,672,668,666,664,660,658,654,650,650,648,644,640,638,638,634,632,630,624,618,614,612,610,606,602,594,590,588,584,584,580,580,578,574,572,564,558,556,554,552,552,546,542,542,540,536,536,533,529,526,524,521,514,514,513,512,510,509,507,506,502,500,496,493,493,493,489,488,483,478,476,473,469,464,464,463,462,457,455,453,453,449,444,442,439,438,435,433,432,431,431,431,431,431,431,431,431,431,431,431,431,431,431,431,431,431,431,431,431,431,431,388,388,388,388,388,388,388,388,388,388,388,388,388,388,388,388,388,388,350,350,350,350,350,350,350,350,350,350,350,350,350,350,350,350,350,350,315,315,315,315,315,315,315,315,315,315,315,315,315,315,315,315,284,284,284,284,284,284,284,284,284,284,284,284,284,284,284,284,284,284,284,284,284,284,284,256,256,256,256,256,256,256,256,256,256,256,256,256,256,256,256,231,231,231,231,231,231,231,231,231,231,231,231,231,231,231,231,231,231,231,231,231,231,208,208,208,208,208,208,208,208,208,208,208,208,208,208,208,208,208,208,208,188,188,188,188,188,188,188,188,188,188,188,188,188,188,188,188,188,188,188,188,188,170,170,170,170,170,170,170,170,170,170,170,170,170,170,170,170,170,170,170,170,170,170,170,153,153,153,153,153,153,153,153,153,153,153,153,153,153,153,153,153,153,153,153,153,153,153,153,153,153,138,138,138,138,138,138,138,138,138,138,125,125,125,125,125,125,125,125,125,125,125,125,125,125,125,125,125,125,125,125,125,113,113,113,113,113,113,113,113,113,113,113,113,113,113,113,113,113,113,102,102,102,102,102,102,102,102,102,102,102,102,102,102,102,102,92,92,92,92,92,92,92,92,92,92,92,92,92,92,83,83,83,83,83,83,83,83,83,83,83,83,83,83,83,83,83,83,83,75,75,75,75,75,75,75,75,75,75,75,75,75,75,75,75,75,68,68,68,68,68,68,68,68,68,68,68,68,62,62,62,62,62,62,62,62,62,56,56,56,56,56,56,56,56,56,56,51,51,51,51,51,51,51,51,51,51,51,51,51,51,51,51,51,51,51,51,51,46,46,46,46,42,42,42,42,42,42,42,42,42,42,42,42,42,42,42,42,42,42,42,42,42,42,38,38,38,38,38,38,38,38,38,38,35,35,35,35,35,35,35,35,35,35,35,35,35,32,32,32,32,32,32,32,32,32,32,32,32,29,29,29,29,29,29,29,29,29,29,29,29,29,29,29,27,27,27,27,27,27,27,25,25,25,25,25,25,25,25,25,25,25,25,25,23,23,23,23,23,23,23,23,23,23,23,23,23,23,23,23,23,23,23,23,23,23,23,21,21,21,21,21,21,21,21,21,21,21,21,21,21,21,21,21,21,21,21,21,21,21,21,21,21,21,21,21,21,21,21,21,21,21,21,19,18,18,18,18,18,18,18,18,18,18,18,18,18,18,18,18,18,18,18,18,18,18,18,18,18,17,17,17,17,16,16,16,16,16,16,16,16,16,16,16,16,16,16,16,16,16,16,16,16,16,16,16,16,16,15,15,15,15,15,15,15,15,13,13,13,13,13,13,13,13,13,13,13,13,13,13,13,13,13,13,13,13,13,13,13,13,13,13,13,13,13,13,13,13,13,13,13,13,13,13,12,12,12,12,12,12,12,12,12,12,12,12,12,11,11,11,11,11,11,11,11,11,11,11,11,11,11,11,11,11,11,11,11,11,11,11,11,11,11,11,10,10,10,10,10,10,10,10,10,10,10,10,10,10,10,10,10,10,10,10,9,9,9,9,9,9,9,9,9,9,9,9,9,9,9,9,9,9,9,8,8,8,8,8,8,8,8,8,8,8,8,8,8,8,7,7,7,7,7,7,7,7,7,7,7,7,7,7,7,7,7,7,7,7,7,7,7,7,7,7,7,7,7,7,7,7,7,7,7,7,7,7,7,7,7,7,7
Infected{4},50,50,56,56,56,56,61,61,67,67,73,80,90,90,90,102,102,116,116,128,128,145,145,145,165,189,189,189,217,217,217,253,253,300,300,300,300,365,365,365,365,365,365,365,365,365,498,498,498,498,498,498,498,498,498,498,498,498,498,498,498,498,498,498,752,752,767,767,784,784,784,792,792,805,805,805,814,814,814,814,820,820,820,818,818,818,818,818,805,805,805,805,795,795,795,795,795,795,786,786,786,773,773,766,766,757,757,757,753,753,742,742,738,738,728,728,723,718,713,713,708,705,693,689,687,687,681,677,675,671,666,666,667,667,667,667,667,667,667,667,667,667,667,667,667,667,667,667,667,667,667,667,667,601,601,601,601,601,601,601,601,601,601,601,601,601,601,601,601,601,541,541,541,541,541,541,541,541,541,541,541,541,541,541,541,541,541,541,541,541,541,541,541,541,541,487,487,487,487,487,487,487,487,487,487,487,487,487,487,487,487,487,487,439,439,439,439,439,439,439,439,439,439,439,439,439,439,439,439,396,396,396,396,396,396,396,396,396,396,396,396,396,396,396,396,396,396,357,357,357,357,357,357,357,357,357,357,357,357,357,357,357,357,357,357,357,357,357,357,357,357,322,322,322,322,322,322,322,322,322,322,322,322,322,322,322,322,322,322,322,322,322,322,322,322,322,322,322,290,290,290,290,290,290,290,290,290,290,290,290,290,290,290,290,290,290,290,290,290,290,261,261,261,261,261,261,261,261,261,261,261,261,261,261,261,261,235,235,235,235,235,235,235,235,235,235,235,235,235,235,235,235,235,235,235,235,235,235,212,212,212,212,212,212,212,212,212,212,212,212,212,212,212,212,191,191,191,191,191,191,191,191,191,191,191,191,191,191,191,191,191,191,191,191,191,191,191,172,172,172,172,172,172,172,172,172,172,172,172,172,172,172,172,155,155,155,155,155,155,155,155,155,155,140,140,140,140,140,140,140,140,140,140,140,140,140,140,140,140,140,140,140,140,140,140,140,140,126,126,126,126,126,126,126,126,126,126,126,126,126,126,126,126,126,126,126,114,114,114,114,114,114,114,114,114,114,114,114,114,114,114,103,103,103,103,103,103,103,103,103,103,103,103,103,103,103,103,103,103,93,93,93,93,93,93,93,93,93,93,93,93,93,93,93,93,84,84,84,84,84,84,84,84,84,84,84,84,84,84,76,76,76,76,76,76,76,76,69,69,69,69,69,69,69,69,69,69,69,69,69,69,69,69,69,69,63,63,63,63,63,63,63,63,63,63,63,63,63,63,63,57,57,57,57,57,57,57,57,57,57,57,57,57,57,57,57,57,57,52,52,52,52,52,52,52,52,52,52,52,52,52,52,47,47,47,47,47,47,47,47,47,47,47,47,47,47,47,47,47,47,47,47,47,47,43,43,43,43,43,43,43,43,43,43,43,43,43,43,43,43,43,43,43,43,43,43,43,43,43,43,43,43,43,43,43,43,43,43,43,43,43,43,43,43,43,43,39,39,39,39,39,39,39,39,39,39,39,39,39,39,39,36,36,36,36,36,36,36,36,36,36,36,36,33,33,33,33,33,33,33,33,33,33,33,33,33,33,33,33,33,33,33,33,33,33,33,33,33,33,33,33,33,33,33,33,33,30,30,30,30,30,30,27,27,27,27,25,23,23,23,23,23,23,23,23,23,23,23,23,21,21,21,21,21,19,19,19,19,19,19,19,19,19,19,19,19,19,19,19,19,19,19,19,19,19,18,17,17,17,17,17,17,17,17,17,17,17,17,17,17,17,17,16,15,15,15,15,15,15,15,15,15,15,15,15,15,15,15,15,15,15,15,15,15,15,15,15,15,15,15,15,15,15,15,15,15,15,15,15,15,15,15,15,15,15,15,15,15,15,15,15,15,15,15,15,15,15,15,15,15,15,15,15,15,14,13,13,13,13,13,13,13,13,13,13,13,13,13,13,13,13,13,13,13,13,13,13,13,13,13,13,13,13,13,13,13,13,12,12,12,12,12,12,11,11,11,11,11,11,11,11,11,11,11,11,11,11,11,11,11,11,11,10,10,10,10,10,10,10,10,10,10,10,10,10,10,10,10,10,10,10,10,10,10,10,10,10,10,10,10,10,10,10,10,10,10,10,10,10,10,10,10,10,10,10,10,10,10,10,10,10,10,10,10,10,10,10,10,10,10,10,10,10,10,10,10,10,10,10,10,10,10,10,10,10,10,10,10,10,10,10,10,10,10,10,10,10,10,10,10
Infected{5},50,50,50,50,54,54,61,61,69,69,69,78,78,88,88,94,94,94,105,105,118,118,135,135,149,149,149,168,168,168,191,191,220,220,220,253,253,253,253,294,294,294,294,355,355,355,355,355,355,355,355,474,474,474,474,474,474,474,474,474,474,474,474,474,474,474,474,474,474,474,474,474,474,474,474,824,824,822,822,822,822,816,816,816,808,808,808,808,790,790,790,790,790,790,775,775,775,775,775,775,768,768,768,758,758,758,745,745,745,745,738,738,734,734,729,723,719,716,716,714,714,705,702,696,690,685,683,679,678,673,669,667,661,656,653,649,647,644,644,642,638,633,633,633,633,633,633,633,633,633,633,633,633,633,633,633,633,633,633,570,570,570,570,570,570,570,570,570,570,570,570,570,570,570,570,570,570,570,570,570,513,513,513,513,513,513,513,513,513,513,513,513,513,513,513,462,462,462,462,462,462,462,462,462,462,462,462,462,462,462,462,462,462,462,462,416,416,416,416,416,416,416,416,416,416,416,416,416,416,416,416,375,375,375,375,375,375,375,375,375,375,375,375,375,375,375,375,375,375,375,338,338,338,338,338,338,338,338,338,338,338,338,338,338,338,338,338,338,338,305,305,305,305,305,305,305,305,305,305,305,305,305,305,305,305,305,305,275,275,275,275,275,275,275,275,275,275,275,275,275,275,248,248,248,248,248,248,248,248,248,248,248,248,248,248,248,248,248,248,248,248,224,224,224,224,224,224,224,224,224,224,224,224,224,224,224,224,224,224,224,224,224,224,224,224,224,202,202,202,202,202,202,202,202,202,202,202,202,202,202,202,202,202,202,202,202,202,202,202,202,182,182,182,182,182,182,182,182,182,182,182,182,182,182,182,182,164,164,164,164,164,164,164,164,164,164,164,164,164,164,164,148,148,148,148,148,148,148,148,148,148,148,148,148,148,148,148,148,148,148,134,134,134,134,134,134,134,134,134,134,134,134,134,134,134,134,134,134,134,121,121,121,121,121,121,121,121,121,121,121,121,121,121,121,121,121,121,121,121,121,109,109,109,109,109,109,109,109,109,109,109,109,109,109,109,109,109,99,99,99,99,99,99,99,99,99,99,99,99,99,99,90,90,90,90,90,90,90,90,90,90,90,90,90,90,90,90,90,90,90,90,90,81,81,81,81,81,81,81,81,81,81,81,81,81,81,81,81,81,81,81,81,73,73,73,73,73,73,73,73,73,73,73,73,73,73,73,73,73,73,73,73,73,73,73,73,73,66,66,66,66,66,66,66,66,66,66,66,66,66,66,66,66,66,66,66,66,66,66,60,60,60,60,60,60,60,60,60,60,60,60,60,60,60,60,60,60,60,60,60,54,54,54,54,54,54,54,54,54,54,54,54,54,54,54,54,54,54,54,54,54,54,54,54,54,54,54,49,49,49,49,49,49,49,49,49,49,49,49,49,49,45,45,45,45,45,45,45,45,45,45,45,45,45,45,45,41,41,41,41,41,41,41,41,41,41,41,41,41,41,41,41,41,41,41,41,41,41,41,41,41,41,41,41,41,37,37,37,37,37,37,37,37,37,37,37,37,37,37,37,37,37,37,37,34,34,34,34,34,34,34,34,34,34,34,34,34,34,34,34,34,34,34,34,34,34,34,34,34,34,34,34,34,34,34,34,34,34,34,34,31,31,31,31,31,31,31,31,31,31,31,31,31,31,31,31,31,31,31,31,31,31,31,28,28,28,28,28,28,28,28,28,28,28,28,28,28,28,28,28,26,26,26,26,26,26,26,26,26,26,26,26,26,26,24,24,24,24,24,24,24,24,24,24,24,24,24,24,24,24,24,24,24,24,24,24,24,24,24,22,22,22,20,20,20,20,20,20,20,20,20,18,18,18,17,17,17,17,17,17,17,17,17,17,17,17,17,17,17,17,17,17,16,16,15,15,15,15,15,14,14,14,14,14,14,14,14,14,14,14,14,14,14,14,14,13,13,13,13,13,13,13,12,12,12,12,12,12,12,12,11,11,11,11,11,11,11,11,11,11,11,11,11,11,11,11,11,11,11,11,11,11,11,11,11,11,11,11,11,11,11,11,11,11,11,11,11,11,11,11,11,11,11,11,11,11,11,11,11,11,11,10,10,10,10,10,10,10,10,10,9,9,9,9,9,9,9,9,9,8,8,8,8,8,8,8,8,8,8,7,7,7,7,7,7,7,7,7,7,6,6,6,5,5,5,5,5,5,5,5,5,5,5,5,5,5,5,5,4,4
Infected{6},50,56,56,63,69,69,69,76,76,82,82,93,93,106,106,117,117,117,132,149,149,149,168,168,187,187,187,215,215,215,253,253,253,298,298,298,298,365,365,365,365,365,365,365,365,365,491,491,491,491,491,491,491,491,491,491,491,491,491,491,491,491,491,731,731,731,751,751,760,760,760,760,776,776,781,781,781,782,782,780,780,780,782,782,782,782,782,786,786,786,786,786,779,779,779,779,766,766,751,751,751,751,741,741,732,732,732,723,723,723,713,705,705,705,698,698,692,692,685,685,682,682,677,677,677,674,674,668,665,662,659,656,656,653,647,644,641,640,638,634,632,626,626,626,624,622,612,610,608,604,598,598,594,591,590,588,585,582,579,576,574,569,563,561,558,555,552,549,547,543,538,537,531,530,530,526,525,523,521,519,518,518,518,518,518,518,518,518,518,518,518,518,518,518,518,518,518,518,518,518,518,467,467,467,467,467,467,467,467,467,467,467,467,467,467,467,467,467,467,467,467,467,467,467,467,467,421,421,421,421,421,421,421,421,421,421,421,421,421,421,421,421,421,421,421,421,379,379,379,379,379,379,379,379,379,379,379,379,379,379,379,379,379,379,379,379,379,342,342,342,342,342,342,342,342,342,342,342,342,342,342,342,342,342,342,342,342,342,308,308,308,308,308,308,308,308,308,308,308,308,308,308,308,308,308,308,308,308,308,308,308,308,278,278,278,278,278,278,278,278,278,278,278,278,278,278,278,278,278,278,278,278,251,251,251,251,251,251,251,251,251,251,251,251,251,251,251,251,251,251,226,226,226,226,226,226,226,226,226,226,226,226,226,226,226,226,226,226,204,204,204,204,204,204,204,204,204,204,204,204,204,204,204,204,204,204,204,204,204,204,204,204,204,204,184,184,184,184,184,184,184,184,184,184,184,184,184,184,184,184,184,184,184,184,184,184,184,184,166,166,166,166,166,166,166,166,166,166,166,166,166,166,166,166,150,150,150,150,150,150,150,150,150,150,150,150,150,150,150,150,150,150,150,150,150,135,135,135,135,135,135,135,135,135,135,135,135,135,135,122,122,122,122,122,122,122,122,122,122,122,110,110,110,110,110,110,110,110,110,110,110,110,110,110,110,110,110,110,110,110,110,110,99,99,99,99,99,99,99,99,99,99,99,99,99,99,99,99,99,90,90,90,90,90,90,90,90,90,90,90,90,90,90,81,81,81,81,81,81,81,81,81,81,81,81,81,81,81,81,81,81,81,81,81,81,81,73,73,73,73,73,73,73,73,73,73,73,73,73,66,66,66,66,66,66,66,66,66,66,66,60,60,60,60,60,60,60,60,60,60,60,60,60,60,60,60,60,60,60,54,54,54,54,54,54,54,54,54,54,49,49,49,49,49,49,49,49,49,49,49,49,49,49,49,49,49,49,49,49,49,49,49,49,49,45,45,45,45,45,45,45,45,45,45,45,45,45,45,45,45,45,41,41,41,41,41,41,41,41,41,41,41,41,41,41,41,41,41,41,41,41,37,37,37,37,37,37,37,37,37,37,34,34,34,34,34,34,34,34,34,34,31,31,31,31,31,31,31,31,31,31,31,31,31,31,31,31,31,31,31,31,31,31,31,31,31,31,31,31,31,31,31,31,28,28,28,28,26,26,26,26,26,26,26,26,26,26,26,26,26,26,26,26,26,26,26,26,26,26,26,26,26,26,26,26,26,26,26,26,26,26,26,26,26,26,26,26,26,26,26,26,26,26,26,26,24,24,22,22,22,22,22,22,22,22,22,22,22,22,22,22,22,22,22,22,22,22,22,22,20,20,20,20,20,20,20,18,18,17,17,17,17,17,17,17,17,17,17,17,17,17,17,17,17,17,17,17,17,17,17,17,17,17,17,17,17,17,17,17,17,17,17,17,17,17,17,17,17,17,17,17,17,17,17,17,16,16,15,15,15,15,15,15,15,15,15,15,15,15,15,15,15,15,15,14,14,14,14,14,14,14,14,14,14,14,14,14,14,14,14,14,14,14,14,14,14,13,13,13,13,13,13,13,13,13,13,13,13,13,13,12,12,12,12,12,12,12,12,12,12,12,12,11,11,11,11,11,11,11,11,11,11,11,11,11,11,11,11,11,11,11,11,11,11,11,11,11,11,10,10,10,10,10,10,10,10,10,10,10,10,10,10,10,10,10,9,9,9,9,9,9,9,9,9,9,9,9,9,9,9,9,9,9,9,9,9,9,9,9,9,9,9,9,9,9,9,9,9,9,9
Infected{7},50,54,54,54,61,61,69,69,78,88,88,96,96,96,105,105,118,118,118,135,135,135,149,172,172,196,196,196,226,226,226,263,263,263,263,314,314,314,314,314,314,382,382,382,382,382,382,382,382,382,382,382,528,528,528,528,528,528,528,528,528,652,652,652,652,679,679,679,708,708,708,735,735,735,755,755,755,755,773,773,773,776,776,769,769,770,770,770,770,768,768,768,768,760,760,760,760,760,753,753,753,753,753,736,736,736,736,736,736,729,729,717,717,717,707,707,701,692,692,685,685,685,685,679,679,668,668,666,661,658,655,650,648,644,640,635,632,629,628,628,624,623,619,616,611,606,602,595,596,596,596,596,596,596,596,596,596,596,596,596,596,596,596,596,596,596,596,596,596,537,537,537,537,537,537,537,537,537,537,537,537,537,537,537,537,537,537,537,484,484,484,484,484,484,484,484,484,484,484,484,484,484,484,484,484,436,436,436,436,436,436,436,436,436,436,436,436,436,436,436,436,436,393,393,393,393,393,393,393,393,393,393,393,393,393,393,393,393,393,393,393,393,393,354,354,354,354,354,354,354,354,354,354,354,354,354,354,354,354,354,354,354,319,319,319,319,319,319,319,319,319,319,319,319,319,319,319,319,319,319,319,319,319,319,319,319,288,288,288,288,288,288,288,288,288,288,288,288,288,288,288,288,288,260,260,260,260,260,260,260,260,260,260,260,260,260,260,260,260,260,260,260,234,234,234,234,234,234,234,234,234,234,234,234,234,211,211,211,211,211,211,211,211,211,211,211,211,211,211,211,211,211,211,211,211,211,211,211,211,211,211,211,190,190,190,190,190,190,190,190,190,190,190,190,190,190,190,190,190,190,190,171,171,171,171,171,171,171,171,171,171,171,171,171,171,171,171,171,171,171,154,154,154,154,154,154,154,154,154,154,154,154,154,154,154,154,154,154,154,154,154,154,154,139,139,139,139,139,139,139,139,139,139,139,139,139,139,139,139,139,139,126,126,126,126,126,126,126,126,126,126,126,126,126,126,126,126,114,114,114,114,114,114,114,114,114,114,114,114,114,114,114,114,114,114,114,114,114,114,114,103,103,103,103,103,103,103,103,103,103,103,103,103,103,103,103,93,93,93,93,93,93,93,93,93,93,93,93,93,93,93,93,93,93,93,93,84,84,84,84,84,84,84,84,84,84,84,84,84,84,84,84,84,84,84,84,84,84,84,76,76,76,76,76,76,76,76,76,76,76,76,76,76,76,76,69,69,69,69,69,69,69,69,69,69,69,69,63,63,63,63,63,63,63,63,63,63,63,63,63,63,63,63,63,63,63,63,63,63,63,63,63,63,63,63,63,63,63,63,63,63,63,63,57,57,57,57,57,57,57,57,57,57,57,52,52,52,52,52,52,52,52,52,52,52,52,52,52,52,52,52,52,52,52,52,52,52,52,52,52,52,52,52,52,52,52,52,52,52,52,52,52,47,47,47,47,47,47,47,47,47,47,47,47,47,47,47,47,47,47,47,47,47,47,43,43,43,43,43,43,43,43,43,43,43,43,43,43,43,43,43,39,39,39,39,39,39,39,39,39,39,39,36,36,36,36,36,36,36,36,36,36,36,33,33,33,33,33,33,33,33,33,33,33,33,33,33,33,33,33,33,33,30,30,30,30,30,30,30,27,27,27,27,27,27,27,27,27,27,27,27,27,27,27,25,25,25,25,25,25,25,25,25,25,25,25,25,25,25,25,25,25,25,25,25,23,23,23,23,23,23,23,23,23,23,23,23,23,23,23,23,23,23,23,23,23,23,23,23,23,23,23,23,23,23,23,23,23,23,23,21,21,21,21,19,19,19,19,19,19,19,19,19,19,19,17,17,17,17,17,17,17,17,17,17,17,17,17,17,17,17,17,17,17,17,17,17,17,17,17,17,17,17,16,16,16,16,16,16,15,15,14,14,14,14,14,14,14,14,14,14,14,14,14,14,14,14,14,14,14,13,13,13,13,13,13,13,13,13,13,13,13,13,13,12,12,12,12,12,12,12,12,12,12,12,12,11,11,11,11,11,11,11,10,10,10,10,10,9,9,9,9,9,9,9,9,9,9,9,9,9,9,9,9,9,9,9,9,9,9,9,9,9,9,9,9,9,9,9,8,8,8,8,8,8,8,8,8,8,8,8,8,8,8,8,8,8,8,8,8,8,8,8,8,8,8,8,8,7,7,7,7,6,6,6,6,6,6,6,6,6,6,6,6,6,6,6,6,6,6
Infected{8},50,50,54,61,61,67,67,75,75,85,85,94,94,105,105,120,120,120,135,135,151,151,170,170,170,193,193,222,222,222,256,256,256,256,296,296,296,296,296,352,352,352,352,352,352,352,352,465,465,465,465,465,465,465,465,465,465,465,465,465,465,465,465,465,465,465,465,465,465,465,802,802,802,806,806,806,804,804,804,810,810,810,810,810,802,802,802,802,798,798,798,798,794,794,794,780,780,780,772,772,763,763,761,755,755,749,749,746,740,739,737,731,725,723,719,718,715,712,709,707,705,702,699,698,692,687,688,688,688,688,688,688,688,688,688,688,688,688,688,620,620,620,620,620,620,620,620,620,620,620,620,620,620,620,620,620,620,620,620,558,558,558,558,558,558,558,558,558,558,558,558,558,558,558,558,558,558,558,558,558,558,558,503,503,503,503,503,503,503,503,503,503,503,503,503,503,503,503,503,503,453,453,453,453,453,453,453,453,453,453,453,453,453,453,453,453,453,453,453,453,453,453,408,408,408,408,408,408,408,408,408,408,408,408,408,408,408,408,408,408,408,408,408,408,408,368,368,368,368,368,368,368,368,368,368,368,368,368,368,368,368,368,368,332,332,332,332,332,332,332,332,332,332,332,332,332,332,332,332,332,332,332,332,332,299,299,299,299,299,299,299,299,299,299,299,299,299,299,299,299,299,299,299,299,299,270,270,270,270,270,270,270,270,270,270,270,270,270,270,270,270,270,270,270,243,243,243,243,243,243,243,243,243,243,243,243,243,243,243,243,219,219,219,219,219,219,219,219,219,219,219,219,219,219,219,219,219,219,198,198,198,198,198,198,198,198,198,198,198,198,198,198,198,198,198,198,198,198,198,198,198,198,198,198,179,179,179,179,179,179,179,179,179,179,179,179,179,179,179,179,179,162,162,162,162,162,162,162,162,162,162,162,162,162,162,162,162,162,162,162,162,162,162,162,162,162,162,162,146,146,146,146,146,146,146,146,146,146,146,132,132,132,132,132,132,132,132,132,132,132,132,132,132,132,132,132,132,119,119,119,119,119,119,119,119,119,119,119,119,119,119,119,119,119,119,119,108,108,108,108,108,108,108,108,108,108,108,108,108,108,108,108,108,108,108,108,108,108,108,108,108,108,108,108,98,98,98,98,98,98,98,98,98,98,98,98,98,98,98,98,98,98,98,98,98,98,98,89,89,89,89,89,89,89,89,89,89,89,89,89,89,89,89,89,89,89,89,89,81,81,81,81,81,81,81,81,81,81,81,81,81,81,81,81,73,73,73,73,73,73,73,73,73,73,73,73,73,73,73,73,73,73,73,73,73,73,66,66,66,66,66,66,66,66,66,66,66,66,66,66,66,66,66,66,60,60,60,60,60,60,60,60,60,60,60,60,60,60,60,60,60,60,54,54,54,54,54,54,54,54,54,54,54,54,54,54,54,54,54,54,54,54,54,54,54,54,54,49,49,49,49,49,49,49,49,49,49,49,49,49,49,49,49,49,49,49,45,45,45,45,45,45,45,45,45,45,45,45,41,41,41,41,41,41,41,41,41,41,41,41,41,41,41,41,41,41,41,41,41,41,41,41,41,41,41,41,41,41,41,41,41,41,41,41,41,37,37,37,37,37,37,37,37,37,37,37,37,34,34,34,34,34,34,34,34,34,34,34,34,34,34,34,34,34,34,34,34,34,34,34,34,34,34,34,34,34,31,31,31,31,31,31,31,31,31,31,31,31,31,31,28,28,28,28,28,28,28,28,26,26,26,26,26,26,26,26,26,26,26,26,26,26,26,26,26,26,26,26,26,26,26,26,26,26,26,26,26,24,24,24,24,24,24,24,24,24,24,24,24,24,24,24,24,24,24,24,24,24,24,24,24,24,24,24,24,24,24,24,24,24,24,24,24,24,24,24,22,22,22,22,22,22,22,20,20,20,20,20,20,20,20,20,20,20,20,20,20,20,20,20,20,20,20,20,20,20,18,18,18,18,18,17,17,17,17,16,16,16,16,16,16,16,16,16,15,15,15,15,15,15,15,15,15,15,15,15,15,15,15,14,14,14,14,14,14,14,14,14,14,14,14,14,14,14,14,14,14,14,14,14,14,14,14,14,14,14,14,14,14,14,14,14,14,14,14,14,14,14,14,14,14,14,14,13,13,13,12,12,12,12,12,12,12,12,12,12,12,12,12,12,11,11,11,11,11,11,10,10,10,10,10,10,10,10,10,10,10,10,10,10,10,10,10,10,10,10,10,10,10,10
Infected{9},50,50,56,56,61,61,67,67,73,73,78,78,86,91,91,103,103,111,111,121,121,136,156,156,178,178,205,205,205,240,240,240,284,284,284,284,346,346,346,346,346,346,346,346,450,450,450,450,450,450,450,450,450,450,450,450,450,450,450,450,450,450,450,450,450,450,450,450,800,800,800,804,804,812,812,812,812,819,819,819,813,813,813,813,811,811,811,811,811,818,818,818,818,804,804,804,790,790,790,777,777,777,762,762,762,749,749,749,743,743,733,733,733,733,723,723,717,717,717,711,711,711,708,708,703,698,693,690,686,684,678,675,675,669,666,663,662,656,654,648,645,640,638,633,628,626,623,618,613,612,606,605,603,603,600,596,592,591,588,582,580,580,580,580,580,580,580,580,580,580,580,580,580,580,580,580,580,580,580,580,522,522,522,522,522,522,522,522,522,522,522,522,522,522,522,522,522,522,522,470,470,470,470,470,470,470,470,470,470,470,470,470,470,470,470,470,470,470,470,470,423,423,423,423,423,423,423,423,423,423,423,423,423,423,423,423,423,381,381,381,381,381,381,381,381,381,381,381,381,381,381,381,381,343,343,343,343,343,343,343,343,343,343,343,343,343,343,343,343,343,343,343,343,343,343,343,309,309,309,309,309,309,309,309,309,309,309,309,309,309,309,309,309,309,309,309,279,279,279,279,279,279,279,279,279,279,279,279,279,279,279,279,279,279,279,279,279,252,252,252,252,252,252,252,252,252,252,252,252,252,252,252,252,252,252,252,252,252,252,252,252,252,227,227,227,227,227,227,227,227,227,227,227,227,227,227,227,227,227,227,227,227,227,227,227,227,227,227,205,205,205,205,205,205,205,205,205,205,205,205,205,205,205,205,205,205,205,205,205,205,185,185,185,185,185,185,185,185,185,185,185,185,185,185,185,185,185,167,167,167,167,167,167,167,167,167,167,167,167,167,167,167,167,167,167,151,151,151,151,151,151,151,151,151,151,151,136,136,136,136,136,136,136,136,136,136,136,136,136,136,136,136,136,136,136,123,123,123,123,123,123,123,123,123,123,123,123,123,123,123,123,123,123,123,123,111,111,111,111,111,111,111,111,111,111,111,100,100,100,100,100,100,100,100,100,100,100,90,90,90,90,90,90,90,90,90,90,90,90,90,90,90,90,90,90,90,90,90,90,90,81,81,81,81,81,81,81,81,81,81,73,73,73,73,73,73,73,73,73,73,73,73,73,73,73,73,73,73,73,73,73,66,66,66,66,66,66,66,66,66,66,66,66,66,60,60,60,60,60,60,60,60,60,60,60,60,60,60,60,54,54,54,54,54,54,54,54,54,54,54,54,54,54,54,54,54,54,54,54,54,54,54,54,54,54,54,54,54,54,54,54,54,54,49,49,49,49,49,49,49,49,49,49,49,49,49,49,49,45,45,45,45,45,45,45,45,45,45,45,45,45,45,45,45,45,45,45,45,45,45,45,41,41,41,41,41,41,41,41,41,41,41,41,41,41,41,41,41,37,37,37,37,37,37,37,37,34,34,34,34,34,34,34,34,34,34,34,34,34,34,34,34,34,34,31,31,31,31,31,31,31,31,31,31,31,31,31,31,31,31,31,31,28,28,28,28,28,28,28,26,26,26,26,24,24,24,24,24,24,24,24,24,24,24,24,24,24,24,24,24,24,22,22,22,22,22,22,22,22,22,22,22,22,22,22,22,22,22,22,22,22,22,22,22,22,22,22,22,22,20,20,20,20,20,20,20,20,20,20,20,20,20,20,20,20,20,20,20,20,20,20,20,20,20,20,20,20,20,20,20,20,20,20,20,20,20,20,20,20,20,20,20,20,20,20,20,20,20,20,20,20,20,20,20,20,20,20,20,20,18,18,18,18,18,17,17,17,17,17,17,17,16,15,15,15,15,15,15,15,15,15,14,14,14,14,14,14,14,14,14,14,14,14,14,14,14,14,14,14,14,13,12,12,12,12,12,12,12,12,12,12,12,12,12,12,12,12,12,12,12,12,12,11,11,11,11,11,11,11,11,11,11,11,11,11,11,10,10,10,10,10,10,10,10,10,10,10,10,10,9,9,8,8,8,7,7,7,7,7,7,7,7,7,7,7,7,7,7,7,7,7,7,7,7,7,7,7,7,7,7,7,7,7,7,7,7,7,7,7,7,7,7,7,7,7,7,7,7,7,7,7,7,7,7,7,7,7,7,7,7,7,7,7,7,7,7,7,7,7,7,7,7,7,7,7,7,7,7,7,7
Recovered{0},0,0,0,0,0,0,0,0,0,0,0,0,0,0,0,0,0,0,2,2,4,4,7,7,7,7,7,7,7,7,7,8,8,12,12,12,12,20,20,20,20,20,20,20,20,37,37,37,37,37,37,37,37,37,37,37,37,37,37,37,37,37,37,37,37,37,37,37,95,95,95,106,106,106,119,119,119,128,128,128,128,141,141,141,158,158,158,174,174,174,174,193,193,193,208,208,208,208,208,208,217,224,224,230,230,235,235,240,245,250,255,255,263,263,266,269,272,278,284,284,284,290,296,296,299,302,305,308,311,317,320,320,326,329,329,335,335,341,350,350,353,356,359,362,365,368,371,373,375,377,381,385,387,389,391,397,399,401,405,409,410,416,426,429,431,433,437,439,439,439,439,439,439,439,439,439,439,439,439,439,439,439,439,439,439,439,439,439,439,495,495,495,495,495,495,495,495,495,495,495,495,495,495,495,495,495,495,495,495,545,545,545,545,545,545,545,545,545,545,545,545,545,545,545,545,545,545,545,545,545,545,545,590,590,590,590,590,590,590,590,590,590,590,590,590,590,590,590,590,590,590,590,590,590,631,631,631,631,631,631,631,631,631,631,631,631,631,631,631,631,667,667,667,667,667,667,667,667,667,667,667,667,667,667,667,667,667,700,700,700,700,700,700,700,700,700,700,700,700,700,700,700,700,700,700,700,700,700,700,700,700,700,700,700,700,700,700,700,700,700,730,730,730,730,730,730,730,730,730,730,730,730,730,730,730,730,757,757,757,757,757,757,757,757,757,757,757,757,757,757,757,757,757,757,781,781,781,781,781,781,781,781,781,781,781,781,781,781,781,781,802,802,802,802,802,802,802,802,802,802,802,802,802,802,802,802,802,802,802,802,821,821,821,821,821,821,821,821,821,821,821,821,821,821,821,821,821,821,821,821,838,838,838,838,838,838,838,838,838,838,838,838,838,854,854,854,854,854,854,854,854,854,854,854,854,854,854,854,854,854,868,868,868,868,868,868,868,868,868,868,868,868,868,868,868,868,868,881,881,881,881,881,881,881,881,881,881,881,881,881,892,892,892,892,892,892,892,892,892,892,892,892,892,892,892,892,892,892,892,892,892,892,892,892,892,892,892,892,892,892,892,892,892,902,902,902,902,902,902,902,902,902,902,902,902,902,902,902,911,911,911,911,911,911,911,911,911,911,911,911,911,911,911,919,919,919,919,919,919,919,919,919,919,919,919,919,927,927,927,927,927,927,927,927,927,927,927,927,927,927,927,927,927,927,927,927,927,927,934,934,934,934,934,934,934,934,934,934,934,934,934,934,940,940,940,940,940,940,940,940,940,940,940,940,940,940,946,946,946,946,946,946,946,946,946,946,946,946,946,946,946,946,951,951,951,951,951,951,951,951,951,951,951,951,955,955,955,955,955,955,955,955,955,955,959,959,959,959,959,959,959,959,959,959,959,963,963,963,963,963,963,963,963,963,963,963,963,963,963,963,966,966,966,966,966,966,966,969,969,969,969,969,969,969,969,969,969,969,969,969,969,969,969,969,969,969,969,972,972,972,972,972,972,972,972,974,974,974,974,974,974,974,974,974,974,976,976,976,976,976,976,976,976,976,976,978,980,980,980,980,980,980,980,980,980,980,982,982,982,982,982,982,982,983,984,985,985,985,985,985,985,985,985,985,985,985,985,985,985,985,986,986,986,986,986,986,986,986,986,986,987,987,987,987,988,988,988,988,988,988,989,989,989,989,989,989,989,989,989,989,989,989,989,989,989,989,989,989,989,989,989,989,989,989,989,989,989,989,989,989,989,989,989,989,989,989,989,989,989,989,989,989,990,990,990,990,991,991,991,991,991,991,991,991,991,991,991,991,993,993,993,993,993,993,993,993,993,993,993,993,993,993,993,993,993,993,993,993,993,993,993,993,993,993,993,993,993,993,993,993,993,993,993,993,993,993,993,994,994,994,994,994,994,994,994,994,994,994,994,994,994,994,994,994,994,994,994,994,994,994,994,994,994,995,995,996,996,996,996,996,996,996,996,996,996,996,996,996,996,996,996,996,996,996,996,996,996,996,996,996,996,996,996,996,996,996,996,996,996,996,996,996,996,996,996,996,996,996,996,996,996,996,996,996,996,996,996,996,996,996,996,996,996,996,996,996,996,996,996,996,996,996,996,996,996,996,996,996,996,996,996,996,996,996,996,996,996,996,996,997,997,997,998,998,998,998,998,998,998,998,998,998,998,998,998,998,998,998,998,998
Recovered{1},0,0,0,0,1,1,2,4,5,5,5,5,6,6,6,6,6,6,6,8,8,9,9,12,12,12,12,12,15,15,15,15,19,19,19,19,23,23,23,23,23,23,23,23,32,32,32,32,32,32,32,32,32,32,32,32,32,32,32,32,32,32,32,32,32,32,32,76,76,83,83,83,97,97,97,110,110,110,110,121,121,121,135,135,148,148,148,148,162,162,162,162,162,181,181,181,195,195,207,207,217,217,227,227,236,236,244,244,251,256,261,266,276,281,281,281,285,294,300,302,306,311,315,317,322,327,332,335,339,343,347,349,351,356,362,365,366,369,371,376,376,376,376,376,376,376,376,376,376,376,376,376,376,376,376,376,376,376,376,376,376,376,376,438,438,438,438,438,438,438,438,438,438,438,438,438,438,438,438,438,438,438,438,494,494,494,494,494,494,494,494,494,494,494,494,494,494,494,494,494,494,494,544,544,544,544,544,544,544,544,544,544,544,544,544,544,544,544,589,589,589,589,589,589,589,589,589,589,589,589,589,589,589,589,589,589,589,589,589,589,589,589,630,630,630,630,630,630,630,630,630,630,630,630,630,630,630,630,630,630,667,667,667,667,667,667,667,667,667,667,667,667,667,667,667,667,667,667,667,667,700,700,700,700,700,700,700,700,700,700,700,700,700,700,700,700,700,700,700,700,700,700,700,700,700,700,700,700,700,700,700,730,730,730,730,730,730,730,730,730,730,730,730,730,757,757,757,757,757,757,757,757,757,757,757,757,757,757,757,757,757,757,757,757,781,781,781,781,781,781,781,781,781,781,781,781,781,781,781,781,781,781,781,781,781,802,802,802,802,802,802,802,802,802,802,802,802,802,802,802,802,802,802,802,802,821,821,821,821,821,821,821,821,821,821,821,821,821,821,821,821,838,838,838,838,838,838,838,838,838,838,838,838,838,838,838,838,838,838,838,838,838,838,838,838,838,838,854,854,854,854,854,854,854,854,854,854,854,854,854,854,854,854,854,868,868,868,868,868,868,868,868,868,868,868,868,868,868,868,868,868,868,868,868,881,881,881,881,881,881,881,881,881,881,881,881,881,881,881,881,881,881,892,892,892,892,892,892,892,892,892,892,892,892,902,902,902,902,902,902,902,902,902,902,902,902,902,902,911,911,911,911,911,911,911,911,911,911,911,911,911,911,911,911,911,911,911,911,911,919,919,919,919,919,919,919,919,919,919,919,919,919,919,919,919,919,919,919,919,919,927,927,927,927,927,927,927,927,927,927,927,927,927,927,927,927,927,927,927,927,927,927,927,927,934,934,934,934,934,934,934,934,934,934,934,934,934,940,940,940,940,940,940,940,940,940,940,940,940,940,940,940,940,940,940,940,940,940,940,940,940,940,940,946,946,946,946,946,946,946,946,946,946,946,946,946,946,946,946,946,946,946,946,946,946,946,946,946,946,946,946,946,951,951,951,951,951,951,951,955,955,955,955,955,955,955,955,955,955,955,959,959,959,959,959,959,959,959,959,963,963,963,963,963,963,963,963,966,966,966,966,966,966,966,966,966,969,969,969,969,969,969,969,969,969,969,972,972,972,974,974,974,974,974,974,974,974,974,974,974,974,974,974,974,974,974,974,974,974,974,974,974,974,974,974,974,974,974,974,974,974,974,974,974,976,976,976,976,976,976,976,976,976,976,976,976,976,976,976,978,978,978,978,978,978,978,978,978,978,978,978,978,978,978,978,978,978,978,978,978,978,978,978,978,978,978,978,978,978,978,978,978,978,978,978,978,978,978,978,978,978,978,978,978,978,980,980,980,980,980,980,980,980,980,980,980,980,982,982,982,982,982,982,983,984,984,984,984,984,984,984,984,984,984,984,984,984,984,984,984,984,984,984,984,984,984,984,984,984,984,985,985,985,985,985,985,985,985,985,985,985,985,985,985,985,985,985,985,985,985,985,985,985,985,985,985,985,985,985,985,985,985,985,985,985,985,985,985,985,985,986,986,986,986,986,987,987,987,987,987,987,987,987,987,987,987,987,987,987,987,987,987,987,987,987,987,987,987,987,987,987,987,987,987,987,987,987,987,988,988,988,988,988,988,988,988,988,988,988,988,988,988,988,988,988,988,988,988,988,988,988,988,988,988,988,988,988,988,988,988,988,989,989,989,989,989,989,989,989,989,989,989,989,989,989,989,989,989,989,989,989,989,989,989,989,989,989,989,989,989,989,989,989,989,989,989,989,989,989,989,989,989,989,989,989,989,989,989,989,989
Recovered{2},0,0,1,1,1,2,2,3,3,3,3,3,4,4,4,6,6,7,7,13,13,13,15,15,19,19,22,22,22,27,27,27,27,34,34,34,34,40,40,40,40,40,40,40,40,40,40,65,65,65,65,65,65,65,65,65,65,65,65,65,65,65,97,97,97,105,105,105,119,119,134,134,134,142,142,142,152,152,152,165,165,165,165,174,174,174,174,174,187,187,187,187,187,205,205,205,205,224,224,224,224,224,238,238,238,238,238,251,251,251,251,262,272,272,272,281,289,289,295,295,305,305,313,313,317,317,321,327,330,330,333,336,336,341,345,350,354,356,357,358,359,363,364,369,373,377,380,381,384,388,394,398,400,401,406,406,406,406,406,406,406,406,406,406,406,406,406,406,406,406,406,406,406,406,406,406,465,465,465,465,465,465,465,465,465,465,465,465,465,465,465,465,465,465,465,518,518,518,518,518,518,518,518,518,518,518,518,518,518,518,518,518,518,518,566,566,566,566,566,566,566,566,566,566,566,566,566,566,566,566,566,566,566,566,566,566,566,609,609,609,609,609,609,609,609,609,609,609,609,609,609,609,609,609,609,648,648,648,648,648,648,648,648,648,648,648,648,648,648,648,648,648,648,648,648,648,648,648,648,683,683,683,683,683,683,683,683,683,683,683,683,683,683,683,683,683,683,683,714,714,714,714,714,714,714,714,714,714,714,714,714,714,714,742,742,742,742,742,742,742,742,742,742,742,742,742,742,742,742,742,742,742,742,742,742,742,742,767,767,767,767,767,767,767,767,767,767,767,767,767,767,767,767,767,767,767,767,790,790,790,790,790,790,790,790,790,790,790,790,790,790,790,790,790,790,811,811,811,811,811,811,811,811,811,811,811,811,811,811,811,811,811,829,829,829,829,829,829,829,829,829,829,829,829,829,829,829,829,829,829,846,846,846,846,846,846,846,846,846,846,846,846,846,846,846,846,846,846,846,846,846,846,846,846,846,846,846,861,861,861,861,861,861,861,861,861,861,861,861,874,874,874,874,874,874,874,874,874,874,874,874,874,874,874,874,874,874,874,874,874,874,886,886,886,886,886,886,886,886,886,886,886,886,886,886,886,886,886,886,886,886,897,897,897,897,897,897,897,897,897,897,897,907,907,907,907,907,907,907,907,907,907,907,907,907,907,907,907,916,916,916,916,916,916,916,916,916,916,916,916,916,916,916,916,916,916,924,924,924,924,924,924,924,924,924,924,924,931,931,931,931,931,931,931,931,931,931,931,931,931,931,931,931,931,931,931,931,931,937,937,937,937,937,937,937,937,937,937,937,937,937,937,937,943,943,943,943,943,943,948,948,948,948,948,948,948,953,953,953,953,953,953,953,953,953,953,953,953,953,953,953,953,953,953,953,953,957,957,957,957,957,957,957,957,957,957,957,957,957,957,957,957,957,957,957,957,957,957,957,957,957,961,961,961,961,964,964,964,964,964,964,964,964,964,964,964,964,964,964,964,967,967,967,967,967,967,967,967,970,970,970,970,970,970,970,970,970,970,970,973,973,973,973,973,973,973,973,973,973,973,973,973,973,973,973,973,973,973,973,973,973,973,973,973,973,973,973,973,973,975,975,975,975,975,975,975,975,975,975,975,975,975,975,975,975,975,975,975,977,977,977,977,977,977,977,977,977,977,977,977,977,977,977,977,977,977,977,977,977,977,977,977,977,977,977,977,977,977,979,979,979,979,982,982,983,983,983,983,983,983,983,983,983,983,983,983,983,983,983,983,983,983,983,983,983,983,983,983,983,983,983,983,983,983,983,983,983,983,983,983,984,985,985,985,985,985,985,985,986,986,986,986,986,986,986,986,986,986,986,986,986,986,986,986,986,986,986,986,986,986,986,986,987,987,987,988,988,988,988,988,988,988,988,988,988,988,988,988,988,988,988,988,989,989,989,989,989,990,990,990,990,990,990,990,990,990,990,990,990,990,990,990,990,990,990,990,990,991,991,991,991,991,991,991,991,991,991,991,991,991,991,991,991,991,991,991,991,991,991,991,991,991,991,991,991,991,991,991,991,991,991,991,991,991,991,991,991,991,991,991,991,991,991,991,991,991,991,991,991,991,991,991,991,991,991,991,991,991,991,991,991,991,991,992,992,992,993,993,993,993,993,993,993,993,993,993,993,993,994,994,994,994,994,994,994,994,994,994,994,994,994,994,994,994,994,994,994,995,995,995,995,995,995,995,995,995,995,995,995,995,995,995,995,995,995,995,995,995,995,995
Recovered{3},0,0,0,0,0,1,1,3,3,4,4,4,4,4,6,6,7,7,8,8,8,8,9,9,14,14,14,16,16,16,19,19,19,19,24,24,24,24,29,29,29,29,29,29,29,29,42,42,42,42,42,42,42,42,42,42,42,42,42,42,42,42,42,42,42,42,42,42,42,42,42,92,92,92,100,100,100,114,114,114,129,129,129,129,129,149,149,149,168,168,168,168,186,186,186,198,198,198,207,207,215,215,222,228,228,232,232,238,244,250,256,259,262,265,268,271,277,283,286,290,292,298,302,306,310,312,316,322,326,330,332,334,338,340,344,348,348,350,354,358,360,360,364,366,368,374,380,384,386,388,392,396,404,408,410,414,414,418,418,420,424,426,434,440,442,444,446,446,452,456,456,458,462,462,466,470,473,475,478,485,485,486,487,489,490,492,493,497,499,503,506,506,506,510,511,516,521,523,526,530,535,535,536,537,542,544,546,546,550,555,557,560,561,564,566,567,568,569,569,569,569,569,569,569,569,569,569,569,569,569,569,569,569,569,569,569,569,569,612,612,612,612,612,612,612,612,612,612,612,612,612,612,612,612,612,612,650,650,650,650,650,650,650,650,650,650,650,650,650,650,650,650,650,650,685,685,685,685,685,685,685,685,685,685,685,685,685,685,685,685,716,716,716,716,716,716,716,716,716,716,716,716,716,716,716,716,716,716,716,716,716,716,716,744,744,744,744,744,744,744,744,744,744,744,744,744,744,744,744,769,769,769,769,769,769,769,769,769,769,769,769,769,769,769,769,769,769,769,769,769,769,792,792,792,792,792,792,792,792,792,792,792,792,792,792,792,792,792,792,792,812,812,812,812,812,812,812,812,812,812,812,812,812,812,812,812,812,812,812,812,812,830,830,830,830,830,830,830,830,830,830,830,830,830,830,830,830,830,830,830,830,830,830,830,847,847,847,847,847,847,847,847,847,847,847,847,847,847,847,847,847,847,847,847,847,847,847,847,847,847,862,862,862,862,862,862,862,862,862,862,875,875,875,875,875,875,875,875,875,875,875,875,875,875,875,875,875,875,875,875,875,887,887,887,887,887,887,887,887,887,887,887,887,887,887,887,887,887,887,898,898,898,898,898,898,898,898,898,898,898,898,898,898,898,898,908,908,908,908,908,908,908,908,908,908,908,908,908,908,917,917,917,917,917,917,917,917,917,917,917,917,917,917,917,917,917,917,917,925,925,925,925,925,925,925,925,925,925,925,925,925,925,925,925,925,932,932,932,932,932,932,932,932,932,932,932,932,938,938,938,938,938,938,938,938,938,944,944,944,944,944,944,944,944,944,944,949,949,949,949,949,949,949,949,949,949,949,949,949,949,949,949,949,949,949,949,949,954,954,954,954,958,958,958,958,958,958,958,958,958,958,958,958,958,958,958,958,958,958,958,958,958,958,962,962,962,962,962,962,962,962,962,962,965,965,965,965,965,965,965,965,965,965,965,965,965,968,968,968,968,968,968,968,968,968,968,968,968,971,971,971,971,971,971,971,971,971,971,971,971,971,971,971,973,973,973,973,973,973,973,975,975,975,975,975,975,975,975,975,975,975,975,975,977,977,977,977,977,977,977,977,977,977,977,977,977,977,977,977,977,977,977,977,977,977,977,979,979,979,979,979,979,979,979,979,979,979,979,979,979,979,979,979,979,979,979,979,979,979,979,979,979,979,979,979,979,979,979,979,979,979,979,981,982,982,982,982,982,982,982,982,982,982,982,982,982,982,982,982,982,982,982,982,982,982,982,982,982,983,983,983,983,984,984,984,984,984,984,984,984,984,984,984,984,984,984,984,984,984,984,984,984,984,984,984,984,984,985,985,985,985,985,985,985,985,987,987,987,987,987,987,987,987,987,987,987,987,987,987,987,987,987,987,987,987,987,987,987,987,987,987,987,987,987,987,987,987,987,987,987,987,987,987,988,988,988,988,988,988,988,988,988,988,988,988,988,989,989,989,989,989,989,989,989,989,989,989,989,989,989,989,989,989,989,989,989,989,989,989,989,989,989,989,990,990,990,990,990,990,990,990,990,990,990,990,990,990,990,990,990,990,990,990,991,991,991,991,991,991,991,991,991,991,991,991,991,991,991,991,991,991,991,992,992,992,992,992,992,992,992,992,992,992,992,992,992,992,993,993,993,993,993,993,993,993,993,993,993,993,993,993,993,993,993,993,993,993,993,993,993,993,993,993,993,993,993,993,993,993,993,993,993,993,993,993,993,993,993,993,993
Recovered{4},0,0,0,0,0,0,1,1,2,2,3,4,4,4,4,4,4,4,4,6,6,7,7,7,8,9,9,9,11,11,11,13,13,16,16,16,16,22,22,22,22,22,22,22,22,22,31,31,31,31,31,31,31,31,31,31,31,31,31,31,31,31,31,31,67,67,79,79,88,88,88,100,100,108,108,108,117,117,117,117,127,127,127,141,141,141,141,141,161,161,161,161,180,180,180,180,180,180,197,197,197,212,212,223,223,233,233,233,240,240,252,252,257,257,267,267,272,277,282,282,289,292,304,309,312,312,318,322,324,328,333,333,333,333,333,333,333,333,333,333,333,333,333,333,333,333,333,333,333,333,333,333,333,399,399,399,399,399,399,399,399,399,399,399,399,399,399,399,399,399,459,459,459,459,459,459,459,459,459,459,459,459,459,459,459,459,459,459,459,459,459,459,459,459,459,513,513,513,513,513,513,513,513,513,513,513,513,513,513,513,513,513,513,561,561,561,561,561,561,561,561,561,561,561,561,561,561,561,561,604,604,604,604,604,604,604,604,604,604,604,604,604,604,604,604,604,604,643,643,643,643,643,643,643,643,643,643,643,643,643,643,643,643,643,643,643,643,643,643,643,643,678,678,678,678,678,678,678,678,678,678,678,678,678,678,678,678,678,678,678,678,678,678,678,678,678,678,678,710,710,710,710,710,710,710,710,710,710,710,710,710,710,710,710,710,710,710,710,710,710,739,739,739,739,739,739,739,739,739,739,739,739,739,739,739,739,765,765,765,765,765,765,765,765,765,765,765,765,765,765,765,765,765,765,765,765,765,765,788,788,788,788,788,788,788,788,788,788,788,788,788,788,788,788,809,809,809,809,809,809,809,809,809,809,809,809,809,809,809,809,809,809,809,809,809,809,809,828,828,828,828,828,828,828,828,828,828,828,828,828,828,828,828,845,845,845,845,845,845,845,845,845,845,860,860,860,860,860,860,860,860,860,860,860,860,860,860,860,860,860,860,860,860,860,860,860,860,874,874,874,874,874,874,874,874,874,874,874,874,874,874,874,874,874,874,874,886,886,886,886,886,886,886,886,886,886,886,886,886,886,886,897,897,897,897,897,897,897,897,897,897,897,897,897,897,897,897,897,897,907,907,907,907,907,907,907,907,907,907,907,907,907,907,907,907,916,916,916,916,916,916,916,916,916,916,916,916,916,916,924,924,924,924,924,924,924,924,931,931,931,931,931,931,931,931,931,931,931,931,931,931,931,931,931,931,937,937,937,937,937,937,937,937,937,937,937,937,937,937,937,943,943,943,943,943,943,943,943,943,943,943,943,943,943,943,943,943,943,948,948,948,948,948,948,948,948,948,948,948,948,948,948,953,953,953,953,953,953,953,953,953,953,953,953,953,953,953,953,953,953,953,953,953,953,957,957,957,957,957,957,957,957,957,957,957,957,957,957,957,957,957,957,957,957,957,957,957,957,957,957,957,957,957,957,957,957,957,957,957,957,957,957,957,957,957,957,961,961,961,961,961,961,961,961,961,961,961,961,961,961,961,964,964,964,964,964,964,964,964,964,964,964,964,967,967,967,967,967,967,967,967,967,967,967,967,967,967,967,967,967,967,967,967,967,967,967,967,967,967,967,967,967,967,967,967,967,970,970,970,970,970,970,973,973,973,973,975,977,977,977,977,977,977,977,977,977,977,977,977,979,979,979,979,979,981,981,981,981,981,981,981,981,981,981,981,981,981,981,981,981,981,981,981,981,981,982,983,983,983,983,983,983,983,983,983,983,983,983,983,983,983,983,984,985,985,985,985,985,985,985,985,985,985,985,985,985,985,985,985,985,985,985,985,985,985,985,985,985,985,985,985,985,985,985,985,985,985,985,985,985,985,985,985,985,985,985,985,985,985,985,985,985,985,985,985,985,985,985,985,985,985,985,985,985,986,987,987,987,987,987,987,987,987,987,987,987,987,987,987,987,987,987,987,987,987,987,987,987,987,987,987,987,987,987,987,987,987,988,988,988,988,988,988,989,989,989,989,989,989,989,989,989,989,989,989,989,989,989,989,989,989,989,990,990,990,990,990,990,990,990,990,990,990,990,990,990,990,990,990,990,990,990,990,990,990,990,990,990,990,990,990,990,990,990,990,990,990,990,990,990,990,990,990,990,990,990,990,990,990,990,990,990,990,990,990,990,990,990,990,990,990,990,990,990,990,990,990,990,990,990,990,990,990,990,990,990,990,990,990,990,990,990,990,990,990,990,990,990,990,990
Recovered{5},0,0,3,3,4,4,4,4,4,4,4,4,4,4,4,7,7,7,8,8,9,9,9,9,12,12,12,14,14,14,16,16,18,18,18,22,22,22,22,28,28,28,28,35,35,35,35,35,35,35,35,46,46,46,46,46,46,46,46,46,46,46,46,46,46,46,46,46,46,46,46,46,46,46,46,108,108,122,122,122,122,138,138,138,155,155,155,155,178,178,178,178,178,178,200,200,200,200,200,200,216,216,216,229,229,229,242,242,242,242,252,252,259,259,265,271,276,280,280,283,283,293,297,303,309,314,316,320,321,326,330,332,338,343,346,350,352,355,355,357,361,366,367,367,367,367,367,367,367,367,367,367,367,367,367,367,367,367,367,430,430,430,430,430,430,430,430,430,430,430,430,430,430,430,430,430,430,430,430,430,487,487,487,487,487,487,487,487,487,487,487,487,487,487,487,538,538,538,538,538,538,538,538,538,538,538,538,538,538,538,538,538,538,538,538,584,584,584,584,584,584,584,584,584,584,584,584,584,584,584,584,625,625,625,625,625,625,625,625,625,625,625,625,625,625,625,625,625,625,625,662,662,662,662,662,662,662,662,662,662,662,662,662,662,662,662,662,662,662,695,695,695,695,695,695,695,695,695,695,695,695,695,695,695,695,695,695,725,725,725,725,725,725,725,725,725,725,725,725,725,725,752,752,752,752,752,752,752,752,752,752,752,752,752,752,752,752,752,752,752,752,776,776,776,776,776,776,776,776,776,776,776,776,776,776,776,776,776,776,776,776,776,776,776,776,776,798,798,798,798,798,798,798,798,798,798,798,798,798,798,798,798,798,798,798,798,798,798,798,798,818,818,818,818,818,818,818,818,818,818,818,818,818,818,818,818,836,836,836,836,836,836,836,836,836,836,836,836,836,836,836,852,852,852,852,852,852,852,852,852,852,852,852,852,852,852,852,852,852,852,866,866,866,866,866,866,866,866,866,866,866,866,866,866,866,866,866,866,866,879,879,879,879,879,879,879,879,879,879,879,879,879,879,879,879,879,879,879,879,879,891,891,891,891,891,891,891,891,891,891,891,891,891,891,891,891,891,901,901,901,901,901,901,901,901,901,901,901,901,901,901,910,910,910,910,910,910,910,910,910,910,910,910,910,910,910,910,910,910,910,910,910,919,919,919,919,919,919,919,919,919,919,919,919,919,919,919,919,919,919,919,919,927,927,927,927,927,927,927,927,927,927,927,927,927,927,927,927,927,927,927,927,927,927,927,927,927,934,934,934,934,934,934,934,934,934,934,934,934,934,934,934,934,934,934,934,934,934,934,940,940,940,940,940,940,940,940,940,940,940,940,940,940,940,940,940,940,940,940,940,946,946,946,946,946,946,946,946,946,946,946,946,946,946,946,946,946,946,946,946,946,946,946,946,946,946,946,951,951,951,951,951,951,951,951,951,951,951,951,951,951,955,955,955,955,955,955,955,955,955,955,955,955,955,955,955,959,959,959,959,959,959,959,959,959,959,959,959,959,959,959,959,959,959,959,959,959,959,959,959,959,959,959,959,959,963,963,963,963,963,963,963,963,963,963,963,963,963,963,963,963,963,963,963,966,966,966,966,966,966,966,966,966,966,966,966,966,966,966,966,966,966,966,966,966,966,966,966,966,966,966,966,966,966,966,966,966,966,966,966,969,969,969,969,969,969,969,969,969,969,969,969,969,969,969,969,969,969,969,969,969,969,969,972,972,972,972,972,972,972,972,972,972,972,972,972,972,972,972,972,974,974,974,974,974,974,974,974,974,974,974,974,974,974,976,976,976,976,976,976,976,976,976,976,976,976,976,976,976,976,976,976,976,976,976,976,976,976,976,978,978,978,980,980,980,980,980,980,980,980,980,982,982,982,983,983,983,983,983,983,983,983,983,983,983,983,983,983,983,983,983,983,984,984,985,985,985,985,985,986,986,986,986,986,986,986,986,986,986,986,986,986,986,986,986,987,987,987,987,987,987,987,988,988,988,988,988,988,988,988,989,989,989,989,989,989,989,989,989,989,989,989,989,989,989,989,989,989,989,989,989,989,989,989,989,989,989,989,989,989,989,989,989,989,989,989,989,989,989,989,989,989,989,989,989,989,989,989,989,989,989,990,990,990,990,990,990,990,990,990,991,991,991,991,991,991,991,991,991,992,992,992,992,992,992,992,992,992,992,993,993,993,993,993,993,993,993,993,993,994,994,994,995,995,995,995,995,995,995,995,995,995,995,995,995,995,995,995,996,996
Recovered{6},0,0,0,0,1,1,1,2,2,4,4,4,4,4,4,6,6,6,7,8,8,8,10,10,14,14,14,16,16,16,17,17,17,21,21,21,21,26,26,26,26,26,26,26,26,26,40,40,40,40,40,40,40,40,40,40,40,40,40,40,40,40,40,89,89,89,99,99,112,112,112,112,120,120,132,132,132,145,145,159,159,159,171,171,171,171,171,182,182,182,182,182,200,200,200,200,217,217,233,233,233,233,246,246,257,257,257,267,267,267,277,286,286,286,294,294,301,301,308,308,313,313,318,318,318,322,322,329,332,335,338,341,341,344,350,353,356,358,360,364,366,372,372,372,374,376,386,388,390,394,400,400,405,408,409,411,414,417,420,423,425,430,436,438,441,444,447,450,452,456,461,462,468,469,469,473,474,476,478,480,482,482,482,482,482,482,482,482,482,482,482,482,482,482,482,482,482,482,482,482,482,533,533,533,533,533,533,533,533,533,533,533,533,533,533,533,533,533,533,533,533,533,533,533,533,533,579,579,579,579,579,579,579,579,579,579,579,579,579,579,579,579,579,579,579,579,621,621,621,621,621,621,621,621,621,621,621,621,621,621,621,621,621,621,621,621,621,658,658,658,658,658,658,658,658,658,658,658,658,658,658,658,658,658,658,658,658,658,692,692,692,692,692,692,692,692,692,692,692,692,692,692,692,692,692,692,692,692,692,692,692,692,722,722,722,722,722,722,722,722,722,722,722,722,722,722,722,722,722,722,722,722,749,749,749,749,749,749,749,749,749,749,749,749,749,749,749,749,749,749,774,774,774,774,774,774,774,774,774,774,774,774,774,774,774,774,774,774,796,796,796,796,796,796,796,796,796,796,796,796,796,796,796,796,796,796,796,796,796,796,796,796,796,796,816,816,816,816,816,816,816,816,816,816,816,816,816,816,816,816,816,816,816,816,816,816,816,816,834,834,834,834,834,834,834,834,834,834,834,834,834,834,834,834,850,850,850,850,850,850,850,850,850,850,850,850,850,850,850,850,850,850,850,850,850,865,865,865,865,865,865,865,865,865,865,865,865,865,865,878,878,878,878,878,878,878,878,878,878,878,890,890,890,890,890,890,890,890,890,890,890,890,890,890,890,890,890,890,890,890,890,890,901,901,901,901,901,901,901,901,901,901,901,901,901,901,901,901,901,910,910,910,910,910,910,910,910,910,910,910,910,910,910,919,919,919,919,919,919,919,919,919,919,919,919,919,919,919,919,919,919,919,919,919,919,919,927,927,927,927,927,927,927,927,927,927,927,927,927,934,934,934,934,934,934,934,934,934,934,934,940,940,940,940,940,940,940,940,940,940,940,940,940,940,940,940,940,940,940,946,946,946,946,946,946,946,946,946,946,951,951,951,951,951,951,951,951,951,951,951,951,951,951,951,951,951,951,951,951,951,951,951,951,951,955,955,955,955,955,955,955,955,955,955,955,955,955,955,955,955,955,959,959,959,959,959,959,959,959,959,959,959,959,959,959,959,959,959,959,959,959,963,963,963,963,963,963,963,963,963,963,966,966,966,966,966,966,966,966,966,966,969,969,969,969,969,969,969,969,969,969,969,969,969,969,969,969,969,969,969,969,969,969,969,969,969,969,969,969,969,969,969,969,972,972,972,972,974,974,974,974,974,974,974,974,974,974,974,974,974,974,974,974,974,974,974,974,974,974,974,974,974,974,974,974,974,974,974,974,974,974,974,974,974,974,974,974,974,974,974,974,974,974,974,974,976,976,978,978,978,978,978,978,978,978,978,978,978,978,978,978,978,978,978,978,978,978,978,978,980,980,980,980,980,980,980,982,982,983,983,983,983,983,983,983,983,983,983,983,983,983,983,983,983,983,983,983,983,983,983,983,983,983,983,983,983,983,983,983,983,983,983,983,983,983,983,983,983,983,983,983,983,983,983,983,984,984,985,985,985,985,985,985,985,985,985,985,985,985,985,985,985,985,985,986,986,986,986,986,986,986,986,986,986,986,986,986,986,986,986,986,986,986,986,986,986,987,987,987,987,987,987,987,987,987,987,987,987,987,987,988,988,988,988,988,988,988,988,988,988,988,988,989,989,989,989,989,989,989,989,989,989,989,989,989,989,989,989,989,989,989,989,989,989,989,989,989,989,990,990,990,990,990,990,990,990,990,990,990,990,990,990,990,990,990,991,991,991,991,991,991,991,991,991,991,991,991,991,991,991,991,991,991,991,991,991,991,991,991,991,991,991,991,991,991,991,991,991,991,991
Recovered{7},0,1,1,1,1,1,1,1,1,1,1,3,3,3,5,5,6,6,6,6,6,6,9,9,9,11,11,11,13,13,13,16,16,16,16,19,19,19,19,19,19,29,29,29,29,29,29,29,29,29,29,29,55,55,55,55,55,55,55,55,55,76,76,76,76,93,93,93,103,103,103,110,110,110,118,118,118,118,125,125,125,138,138,155,155,168,168,168,168,182,182,182,182,199,199,199,199,199,216,216,216,216,216,239,239,239,239,239,239,255,255,269,269,269,281,281,290,299,299,307,307,307,307,314,314,326,326,330,336,339,342,349,351,355,359,364,367,370,371,371,375,376,380,383,388,393,397,404,404,404,404,404,404,404,404,404,404,404,404,404,404,404,404,404,404,404,404,404,404,463,463,463,463,463,463,463,463,463,463,463,463,463,463,463,463,463,463,463,516,516,516,516,516,516,516,516,516,516,516,516,516,516,516,516,516,564,564,564,564,564,564,564,564,564,564,564,564,564,564,564,564,564,607,607,607,607,607,607,607,607,607,607,607,607,607,607,607,607,607,607,607,607,607,646,646,646,646,646,646,646,646,646,646,646,646,646,646,646,646,646,646,646,681,681,681,681,681,681,681,681,681,681,681,681,681,681,681,681,681,681,681,681,681,681,681,681,712,712,712,712,712,712,712,712,712,712,712,712,712,712,712,712,712,740,740,740,740,740,740,740,740,740,740,740,740,740,740,740,740,740,740,740,766,766,766,766,766,766,766,766,766,766,766,766,766,789,789,789,789,789,789,789,789,789,789,789,789,789,789,789,789,789,789,789,789,789,789,789,789,789,789,789,810,810,810,810,810,810,810,810,810,810,810,810,810,810,810,810,810,810,810,829,829,829,829,829,829,829,829,829,829,829,829,829,829,829,829,829,829,829,846,846,846,846,846,846,846,846,846,846,846,846,846,846,846,846,846,846,846,846,846,846,846,861,861,861,861,861,861,861,861,861,861,861,861,861,861,861,861,861,861,874,874,874,874,874,874,874,874,874,874,874,874,874,874,874,874,886,886,886,886,886,886,886,886,886,886,886,886,886,886,886,886,886,886,886,886,886,886,886,897,897,897,897,897,897,897,897,897,897,897,897,897,897,897,897,907,907,907,907,907,907,907,907,907,907,907,907,907,907,907,907,907,907,907,907,916,916,916,916,916,916,916,916,916,916,916,916,916,916,916,916,916,916,916,916,916,916,916,924,924,924,924,924,924,924,924,924,924,924,924,924,924,924,924,931,931,931,931,931,931,931,931,931,931,931,931,937,937,937,937,937,937,937,937,937,937,937,937,937,937,937,937,937,937,937,937,937,937,937,937,937,937,937,937,937,937,937,937,937,937,937,937,943,943,943,943,943,943,943,943,943,943,943,948,948,948,948,948,948,948,948,948,948,948,948,948,948,948,948,948,948,948,948,948,948,948,948,948,948,948,948,948,948,948,948,948,948,948,948,948,948,953,953,953,953,953,953,953,953,953,953,953,953,953,953,953,953,953,953,953,953,953,953,957,957,957,957,957,957,957,957,957,957,957,957,957,957,957,957,957,961,961,961,961,961,961,961,961,961,961,961,964,964,964,964,964,964,964,964,964,964,964,967,967,967,967,967,967,967,967,967,967,967,967,967,967,967,967,967,967,967,970,970,970,970,970,970,970,973,973,973,973,973,973,973,973,973,973,973,973,973,973,973,975,975,975,975,975,975,975,975,975,975,975,975,975,975,975,975,975,975,975,975,975,977,977,977,977,977,977,977,977,977,977,977,977,977,977,977,977,977,977,977,977,977,977,977,977,977,977,977,977,977,977,977,977,977,977,977,979,979,979,979,981,981,981,981,981,981,981,981,981,981,981,983,983,983,983,983,983,983,983,983,983,983,983,983,983,983,983,983,983,983,983,983,983,983,983,983,983,983,983,984,984,984,984,984,984,985,985,986,986,986,986,986,986,986,986,986,986,986,986,986,986,986,986,986,986,986,987,987,987,987,987,987,987,987,987,987,987,987,987,987,988,988,988,988,988,988,988,988,988,988,988,988,989,989,989,989,989,989,989,990,990,990,990,990,991,991,991,991,991,991,991,991,991,991,991,991,991,991,991,991,991,991,991,991,991,991,991,991,991,991,991,991,991,991,991,992,992,992,992,992,992,992,992,992,992,992,992,992,992,992,992,992,992,992,992,992,992,992,992,992,992,992,992,992,993,993,993,993,994,994,994,994,994,994,994,994,994,994,994,994,994,994,994,994,994,994
Recovered{8},0,0,1,1,1,2,2,2,2,2,2,3,3,4,4,4,4,4,5,5,7,7,9,9,9,11,11,13,13,13,17,17,17,17,24,24,24,24,24,34,34,34,34,34,34,34,34,45,45,45,45,45,45,45,45,45,45,45,45,45,45,45,45,45,45,45,45,45,45,45,109,109,109,121,121,121,135,135,135,145,145,145,145,145,162,162,162,162,178,178,178,178,192,192,192,206,206,206,217,217,227,227,233,239,239,245,245,251,257,259,261,267,273,276,280,281,284,287,290,292,294,297,300,301,307,312,312,312,312,312,312,312,312,312,312,312,312,312,312,380,380,380,380,380,380,380,380,380,380,380,380,380,380,380,380,380,380,380,380,442,442,442,442,442,442,442,442,442,442,442,442,442,442,442,442,442,442,442,442,442,442,442,497,497,497,497,497,497,497,497,497,497,497,497,497,497,497,497,497,497,547,547,547,547,547,547,547,547,547,547,547,547,547,547,547,547,547,547,547,547,547,547,592,592,592,592,592,592,592,592,592,592,592,592,592,592,592,592,592,592,592,592,592,592,592,632,632,632,632,632,632,632,632,632,632,632,632,632,632,632,632,632,632,668,668,668,668,668,668,668,668,668,668,668,668,668,668,668,668,668,668,668,668,668,701,701,701,701,701,701,701,701,701,701,701,701,701,701,701,701,701,701,701,701,701,730,730,730,730,730,730,730,730,730,730,730,730,730,730,730,730,730,730,730,757,757,757,757,757,757,757,757,757,757,757,757,757,757,757,757,781,781,781,781,781,781,781,781,781,781,781,781,781,781,781,781,781,781,802,802,802,802,802,802,802,802,802,802,802,802,802,802,802,802,802,802,802,802,802,802,802,802,802,802,821,821,821,821,821,821,821,821,821,821,821,821,821,821,821,821,821,838,838,838,838,838,838,838,838,838,838,838,838,838,838,838,838,838,838,838,838,838,838,838,838,838,838,838,854,854,854,854,854,854,854,854,854,854,854,868,868,868,868,868,868,868,868,868,868,868,868,868,868,868,868,868,868,881,881,881,881,881,881,881,881,881,881,881,881,881,881,881,881,881,881,881,892,892,892,892,892,892,892,892,892,892,892,892,892,892,892,892,892,892,892,892,892,892,892,892,892,892,892,892,902,902,902,902,902,902,902,902,902,902,902,902,902,902,902,902,902,902,902,902,902,902,902,911,911,911,911,911,911,911,911,911,911,911,911,911,911,911,911,911,911,911,911,911,919,919,919,919,919,919,919,919,919,919,919,919,919,919,919,919,927,927,927,927,927,927,927,927,927,927,927,927,927,927,927,927,927,927,927,927,927,927,934,934,934,934,934,934,934,934,934,934,934,934,934,934,934,934,934,934,940,940,940,940,940,940,940,940,940,940,940,940,940,940,940,940,940,940,946,946,946,946,946,946,946,946,946,946,946,946,946,946,946,946,946,946,946,946,946,946,946,946,946,951,951,951,951,951,951,951,951,951,951,951,951,951,951,951,951,951,951,951,955,955,955,955,955,955,955,955,955,955,955,955,959,959,959,959,959,959,959,959,959,959,959,959,959,959,959,959,959,959,959,959,959,959,959,959,959,959,959,959,959,959,959,959,959,959,959,959,959,963,963,963,963,963,963,963,963,963,963,963,963,966,966,966,966,966,966,966,966,966,966,966,966,966,966,966,966,966,966,966,966,966,966,966,966,966,966,966,966,966,969,969,969,969,969,969,969,969,969,969,969,969,969,969,972,972,972,972,972,972,972,972,974,974,974,974,974,974,974,974,974,974,974,974,974,974,974,974,974,974,974,974,974,974,974,974,974,974,974,974,974,976,976,976,976,976,976,976,976,976,976,976,976,976,976,976,976,976,976,976,976,976,976,976,976,976,976,976,976,976,976,976,976,976,976,976,976,976,976,976,978,978,978,978,978,978,978,980,980,980,980,980,980,980,980,980,980,980,980,980,980,980,980,980,980,980,980,980,980,980,982,982,982,982,982,983,983,983,983,984,984,984,984,984,984,984,984,984,985,985,985,985,985,985,985,985,985,985,985,985,985,985,985,986,986,986,986,986,986,986,986,986,986,986,986,986,986,986,986,986,986,986,986,986,986,986,986,986,986,986,986,986,986,986,986,986,986,986,986,986,986,986,986,986,986,986,986,987,987,987,988,988,988,988,988,988,988,988,988,988,988,988,988,988,989,989,989,989,989,989,990,990,990,990,990,990,990,990,990,990,990,990,990,990,990,990,990,990,990,990,990,990,990,990
Recovered{9},0,0,0,0,1,1,2,2,3,3,5,5,6,9,9,9,9,12,12,15,15,16,16,16,17,17,18,18,18,19,19,19,21,21,21,21,24,24,24,24,24,24,24,24,33,33,33,33,33,33,33,33,33,33,33,33,33,33,33,33,33,33,33,33,33,33,33,33,83,83,83,96,96,106,106,106,106,116,116,116,132,132,132,132,146,146,146,146,146,156,156,156,156,176,176,176,193,193,193,208,208,208,223,223,223,237,237,237,247,247,257,257,257,257,267,267,275,275,275,282,282,282,287,287,292,297,302,306,310,313,319,322,322,328,331,335,337,343,345,351,354,359,361,366,371,373,376,381,386,387,393,394,396,396,399,403,407,408,411,417,419,420,420,420,420,420,420,420,420,420,420,420,420,420,420,420,420,420,420,420,478,478,478,478,478,478,478,478,478,478,478,478,478,478,478,478,478,478,478,530,530,530,530,530,530,530,530,530,530,530,530,530,530,530,530,530,530,530,530,530,577,577,577,577,577,577,577,577,577,577,577,577,577,577,577,577,577,619,619,619,619,619,619,619,619,619,619,619,619,619,619,619,619,657,657,657,657,657,657,657,657,657,657,657,657,657,657,657,657,657,657,657,657,657,657,657,691,691,691,691,691,691,691,691,691,691,691,691,691,691,691,691,691,691,691,691,721,721,721,721,721,721,721,721,721,721,721,721,721,721,721,721,721,721,721,721,721,748,748,748,748,748,748,748,748,748,748,748,748,748,748,748,748,748,748,748,748,748,748,748,748,748,773,773,773,773,773,773,773,773,773,773,773,773,773,773,773,773,773,773,773,773,773,773,773,773,773,773,795,795,795,795,795,795,795,795,795,795,795,795,795,795,795,795,795,795,795,795,795,795,815,815,815,815,815,815,815,815,815,815,815,815,815,815,815,815,815,833,833,833,833,833,833,833,833,833,833,833,833,833,833,833,833,833,833,849,849,849,849,849,849,849,849,849,849,849,864,864,864,864,864,864,864,864,864,864,864,864,864,864,864,864,864,864,864,877,877,877,877,877,877,877,877,877,877,877,877,877,877,877,877,877,877,877,877,889,889,889,889,889,889,889,889,889,889,889,900,900,900,900,900,900,900,900,900,900,900,910,910,910,910,910,910,910,910,910,910,910,910,910,910,910,910,910,910,910,910,910,910,910,919,919,919,919,919,919,919,919,919,919,927,927,927,927,927,927,927,927,927,927,927,927,927,927,927,927,927,927,927,927,927,934,934,934,934,934,934,934,934,934,934,934,934,934,940,940,940,940,940,940,940,940,940,940,940,940,940,940,940,946,946,946,946,946,946,946,946,946,946,946,946,946,946,946,946,946,946,946,946,946,946,946,946,946,946,946,946,946,946,946,946,946,946,951,951,951,951,951,951,951,951,951,951,951,951,951,951,951,955,955,955,955,955,955,955,955,955,955,955,955,955,955,955,955,955,955,955,955,955,955,955,959,959,959,959,959,959,959,959,959,959,959,959,959,959,959,959,959,963,963,963,963,963,963,963,963,966,966,966,966,966,966,966,966,966,966,966,966,966,966,966,966,966,966,969,969,969,969,969,969,969,969,969,969,969,969,969,969,969,969,969,969,972,972,972,972,972,972,972,974,974,974,974,976,976,976,976,976,976,976,976,976,976,976,976,976,976,976,976,976,976,978,978,978,978,978,978,978,978,978,978,978,978,978,978,978,978,978,978,978,978,978,978,978,978,978,978,978,978,980,980,980,980,980,980,980,980,980,980,980,980,980,980,980,980,980,980,980,980,980,980,980,980,980,980,980,980,980,980,980,980,980,980,980,980,980,980,980,980,980,980,980,980,980,980,980,980,980,980,980,980,980,980,980,980,980,980,980,980,982,982,982,982,982,983,983,983,983,983,983,983,984,985,985,985,985,985,985,985,985,985,986,986,986,986,986,986,986,986,986,986,986,986,986,986,986,986,986,986,986,987,988,988,988,988,988,988,988,988,988,988,988,988,988,988,988,988,988,988,988,988,988,989,989,989,989,989,989,989,989,989,989,989,989,989,989,990,990,990,990,990,990,990,990,990,990,990,990,990,991,991,992,992,992,993,993,993,993,993,993,993,993,993,993,993,993,993,993,993,993,993,993,993,993,993,993,993,993,993,993,993,993,993,993,993,993,993,993,993,993,993,993,993,993,993,993,993,993,993,993,993,993,993,993,993,993,993,993,993,993,993,993,993,993,993,993,993,993,993,993,993,993,993,993,993,993,993,993,993,993
