10000,9992,9985,9963,9939,9908,9817,9711,9508,9167,8726,8067,7216,6169,4978,3699,2678,1853,1242,820,514,339,215,145,94,56,39,24,19,12,13,10,9,6,8,4,6,5,4,2,3,5,9,7,6,7,10,9,10,16
10000,9986,9965,9936,9874,9786,9665,9466,9139,8603,7887,6910,5800,4631,3483,2475,1644,1111,712,460,291,189,110,72,45,31,18,9,6,3,2,2,2,3,4,6,2,1,1,1,2,2,5,7,9,6,8,8,10,12
10000,9981,9966,9935,9876,9792,9652,9462,9123,8652,7957,7035,5882,4725,3531,2505,1695,1076,692,469,298,188,118,77,52,34,23,13,10,8,7,7,6,5,5,7,7,7,9,7,6,7,9,9,8,6,3,2,6,5
10000,9995,9983,9969,9937,9896,9809,9691,9504,9231,8777,8172,7284,6209,5093,3754,2705,1854,1214,774,498,331,221,139,88,54,43,32,26,18,12,8,5,2,1,1,0,3,4,5,3,4,5,6,4,6,7,5,4,4
10000,9992,9981,9969,9948,9911,9853,9777,9638,9430,9083,8560,7785,6830,5704,4434,3293,2238,1525,1024,675,424,281,168,107,69,45,28,19,16,12,6,4,4,4,3,5,5,5,8,9,8,4,3,6,8,8,11,9,12
10000,9995,9989,9983,9969,9942,9885,9812,9698,9500,9240,8860,8278,7419,6353,5202,4017,2916,2033,1377,906,586,385,240,158,114,69,44,34,22,15,9,10,14,14,12,6,6,8,5,4,4,4,6,9,9,6,6,5,5
10000,9997,9985,9966,9936,9892,9818,9692,9495,9181,8753,8074,7175,6073,4932,3625,2582,1776,1216,762,480,305,209,141,89,57,38,32,22,16,11,6,5,3,8,7,7,7,8,8,5,5,4,7,10,9,11,12,10,14
10000,9995,9990,9984,9964,9922,9868,9790,9651,9442,9136,8571,7895,6981,5877,4598,3426,2446,1627,1086,712,434,276,189,117,78,51,39,29,22,19,14,11,10,9,11,7,8,7,6,11,10,7,8,3,3,6,9,6,4
10000,9993,9980,9962,9920,9864,9788,9666,9457,9110,8574,7865,6991,5847,4662,3582,2537,1740,1146,731,462,305,178,115,78,53,31,19,13,11,12,6,5,4,4,7,4,4,4,5,9,9,11,10,8,9,8,10,7,7
10000,9991,9983,9973,9951,9896,9834,9731,9556,9264,8816,8173,7289,6227,5085,3905,2827,1943,1281,857,560,359,219,144,97,68,46,34,24,15,13,7,7,10,9,10,7,9,11,9,8,6,5,6,7,5,7,7,6,5
10000,9997,9992,9980,9962,9940,9894,9853,9765,9614,9375,8977,8447,7701,6713,5601,4428,3266,2278,1522,1031,687,420,270,183,108,71,44,32,21,11,6,6,5,5,4,2,2,4,1,3,4,2,4,4,3,4,6,4,5
10000,9993,9984,9965,9932,9896,9813,9691,9532,9246,8821,8199,7286,6265,5165,3886,2845,1962,1307,887,594,387,260,164,105,72,43,34,20,13,10,7,5,4,5,6,8,14,14,11,11,10,13,10,9,11,12,11,10,17
10000,9990,9981,9958,9922,9867,9793,9646,9400,9056,8544,7761,6819,5728,4495,3390,2400,1635,1123,712,478,310,197,120,78,48,33,27,18,13,10,7,9,8,9,6,7,4,4,5,7,8,9,9,8,7,8,6,6,4
10000,9989,9977,9951,9915,9856,9770,9628,9390,9043,8547,7762,6800,5693,4445,3328,2338,1596,1104,727,472,290,173,111,72,44,28,19,12,11,7,9,7,9,7,6,4,3,5,6,5,4,4,6,6,9,14,13,9,11
10000,9996,9989,9965,9952,9919,9864,9776,9655,9454,9097,8580,7829,6918,5793,4614,3487,2456,1636,1120,738,465,294,193,125,78,45,34,24,17,14,12,7,7,8,8,8,7,7,7,6,5,4,2,4,7,7,8,12,10
10000,9989,9985,9970,9946,9908,9847,9756,9565,9289,8907,8282,7483,6427,5281,4025,2895,2004,1334,875,577,378,240,169,106,69,46,34,27,22,17,10,10,8,6,3,7,9,7,8,11,12,10,8,10,10,9,9,8,5
10000,9990,9978,9950,9918,9853,9740,9562,9331,8945,8339,7503,6432,5312,4091,3009,2092,1408,927,592,380,261,166,109,78,47,34,24,14,10,9,8,10,6,4,5,4,5,5,5,7,10,11,12,11,14,10,12,7,4
10000,9990,9962,9930,9883,9822,9703,9517,9245,8802,8188,7297,6185,5059,3825,2814,1968,1287,850,551,360,223,143,91,49,40,27,19,14,10,6,5,5,4,4,4,4,2,4,5,5,9,10,7,8,9,7,6,8,12
10000,9990,9977,9955,9913,9858,9774,9613,9371,8994,8460,7734,6717,5617,4386,3240,2286,1523,970,628,416,268,182,132,90,62,39,19,17,15,9,5,4,5,4,4,3,5,4,5,4,8,8,9,8,7,7,7,5,5
10000,9994,9982,9960,9908,9852,9766,9600,9351,8960,8419,7609,6580,5419,4240,3124,2210,1446,972,628,370,244,165,123,80,56,42,25,20,15,14,10,9,10,6,5,5,3,3,8,8,8,6,6,6,5,5,7,9,8
10000,9996,9990,9980,9947,9909,9846,9732,9543,9257,8844,8213,7381,6280,5137,3860,2825,1913,1281,857,573,351,239,156,93,60,44,30,23,17,11,12,13,13,12,8,6,7,9,9,8,10,10,10,10,8,10,6,6,5
10000,9991,9971,9945,9907,9845,9746,9603,9343,8982,8418,7629,6616,5496,4220,3162,2216,1490,994,650,416,278,174,96,65,38,23,18,11,7,5,3,2,4,6,7,7,6,9,7,6,8,8,7,5,5,7,2,4,8
10000,9994,9984,9971,9945,9915,9856,9739,9566,9269,8824,8204,7350,6269,5182,3964,2892,1980,1366,860,528,339,211,128,76,52,32,23,18,15,10,7,5,4,3,3,4,4,6,8,9,8,8,11,9,7,6,3,7,6
10000,9994,9989,9964,9932,9872,9773,9629,9390,9038,8492,7768,6794,5640,4472,3235,2244,1517,1028,695,443,296,177,118,79,51,30,23,18,13,12,7,7,8,6,6,8,7,7,4,4,5,4,5,4,4,6,5,7,8
10000,9996,9987,9970,9942,9896,9811,9695,9489,9183,8706,8048,7169,6113,4923,3721,2737,1918,1322,872,574,378,256,160,107,71,45,32,18,10,5,6,5,3,2,3,3,3,1,2,1,2,4,1,4,7,7,12,9,10
10000,9988,9968,9932,9867,9781,9625,9397,9046,8502,7767,6823,5701,4457,3250,2267,1535,1006,674,415,268,166,108,71,43,28,24,17,15,14,10,8,7,5,6,7,11,8,10,9,10,10,8,8,9,12,10,10,13,11
10000,9993,9987,9970,9953,9911,9859,9763,9597,9324,8937,8307,7467,6416,5234,3999,2913,2021,1332,869,540,338,216,134,75,47,31,25,20,14,11,9,8,5,2,2,6,5,6,4,3,6,10,9,8,8,9,6,5,7
10000,9996,9987,9975,9960,9937,9890,9817,9687,9458,9126,8648,7973,7095,5998,4866,3642,2625,1818,1243,805,514,324,200,128,94,64,33,22,16,11,11,8,9,9,9,8,8,4,4,3,3,4,7,8,10,10,8,8,7
10000,9991,9982,9964,9935,9902,9829,9725,9540,9294,8911,8312,7519,6500,5379,4121,3010,2010,1320,851,542,361,233,154,102,67,47,32,19,11,7,5,6,6,5,4,5,7,7,7,7,8,7,6,4,6,6,8,10,12
10000,9996,9974,9941,9901,9839,9739,9606,9377,8999,8481,7734,6766,5595,4362,3199,2243,1530,1012,657,418,275,167,124,83,55,39,22,6,5,8,4,5,5,5,4,3,3,9,8,8,7,6,6,7,8,6,7,8,7
10000,9993,9980,9967,9941,9907,9834,9721,9550,9238,8786,8142,7312,6209,5071,3818,2773,1922,1269,827,523,310,203,133,77,49,38,27,22,13,14,10,11,11,8,6,7,8,8,6,5,3,5,5,10,10,12,10,6,4
10000,9994,9983,9968,9945,9910,9829,9722,9560,9285,8859,8209,7332,6239,5126,3839,2769,1880,1251,808,530,362,213,132,83,60,45,30,18,18,12,7,6,4,7,7,8,7,5,6,8,10,11,12,8,8,6,6,7,5
10000,9994,9984,9970,9956,9923,9882,9816,9712,9523,9204,8753,8100,7203,6121,4994,3729,2630,1778,1136,738,458,293,187,116,75,44,29,19,15,13,7,7,4,5,3,3,3,7,11,12,9,7,9,8,9,9,6,8,11
10000,9989,9973,9958,9933,9892,9813,9666,9451,9096,8563,7803,6799,5678,4492,3352,2370,1601,1036,644,439,270,166,115,78,46,34,20,10,5,5,4,3,3,5,4,4,3,3,5,5,3,4,6,9,6,6,5,5,6
10000,9998,9990,9972,9947,9893,9813,9658,9463,9139,8657,7965,7089,5963,4756,3556,2539,1727,1138,730,473,309,203,126,74,45,28,19,12,5,3,2,3,3,6,5,7,10,9,11,9,11,12,9,9,9,12,10,7,9
10000,9996,9982,9968,9952,9914,9863,9765,9569,9276,8846,8182,7326,6283,5176,4000,2908,1990,1362,887,572,378,248,158,109,81,52,36,23,16,10,5,5,4,4,1,1,5,6,5,7,4,5,8,9,10,9,10,9,9
10000,9992,9971,9937,9889,9825,9706,9506,9256,8842,8249,7415,6390,5290,4098,2991,2053,1364,875,585,360,222,141,86,56,41,22,16,13,7,11,12,8,7,5,5,6,7,5,6,7,9,7,5,2,3,5,2,5,7
10000,9986,9967,9937,9894,9823,9709,9507,9219,8727,8058,7121,6010,4909,3682,2636,1769,1142,729,494,335,226,154,99,59,45,32,22,17,13,9,6,8,7,6,6,6,8,3,5,2,5,5,4,9,6,1,3,6,9
10000,9997,9993,9979,9959,9918,9859,9757,9617,9373,8985,8434,7668,6666,5566,4326,3174,2261,1534,1033,659,422,254,158,90,63,39,30,20,14,11,12,5,5,5,6,6,8,6,5,5,4,6,4,7,5,4,7,7,8
10000,9995,9976,9961,9931,9882,9797,9627,9387,9064,8497,7726,6745,5635,4463,3360,2409,1673,1149,769,504,329,208,143,98,70,41,22,18,18,12,8,5,9,10,9,9,8,9,8,6,6,5,6,5,4,4,6,8,10
10000,9996,9991,9981,9960,9931,9881,9796,9662,9472,9143,8705,8023,7102,5948,4722,3529,2553,1723,1144,737,477,319,195,123,82,56,36,17,12,9,8,8,6,7,5,6,8,8,8,5,6,7,8,11,16,14,14,14,14
10000,9991,9983,9965,9935,9886,9812,9673,9496,9214,8746,8103,7194,6129,5069,3777,2707,1894,1275,827,546,375,254,177,109,84,56,34,22,19,15,13,8,8,6,10,8,8,6,2,4,3,5,7,7,6,7,4,7,3
10000,9995,9995,9976,9954,9920,9841,9716,9535,9231,8799,8161,7329,6276,5163,3946,2853,1976,1327,857,543,324,213,135,91,57,37,25,17,13,8,7,5,5,4,5,5,5,3,1,1,6,8,10,9,10,13,12,12,8
10000,9994,9986,9977,9955,9928,9878,9790,9633,9412,9060,8589,7867,6961,5911,4657,3516,2481,1733,1141,736,480,305,206,131,81,51,35,26,20,12,7,8,7,5,7,5,5,4,4,9,7,8,10,8,8,5,5,6,7
10000,9995,9983,9962,9915,9862,9775,9616,9399,9046,8504,7750,6727,5600,4395,3245,2274,1578,1056,702,452,284,193,136,80,51,34,24,19,14,9,6,5,4,3,4,3,6,5,5,6,7,10,7,9,7,9,9,10,9
10000,9988,9980,9955,9929,9867,9763,9611,9349,8937,8360,7565,6568,5476,4173,2991,2047,1413,940,616,391,258,191,131,92,63,38,23,15,11,12,11,5,3,5,4,4,7,6,7,4,3,4,4,4,5,5,6,6,7
10000,9997,9985,9962,9932,9887,9818,9727,9546,9257,8848,8261,7408,6346,5233,4051,2983,2074,1388,902,554,338,214,156,94,61,39,24,15,9,6,5,6,6,6,6,4,4,5,7,7,8,8,9,10,8,10,9,5,3
10000,9985,9963,9928,9869,9750,9576,9299,8884,8296,7512,6551,5336,4129,3050,2109,1396,919,604,374,233,143,95,62,42,26,19,17,14,12,10,5,3,4,4,7,8,7,8,8,6,7,8,11,12,13,9,11,13,15
10000,9994,9983,9962,9933,9877,9799,9685,9497,9184,8745,8161,7331,6277,5175,3928,2857,1956,1282,839,534,328,199,112,73,43,26,18,14,8,9,10,8,6,7,5,9,7,6,4,7,6,5,7,8,8,8,9,8,7
10000,9996,9991,9977,9958,9923,9862,9780,9640,9450,9141,8697,7999,7124,6098,4903,3656,2654,1793,1157,747,473,300,189,114,76,41,26,16,13,1,2,2,2,6,10,9,9,4,4,4,4,5,3,7,5,4,7,7,6
10000,9996,9987,9978,9959,9916,9865,9763,9615,9368,9018,8519,7789,6889,5827,4598,3438,2416,1655,1115,723,477,297,194,109,76,47,31,20,17,12,10,8,5,4,4,6,4,6,4,4,6,9,9,8,6,4,6,8,7
10000,9996,9986,9978,9962,9936,9902,9839,9735,9565,9292,8915,8289,7449,6406,5271,4050,2914,2031,1395,916,606,388,245,158,105,69,50,35,25,11,6,6,2,2,4,8,7,7,5,7,5,5,5,5,6,6,10,8,11
10000,9996,9992,9979,9964,9926,9875,9794,9637,9407,9017,8497,7787,6805,5642,4477,3345,2348,1607,1076,682,423,266,173,104,60,39,30,19,14,10,10,10,6,8,11,7,7,10,8,8,8,9,5,6,8,7,8,9,10
10000,9996,9990,9978,9951,9918,9854,9751,9564,9303,8860,8253,7425,6393,5245,4079,2979,2087,1423,924,579,372,236,155,96,76,58,40,28,18,9,9,7,6,4,4,5,5,2,7,9,7,5,7,8,13,14,16,14,12
10000,9998,9990,9971,9950,9914,9845,9748,9567,9308,8890,8287,7494,6484,5311,4099,2964,2037,1365,861,550,325,209,138,82,53,32,21,16,12,9,7,8,8,8,7,8,8,6,7,7,7,13,13,14,13,8,9,9,7
10000,9998,9996,9989,9983,9959,9929,9888,9818,9739,9572,9309,8959,8430,7661,6593,5460,4233,3104,2126,1420,960,600,372,215,138,90,65,41,31,20,16,12,10,6,6,5,5,7,8,4,4,8,7,8,7,9,6,7,5
10000,9989,9978,9954,9930,9867,9781,9622,9337,8965,8370,7599,6613,5428,4222,3167,2215,1485,930,602,390,255,162,88,54,40,29,22,16,10,9,8,6,5,3,5,8,6,4,2,3,6,6,6,7,6,5,8,9,12
10000,9997,9988,9969,9943,9913,9848,9720,9520,9239,8805,8169,7319,6243,5150,3913,2825,1929,1240,808,520,332,200,123,80,50,35,28,15,16,12,10,9,9,5,2,3,5,5,7,9,7,3,5,5,4,2,5,6,2
10000,9990,9972,9948,9901,9816,9690,9502,9186,8730,8114,7230,6187,5029,3874,2831,2008,1368,903,609,379,237,145,90,49,34,28,21,15,12,13,13,10,6,5,5,4,4,4,7,7,7,6,9,10,7,7,6,6,14
10000,9994,9984,9968,9937,9885,9808,9692,9499,9208,8778,8144,7237,6134,5026,3785,2717,1875,1293,868,553,366,222,131,85,63,46,37,24,18,14,7,7,4,3,2,1,1,2,5,5,6,9,8,10,10,10,11,15,14
10000,9994,9984,9972,9946,9894,9836,9714,9525,9256,8839,8187,7373,6337,5202,4009,2876,1975,1295,842,539,349,221,136,90,48,34,23,14,11,9,5,7,7,5,3,6,4,3,4,5,3,8,6,6,8,9,5,3,5
10000,9989,9970,9941,9896,9823,9713,9529,9241,8793,8150,7336,6286,5177,3901,2809,1965,1343,861,560,356,219,145,92,59,33,21,21,16,17,14,15,14,12,7,8,5,6,4,5,3,7,7,7,10,14,14,10,12,11
10000,9995,9981,9970,9947,9899,9829,9718,9567,9298,8889,8287,7496,6469,5376,4182,3011,2081,1424,934,584,373,219,142,101,63,42,23,20,16,13,10,8,7,5,5,5,4,4,5,8,8,7,6,7,6,7,8,5,6
10000,9992,9981,9958,9922,9884,9829,9728,9538,9265,8837,8179,7315,6241,5091,3889,2852,1974,1302,852,529,360,240,166,114,66,44,29,21,16,13,9,9,5,7,6,7,8,6,5,5,5,6,6,5,7,8,7,8,9
10000,9979,9956,9914,9844,9750,9585,9345,8970,8392,7677,6690,5534,4276,3179,2265,1514,985,612,396,254,168,110,75,50,34,18,14,11,10,6,6,6,1,1,1,1,3,4,10,16,15,11,11,9,9,11,7,5,5
10000,9993,9982,9973,9948,9908,9850,9742,9565,9333,8982,8450,7697,6677,5520,4283,3091,2137,1456,930,594,393,252,166,113,74,48,32,29,18,14,9,8,5,6,5,4,4,4,4,5,4,4,8,6,2,4,7,5,4
10000,9996,9993,9989,9981,9958,9908,9849,9755,9606,9362,8939,8372,7609,6625,5492,4324,3147,2152,1410,912,570,366,220,136,91,54,40,28,18,14,11,11,11,11,8,5,6,4,5,7,3,4,2,7,10,9,9,8,9
10000,9995,9986,9966,9935,9895,9824,9695,9467,9130,8652,7914,6974,5848,4646,3447,2408,1641,1095,732,490,312,202,145,97,60,36,26,17,13,9,10,11,10,10,10,9,7,9,7,8,10,11,8,9,9,9,9,9,9
10000,9989,9971,9944,9904,9850,9746,9578,9324,8939,8404,7587,6565,5383,4177,3017,2157,1429,972,630,404,273,194,122,77,46,32,23,20,13,11,4,6,6,6,7,10,8,4,3,4,5,5,3,4,9,8,10,14,12
10000,9993,9982,9956,9923,9870,9795,9661,9457,9146,8643,7966,7010,5906,4731,3581,2544,1701,1122,732,464,298,197,120,78,51,28,21,15,9,4,1,2,4,6,5,5,1,2,5,5,4,4,5,4,4,4,6,6,8
10000,9989,9981,9958,9925,9885,9819,9721,9534,9253,8840,8240,7394,6359,5254,4008,2899,2025,1381,891,602,392,267,176,113,84,63,43,29,18,19,16,10,8,7,3,4,4,5,3,6,4,4,7,9,10,10,7,12,15
10000,9994,9979,9957,9935,9885,9799,9677,9487,9216,8728,8070,7221,6084,4993,3743,2677,1868,1275,841,577,363,233,154,106,64,39,33,19,12,10,8,4,4,2,4,1,1,2,4,5,7,9,4,4,5,5,5,8,5
10000,9994,9983,9965,9942,9901,9827,9709,9529,9263,8831,8191,7297,6227,5069,3877,2817,1966,1305,856,536,338,221,136,92,61,38,26,17,13,13,14,13,9,7,9,9,7,6,9,3,2,4,5,6,8,8,7,8,7
10000,9998,9985,9976,9952,9909,9854,9768,9610,9370,8976,8389,7592,6571,5449,4225,3093,2172,1430,942,617,402,260,167,114,75,46,34,23,16,13,10,10,5,6,6,6,8,9,6,6,6,5,5,8,9,8,5,7,10
10000,9997,9989,9975,9946,9909,9863,9777,9636,9403,9042,8550,7807,6778,5645,4526,3390,2393,1645,1094,705,445,283,188,129,89,55,43,28,25,18,14,9,4,6,8,9,6,4,2,2,1,2,4,3,4,7,8,12,11
10,18,25,47,71,102,190,295,492,825,1251,1885,2700,3705,4834,6048,6987,7694,8178,8490,8666,8724,8713,8658,8587,8509,8410,8290,8174,8075,7973,7858,7731,7622,7516,7406,7314,7230,7124,7023,6930,6837,6725,6608,6508,6399,6303,6224,6136,6057
10,24,44,72,131,217,329,522,838,1354,2051,2987,4054,5154,6214,7131,7850,8269,8537,8658,8699,8663,8612,8499,8413,8309,8217,8116,8006,7906,7802,7676,7573,7463,7350,7240,7129,7035,6929,6834,6731,6623,6523,6435,6346,6261,6160,6082,5989,5887
10,29,44,72,130,212,348,533,866,1319,1984,2874,3977,5073,6172,7097,7802,8293,8552,8646,8704,8700,8641,8558,8465,8353,8237,8122,8019,7920,7807,7693,7596,7492,7352,7232,7135,7039,6955,6864,6779,6706,6601,6514,6413,6318,6229,6143,6049,5964
10,15,26,39,69,108,195,311,495,756,1192,1775,2636,3667,4731,5977,6939,7675,8191,8519,8657,8710,8672,8620,8543,8432,8340,8220,8098,7991,7887,7766,7648,7514,7412,7321,7224,7119,7016,6880,6785,6693,6586,6479,6405,6312,6227,6144,6066,6002
10,16,26,35,56,93,150,223,359,558,899,1401,2150,3071,4152,5356,6416,7370,7970,8361,8616,8739,8774,8769,8698,8615,8514,8388,8262,8166,8057,7946,7843,7728,7620,7522,7407,7295,7190,7101,6994,6883,6778,6686,6566,6469,6366,6268,6189,6105
10,14,19,24,37,65,121,189,298,489,740,1101,1665,2495,3516,4606,5708,6726,7513,8058,8414,8622,8697,8719,8690,8613,8540,8437,8320,8224,8121,8000,7901,7767,7659,7547,7449,7335,7238,7137,7037,6941,6841,6738,6628,6534,6439,6319,6218,6145
10,13,25,44,73,116,186,312,503,804,1216,1868,2731,3786,4875,6091,7037,7736,8187,8509,8660,8686,8663,8626,8547,8476,8375,8267,8177,8078,7966,7847,7727,7609,7497,7389,7289,7198,7091,7000,6903,6796,6704,6620,6536,6455,6353,6258,6173,6086
10,15,17,23,42,84,135,210,346,544,844,1395,2048,2920,3968,5170,6256,7153,7870,8296,8535,8693,8713,8676,8618,8539,8455,8368,8265,8153,8042,7932,7829,7720,7587,7485,7378,7280,7170,7054,6952,6827,6754,6642,6550,6453,6363,6272,6196,6116
10,16,28,45,87,142,213,328,529,869,1388,2074,2915,4006,5130,6134,7081,7767,8228,8523,8664,8705,8692,8643,8542,8426,8320,8218,8103,7985,7869,7766,7658,7547,7409,7287,7180,7081,6972,6868,6786,6699,6599,6511,6435,6353,6268,6170,6087,5990
10,18,26,36,58,113,173,274,447,731,1163,1784,2633,3656,4740,5847,6821,7598,8138,8430,8616,8693,8702,8680,8603,8507,8404,8289,8187,8072,7956,7841,7713,7594,7482,7375,7275,7170,7067,6951,6861,6751,6644,6548,6453,6374,6276,6184,6092,5995
10,12,16,28,46,66,111,151,238,385,618,1003,1509,2233,3177,4250,5337,6406,7298,7942,8299,8534,8680,8701,8635,8584,8506,8407,8286,8182,8079,7968,7848,7725,7603,7486,7381,7292,7191,7109,7015,6924,6827,6744,6651,6574,6462,6361,6249,6154
10,17,26,44,77,113,196,312,464,738,1152,1754,2642,3619,4655,5851,6792,7572,8099,8382,8550,8634,8614,8588,8515,8424,8348,8247,8136,8027,7910,7809,7703,7595,7490,7389,7278,7186,7075,6976,6867,6779,6681,6563,6477,6393,6298,6205,6112,6007
10,20,29,51,87,141,215,357,596,928,1424,2173,3080,4119,5283,6311,7196,7849,8255,8556,8671,8710,8699,8672,8593,8493,8391,8312,8193,8074,7956,7857,7742,7629,7511,7414,7306,7202,7107,6985,6888,6797,6697,6598,6495,6398,6322,6223,6139,6065
10,21,33,58,93,149,230,366,601,938,1421,2183,3104,4171,5355,6390,7290,7927,8301,8568,8690,8734,8733,8656,8577,8471,8356,8260,8134,8015,7905,7802,7666,7572,7460,7353,7271,7178,7085,6991,6904,6794,6693,6594,6510,6426,6313,6238,6161,6066
10,14,21,45,57,89,143,229,346,539,881,1387,2116,2996,4072,5180,6237,7181,7881,8272,8551,8711,8752,8736,8667,8571,8473,8356,8245,8132,8019,7907,7795,7680,7564,7464,7338,7265,7166,7059,6937,6854,6755,6644,6542,6456,6356,6259,6181,6094
10,20,24,39,63,101,162,248,436,702,1074,1682,2442,3463,4559,5741,6776,7564,8130,8451,8613,8672,8670,8631,8577,8483,8371,8255,8156,8050,7943,7847,7729,7616,7518,7403,7291,7211,7105,6988,6882,6784,6692,6580,6473,6393,6320,6218,6133,6039
10,19,31,58,89,150,262,431,656,1035,1620,2437,3465,4525,5670,6672,7496,8063,8416,8618,8712,8690,8658,8598,8492,8415,8317,8188,8088,7969,7843,7725,7622,7520,7412,7314,7211,7110,7013,6903,6806,6712,6609,6517,6414,6331,6243,6134,6050,5970
10,20,46,77,122,180,294,474,737,1163,1756,2621,3697,4761,5908,6825,7579,8159,8473,8653,8736,8742,8702,8624,8553,8423,8311,8209,8091,7963,7853,7731,7620,7496,7394,7269,7143,7042,6955,6849,6716,6604,6509,6418,6327,6230,6135,6057,5984,5891
10,20,33,54,93,147,227,387,617,989,1504,2201,3181,4224,5388,6440,7306,7975,8395,8608,8683,8712,8666,8592,8512,8412,8316,8232,8118,8004,7883,7748,7653,7543,7424,7323,7210,7098,6993,6886,6782,6692,6599,6509,6414,6325,6235,6161,6071,5983
10,16,28,50,99,154,236,398,641,1019,1545,2323,3307,4406,5518,6541,7345,8004,8352,8560,8690,8690,8644,8554,8478,8387,8266,8174,8044,7933,7817,7704,7585,7472,7380,7256,7129,7023,6906,6806,6717,6616,6530,6441,6344,6254,6152,6080,6004,5912
10,14,20,30,63,99,160,271,454,732,1129,1732,2526,3581,4685,5883,6836,7633,8149,8445,8616,8725,8718,8671,8602,8514,8400,8301,8169,8052,7953,7841,7722,7620,7521,7420,7308,7190,7098,7010,6907,6807,6703,6604,6502,6406,6320,6242,6163,6081
10,19,39,64,98,156,251,391,644,994,1541,2302,3262,4328,5545,6520,7371,7985,8388,8609,8711,8725,8701,8662,8575,8476,8379,8263,8154,8047,7943,7856,7745,7632,7535,7436,7345,7249,7150,7059,6962,6875,6781,6696,6599,6502,6416,6344,6243,6150
10,15,24,36,62,90,146,263,432,721,1161,1754,2567,3603,4631,5773,6755,7554,8047,8426,8633,8704,8709,8679,8594,8499,8402,8293,8173,8055,7947,7822,7724,7612,7501,7385,7293,7188,7062,6982,6880,6784,6694,6617,6544,6454,6363,6260,6163,6054
10,16,19,44,75,135,231,371,606,946,1472,2174,3113,4206,5310,6464,7348,7962,8351,8550,8670,8700,8700,8631,8514,8420,8305,8195,8070,7946,7816,7717,7602,7511,7421,7319,7210,7113,7001,6904,6794,6699,6601,6522,6433,6346,6266,6198,6109,6036
10,14,22,39,66,107,189,300,493,796,1263,1894,2733,3749,4881,5994,6868,7589,8055,8384,8551,8630,8630,8605,8517,8431,8321,8197,8086,7989,7868,7743,7646,7535,7434,7326,7228,7114,7009,6901,6781,6678,6576,6471,6372,6277,6192,6108,6029,5958
10,22,41,76,139,222,377,602,947,1478,2197,3103,4176,5359,6474,7351,7980,8389,8601,8724,8736,8710,8641,8566,8463,8367,8244,8124,8006,7900,7810,7694,7596,7502,7397,7284,7168,7067,6975,6881,6775,6674,6578,6457,6365,6270,6192,6115,6026,5927
10,16,22,39,54,95,145,236,399,662,1033,1653,2457,3470,4590,5751,6764,7541,8140,8488,8698,8774,8777,8742,8674,8571,8451,8342,8221,8112,7982,7865,7771,7672,7554,7442,7330,7228,7127,7045,6956,6866,6776,6687,6583,6477,6382,6302,6229,6138
10,14,23,35,50,72,118,191,317,540,862,1326,1981,2824,3876,4952,6099,7021,7719,8175,8494,8650,8729,8719,8644,8551,8442,8349,8232,8120,7992,7870,7732,7608,7485,7394,7273,7168,7073,6971,6874,6775,6695,6615,6502,6426,6340,6257,6176,6095
10,19,27,45,72,103,172,269,448,687,1060,1645,2406,3385,4467,5644,6659,7563,8125,8488,8669,8713,8724,8682,8606,8514,8401,8284,8197,8110,8013,7901,7794,7679,7589,7469,7372,7276,7190,7089,6984,6889,6786,6700,6613,6519,6427,6337,6247,6163
10,14,36,67,105,165,261,390,612,968,1467,2192,3110,4244,5420,6506,7351,7952,8342,8578,8689,8685,8663,8592,8493,8400,8278,8193,8067,7954,7837,7736,7632,7527,7418,7308,7194,7076,6985,6883,6796,6707,6604,6520,6432,6349,6258,6171,6086,5993
10,17,28,40,66,100,173,282,450,751,1186,1812,2608,3674,4766,5942,6903,7649,8213,8525,8684,8758,8737,8684,8627,8536,8433,8328,8207,8096,7993,7882,7770,7679,7571,7474,7365,7250,7149,7020,6918,6840,6749,6643,6558,6471,6381,6305,6207,6115
10,16,27,42,64,99,178,284,442,712,1130,1764,2618,3668,4736,5946,6930,7713,8210,8525,8676,8712,8757,8706,8635,8533,8423,8312,8207,8093,7984,7870,7761,7652,7528,7430,7339,7210,7094,7005,6920,6826,6728,6619,6523,6439,6338,6252,6167,6075
10,16,26,39,53,84,124,188,292,474,782,1213,1835,2701,3732,4793,5975,6987,7747,8279,8567,8723,8729,8728,8654,8568,8465,8367,8269,8141,8047,7939,7822,7704,7578,7480,7356,7257,7138,7037,6940,6832,6744,6668,6568,6470,6380,6311,6223,6124
10,21,36,49,72,111,188,334,544,879,1392,2126,3102,4174,5291,6339,7219,7881,8323,8588,8660,8724,8700,8620,8536,8443,8333,8243,8137,8029,7926,7823,7732,7620,7509,7401,7299,7188,7080,6998,6884,6783,6689,6589,6482,6391,6310,6220,6140,6047
10,12,20,36,61,113,190,340,528,843,1308,1982,2826,3902,5029,6157,7092,7802,8260,8527,8651,8714,8685,8640,8567,8477,8363,8238,8125,8034,7909,7782,7665,7572,7471,7363,7241,7139,7045,6947,6849,6743,6652,6561,6452,6357,6245,6158,6075,5989
10,14,28,41,55,91,139,235,426,705,1118,1768,2595,3598,4643,5750,6734,7553,8070,8422,8610,8698,8700,8646,8566,8487,8386,8303,8208,8106,8005,7889,7779,7683,7560,7435,7332,7226,7114,7014,6935,6858,6762,6653,6557,6476,6393,6311,6223,6137
10,18,39,72,118,180,295,485,723,1125,1700,2508,3491,4537,5646,6663,7492,8077,8428,8585,8686,8693,8655,8602,8509,8419,8331,8232,8106,7996,7861,7770,7670,7561,7438,7336,7215,7113,7011,6909,6787,6697,6609,6528,6455,6375,6289,6199,6109,6027
10,24,42,72,113,181,295,492,774,1248,1903,2801,3878,4918,6058,7016,7782,8283,8574,8689,8700,8683,8647,8592,8503,8387,8270,8184,8062,7955,7844,7755,7635,7538,7440,7335,7235,7131,7024,6933,6839,6747,6647,6550,6465,6380,6284,6195,6096,6009
10,13,17,31,51,91,148,246,378,618,996,1531,2272,3240,4290,5456,6537,7344,7953,8344,8573,8696,8753,8713,8632,8536,8451,8347,8251,8154,8032,7908,7799,7697,7602,7486,7400,7297,7197,7087,6978,6880,6791,6677,6587,6478,6400,6329,6237,6137
10,15,34,49,79,127,210,378,611,926,1471,2215,3150,4204,5312,6328,7162,7794,8200,8478,8608,8659,8677,8610,8521,8409,8319,8232,8128,8018,7913,7804,7689,7574,7470,7379,7275,7165,7058,6968,6886,6799,6699,6613,6533,6433,6335,6251,6155,6074
10,14,19,29,50,79,129,213,343,526,847,1272,1930,2818,3921,5087,6197,7086,7802,8258,8548,8677,8704,8697,8627,8538,8470,8383,8286,8187,8073,7959,7834,7740,7645,7539,7425,7311,7214,7120,7025,6923,6815,6731,6627,6536,6466,6367,6271,6173
10,19,26,43,73,120,192,328,497,766,1223,1844,2699,3718,4728,5916,6890,7605,8113,8453,8597,8655,8647,8597,8545,8438,8348,8247,8135,8013,7910,7784,7671,7556,7449,7335,7228,7118,7020,6929,6834,6737,6635,6548,6462,6355,6245,6161,6071,5991
10,15,14,33,54,87,166,289,465,760,1174,1798,2598,3612,4667,5805,6824,7597,8135,8485,8691,8767,8741,8701,8606,8510,8412,8310,8191,8078,7960,7839,7731,7615,7500,7402,7296,7184,7079,6978,6877,6775,6671,6583,6491,6393,6299,6194,6103,6023
10,16,24,32,53,79,128,216,370,585,929,1380,2074,2938,3941,5138,6214,7151,7784,8246,8545,8670,8717,8687,8638,8571,8493,8398,8305,8200,8080,7954,7844,7734,7613,7503,7397,7294,7193,7082,6974,6875,6764,6662,6578,6488,6387,6301,6210,6131
10,15,27,47,94,146,231,385,597,943,1473,2206,3182,4262,5394,6461,7352,7946,8336,8566,8684,8722,8697,8627,8553,8463,8352,8230,8118,8020,7919,7804,7689,7583,7472,7358,7250,7153,7052,6967,6874,6773,6680,6572,6471,6382,6288,6194,6106,6014
10,21,29,54,80,142,243,391,646,1035,1602,2372,3319,4353,5581,6679,7515,8035,8374,8591,8673,8682,8639,8583,8520,8446,8365,8263,8152,8045,7915,7794,7675,7571,7474,7384,7275,7200,7109,7011,6938,6839,6740,6643,6554,6456,6361,6276,6182,6092
10,13,24,47,77,121,187,274,449,729,1130,1693,2514,3535,4591,5681,6643,7451,8017,8402,8604,8701,8697,8620,8550,8467,8361,8261,8151,8044,7933,7810,7721,7609,7499,7401,7299,7198,7090,6997,6914,6818,6716,6614,6525,6435,6364,6284,6192,6108
10,25,47,82,137,254,423,685,1085,1651,2401,3311,4469,5599,6592,7412,8008,8340,8518,8631,8636,8590,8509,8432,8322,8212,8100,8000,7898,7784,7662,7541,7421,7313,7203,7099,7001,6906,6806,6714,6618,6531,6436,6340,6235,6169,6093,6020,5933,5845
10,16,27,48,75,130,205,315,495,797,1220,1781,2582,3594,4645,5813,6795,7599,8163,8498,8685,8781,8786,8749,8670,8580,8466,8354,8239,8122,8008,7895,7796,7692,7586,7479,7350,7246,7127,7038,6949,6836,6735,6652,6536,6429,6349,6259,6182,6109
10,14,19,33,52,87,148,227,367,547,847,1272,1950,2781,3759,4898,6060,6967,7728,8250,8539,8681,8744,8736,8669,8600,8509,8416,8313,8206,8093,7978,7860,7746,7630,7519,7421,7313,7213,7119,7012,6913,6818,6736,6626,6525,6421,6333,6238,6156
10,13,21,30,49,91,140,237,375,614,950,1431,2136,3002,4027,5192,6283,7218,7863,8299,8575,8676,8752,8739,8700,8616,8542,8461,8335,8219,8097,7993,7876,7775,7660,7544,7438,7336,7241,7142,7049,6951,6832,6725,6638,6558,6480,6399,6302,6207
10,14,24,30,43,69,100,163,266,431,696,1066,1669,2475,3478,4563,5708,6754,7522,8054,8418,8620,8724,8723,8684,8618,8522,8427,8315,8204,8106,7992,7879,7781,7660,7560,7458,7344,7235,7137,7043,6931,6841,6743,6651,6570,6475,6371,6270,6203
10,14,18,31,46,84,134,214,370,598,975,1474,2157,3106,4215,5316,6363,7276,7901,8334,8584,8702,8720,8697,8638,8578,8460,8344,8233,8145,8039,7926,7787,7677,7568,7467,7364,7250,7154,7060,6946,6850,6767,6670,6581,6487,6397,6303,6217,6125
10,14,19,31,58,89,153,253,433,691,1117,1698,2495,3489,4583,5679,6683,7463,8019,8403,8619,8692,8701,8662,8604,8525,8414,8322,8210,8099,8000,7890,7764,7661,7565,7457,7346,7228,7121,7034,6936,6841,6752,6659,6562,6471,6367,6270,6183,6111
10,12,20,39,59,94,157,249,426,677,1082,1662,2435,3398,4509,5646,6697,7519,8076,8477,8655,8757,8746,8680,8606,8510,8417,8309,8193,8083,7962,7863,7752,7650,7547,7427,7303,7206,7089,6975,6889,6805,6711,6623,6525,6428,6329,6239,6172,6078
10,11,12,19,25,48,76,116,184,262,423,681,1016,1529,2269,3301,4364,5527,6574,7451,8051,8382,8627,8708,8747,8693,8623,8523,8429,8324,8222,8102,7991,7869,7760,7660,7538,7454,7354,7237,7124,7026,6914,6812,6705,6603,6509,6427,6342,6257
10,21,32,56,79,141,224,380,656,1019,1594,2342,3291,4411,5544,6499,7363,7969,8409,8625,8719,8727,8693,8626,8544,8422,8315,8210,8093,7985,7871,7740,7637,7529,7414,7308,7200,7106,7004,6890,6792,6712,6630,6539,6454,6376,6282,6198,6121,6021
10,13,22,40,66,96,160,279,476,749,1171,1793,2610,3643,4663,5818,6807,7591,8160,8489,8636,8712,8731,8675,8601,8499,8420,8300,8211,8104,7993,7883,7777,7667,7567,7469,7369,7262,7160,7045,6929,6845,6753,6645,6567,6484,6390,6280,6186,6096
10,19,37,61,107,192,313,495,801,1236,1840,2686,3676,4768,5849,6793,7523,8050,8371,8541,8672,8668,8638,8555,8461,8359,8255,8155,8047,7947,7823,7698,7590,7502,7392,7304,7186,7086,6968,6866,6755,6658,6559,6488,6397,6309,6216,6148,6062,5973
10,16,26,42,71,122,195,305,494,779,1196,1809,2680,3739,4772,5917,6891,7634,8107,8440,8617,8656,8684,8626,8560,8475,8383,8274,8156,8040,7931,7807,7685,7561,7459,7344,7241,7152,7055,6953,6852,6775,6658,6575,6487,6395,6312,6199,6115,6033
10,16,26,38,64,114,172,289,473,735,1138,1766,2551,3555,4632,5754,6791,7595,8179,8511,8695,8763,8767,8726,8649,8581,8452,8365,8242,8140,8024,7914,7789,7676,7571,7467,7382,7278,7164,7046,6944,6834,6737,6636,6555,6470,6394,6300,6211,6126
10,20,38,64,108,179,288,462,741,1177,1800,2580,3580,4623,5827,6837,7576,8090,8449,8620,8686,8697,8660,8600,8505,8378,8279,8159,8051,7929,7844,7741,7625,7536,7432,7340,7244,7122,7025,6920,6825,6729,6622,6530,6430,6331,6235,6155,6060,5963
10,15,29,37,60,108,177,286,435,699,1099,1680,2453,3439,4477,5597,6668,7495,8059,8438,8678,8776,8776,8733,8650,8544,8431,8320,8194,8086,7974,7864,7764,7660,7548,7439,7336,7235,7126,7026,6930,6825,6740,6643,6547,6453,6355,6248,6154,6066
10,18,29,52,88,123,177,278,462,727,1147,1777,2614,3637,4731,5854,6792,7560,8121,8446,8662,8704,8711,8660,8601,8505,8429,8324,8223,8109,7992,7889,7771,7665,7563,7464,7350,7248,7160,7057,6957,6851,6757,6654,6560,6469,6368,6276,6172,6075
10,31,54,95,163,251,411,644,1010,1570,2260,3219,4327,5518,6535,7362,8027,8453,8698,8777,8783,8748,8672,8571,8493,8377,8276,8152,8019,7920,7788,7666,7559,7453,7331,7222,7114,7021,6916,6836,6745,6658,6578,6505,6416,6333,6252,6171,6086,6008
10,17,27,36,60,98,155,261,429,655,996,1507,2233,3219,4327,5490,6585,7440,8007,8435,8648,8690,8710,8677,8601,8509,8388,8272,8155,8050,7912,7822,7705,7597,7487,7381,7288,7206,7118,7020,6929,6830,6726,6632,6531,6417,6324,6232,6156,6066
10,13,16,20,28,51,101,158,250,394,631,1044,1588,2324,3259,4343,5440,6529,7435,8053,8449,8669,8739,8747,8708,8620,8516,8393,8287,8166,8047,7951,7852,7746,7639,7540,7458,7360,7264,7163,7049,6954,6877,6796,6691,6601,6503,6421,6335,6247
10,15,23,43,74,112,181,305,527,856,1320,2036,2945,4022,5160,6271,7213,7868,8284,8516,8623,8666,8644,8583,8518,8428,8318,8186,8068,7961,7837,7719,7613,7501,7401,7288,7197,7098,6997,6898,6800,6714,6628,6541,6439,6323,6238,6135,6060,5996
10,21,39,65,103,154,254,420,665,1040,1560,2348,3329,4454,5584,6674,7436,8050,8381,8593,8690,8704,8664,8609,8522,8427,8301,8185,8065,7964,7857,7736,7625,7506,7411,7312,7210,7113,7008,6922,6816,6734,6619,6527,6457,6361,6270,6195,6107,6020
10,17,28,54,87,139,213,342,541,839,1323,1981,2897,3956,5063,6135,7069,7808,8277,8544,8685,8739,8739,8699,8626,8539,8430,8312,8199,8087,7992,7866,7769,7657,7535,7435,7325,7236,7140,7044,6947,6857,6765,6659,6564,6475,6382,6291,6201,6119
10,21,28,49,80,118,180,276,457,728,1127,1707,2524,3519,4558,5744,6769,7546,8063,8428,8601,8695,8696,8656,8604,8512,8400,8299,8197,8073,7942,7835,7709,7584,7481,7363,7250,7148,7063,6950,6844,6770,6683,6587,6490,6390,6284,6212,6118,6035
10,16,31,51,72,119,204,323,509,769,1242,1877,2692,3780,4816,5974,6939,7643,8128,8432,8580,8651,8647,8591,8513,8427,8331,8219,8116,8027,7909,7795,7694,7593,7481,7368,7258,7138,7031,6933,6832,6729,6626,6512,6412,6335,6238,6156,6071,5987
10,16,25,43,65,103,175,291,467,726,1144,1762,2633,3651,4750,5864,6839,7584,8138,8472,8664,8750,8730,8681,8607,8537,8436,8328,8225,8109,7987,7877,7779,7666,7555,7447,7341,7222,7124,7001,6904,6809,6696,6605,6502,6404,6307,6218,6140,6044
10,11,23,31,54,96,145,231,383,611,995,1564,2338,3312,4376,5529,6565,7392,8025,8389,8580,8664,8657,8623,8572,8490,8398,8298,8165,8052,7925,7814,7725,7632,7532,7445,7340,7234,7136,7042,6954,6838,6742,6660,6567,6479,6388,6301,6213,6116
10,12,20,32,60,94,137,222,361,587,933,1412,2130,3120,4192,5235,6289,7184,7821,8249,8503,8631,8654,8621,8576,8505,8427,8301,8193,8075,7973,7866,7768,7665,7543,7437,7355,7250,7137,7041,6942,6834,6736,6643,6539,6439,6351,6252,6163,6069
0,0,0,0,0,0,3,4,10,18,33,58,94,136,198,263,345,463,590,700,830,947,1082,1207,1329,1445,1561,1696,1817,1923,2024,2142,2270,2382,2486,2600,2690,2775,2882,2985,3077,3168,3276,3395,3496,3604,3697,3777,3864,3937
0,0,1,2,5,7,16,22,33,53,72,113,156,225,313,404,516,630,761,892,1020,1158,1288,1439,1552,1670,1775,1885,1998,2101,2206,2332,2435,2544,2656,2764,2879,2974,3080,3175,3277,3385,3482,3568,3655,3743,3842,3920,4011,4111
0,0,0,3,4,6,10,15,21,39,69,101,151,212,307,408,513,641,766,895,1008,1122,1251,1375,1493,1623,1750,1875,1981,2082,2196,2310,2408,2513,2653,2771,2868,2964,3046,3139,3225,3297,3400,3487,3589,3686,3778,3865,3955,4041
0,0,1,2,4,6,6,8,11,23,41,63,90,134,186,279,366,481,605,717,855,969,1117,1251,1379,1524,1627,1758,1886,2001,2111,2236,2357,2494,2597,2688,2786,2888,2990,3125,3222,3313,3419,3525,3601,3692,3776,3861,3940,4004
0,2,3,6,6,6,7,10,13,22,28,49,75,109,154,220,301,402,515,625,719,847,955,1073,1205,1326,1451,1594,1729,1828,1941,2058,2163,2278,2386,2485,2598,2710,2815,2901,3007,3119,3228,3321,3438,3533,3636,3731,3812,3893
0,1,2,3,4,3,4,9,14,21,30,49,67,96,141,202,285,368,464,575,690,802,928,1051,1162,1283,1401,1529,1656,1764,1874,2001,2099,2229,2337,2451,2555,2669,2764,2868,2969,3065,3165,3266,3373,3467,3565,3685,3787,3860
0,0,0,0,1,2,6,6,12,25,41,68,104,151,203,294,391,498,607,739,870,1019,1138,1243,1374,1477,1597,1711,1811,1916,2033,2157,2278,2398,2505,2614,2714,2805,2911,3002,3102,3209,3302,3383,3464,3546,3646,3740,3827,3910
0,0,3,3,4,4,7,10,13,24,30,44,67,109,165,242,328,411,513,628,763,883,1021,1145,1275,1393,1504,1603,1716,1835,1949,2064,2170,2280,2414,2514,2625,2722,2833,2950,3047,3173,3249,3360,3457,3554,3641,3729,3808,3890
0,1,2,3,3,4,9,16,24,31,48,71,104,157,218,294,392,503,636,756,884,1000,1140,1252,1390,1531,1659,1773,1894,2014,2129,2238,2347,2459,2597,2716,2826,2925,3034,3137,3215,3302,3400,3489,3567,3648,3734,3830,3916,4013
0,1,1,1,1,1,3,5,7,15,31,53,88,127,185,258,362,469,591,723,834,958,1089,1186,1310,1435,1560,1687,1799,1923,2041,2162,2290,2406,2519,2625,2728,2831,2932,3050,3141,3253,3361,3456,3550,3631,3727,3819,3912,4010
0,1,2,2,2,4,5,6,7,11,17,30,54,76,120,159,245,338,434,546,680,789,910,1039,1192,1318,1433,1559,1692,1807,1920,2036,2156,2280,2402,2520,2627,2716,2815,2900,2992,3082,3181,3262,3355,3433,3544,3643,3757,3851
0,0,0,1,1,1,1,7,14,26,37,57,82,126,190,273,373,476,604,741,866,989,1136,1258,1390,1514,1619,1729,1854,1970,2090,2194,2302,2411,2515,2615,2724,2810,2921,3023,3132,3221,3316,3437,3524,3606,3700,3794,3888,3986
0,0,0,1,1,2,2,7,14,26,42,76,111,163,232,309,414,526,632,742,861,990,1114,1218,1339,1469,1586,1671,1799,1923,2044,2146,2259,2373,2490,2590,2697,2804,2899,3020,3115,3205,3304,3403,3507,3605,3680,3781,3865,3941
0,0,0,1,2,5,10,16,19,29,42,65,106,146,210,292,382,487,605,715,848,986,1104,1243,1361,1495,1626,1731,1864,1984,2098,2199,2337,2429,2543,2651,2735,2829,2920,3013,3101,3212,3313,3410,3494,3575,3683,3759,3840,3933
0,0,0,0,1,2,3,5,9,17,32,43,65,96,145,216,286,373,493,618,721,834,964,1081,1218,1361,1492,1620,1741,1861,1977,2091,2208,2323,2438,2538,2664,2738,2837,2944,3067,3151,3251,3364,3464,3547,3647,3743,3817,3906
0,1,1,1,1,1,1,6,9,19,29,46,85,120,170,244,339,442,546,684,820,960,1100,1210,1327,1458,1593,1721,1827,1938,2050,2153,2271,2386,2486,2604,2712,2790,2898,3014,3117,3214,3308,3422,3527,3607,3681,3783,3869,3966
0,1,1,2,3,7,8,17,23,30,51,70,113,173,249,329,422,539,667,800,918,1059,1186,1303,1440,1548,1659,1798,1908,2031,2158,2277,2378,2484,2594,2691,2795,2895,2992,3102,3197,3288,3390,3481,3585,3665,3757,3864,3953,4036
0,0,2,3,5,8,13,19,28,45,66,92,128,190,277,371,463,564,687,806,914,1045,1165,1295,1408,1547,1672,1782,1905,2037,2151,2274,2385,2510,2612,2737,2863,2966,3051,3156,3289,3397,3491,3585,3675,3771,3868,3947,4018,4107
0,0,0,1,4,5,9,10,22,27,46,75,112,169,236,330,418,512,645,774,911,1030,1162,1286,1408,1536,1655,1759,1875,1991,2118,2257,2353,2462,2582,2683,2797,2907,3013,3119,3224,3310,3403,3492,3588,3678,3768,3842,3934,4022
0,0,0,0,3,4,8,12,18,31,46,78,123,185,252,345,455,560,686,822,950,1076,1201,1333,1452,1567,1702,1811,1946,2062,2179,2296,2416,2528,2624,2749,2876,2984,3101,3196,3285,3386,3474,3563,3660,3751,3853,3923,3997,4090
0,0,0,0,0,2,4,7,13,21,37,65,103,149,188,267,349,464,580,708,821,934,1053,1183,1315,1436,1566,1679,1818,1941,2046,2157,2275,2377,2477,2582,2696,2813,2903,2991,3095,3193,3297,3396,3498,3596,3680,3762,3841,3924
0,0,0,1,5,9,13,16,23,34,51,79,132,186,245,328,423,535,628,751,883,1007,1135,1252,1370,1496,1608,1729,1845,1956,2062,2151,2263,2374,2469,2567,2658,2755,2851,2944,3042,3127,3221,3307,3406,3503,3587,3664,3763,3852
0,1,2,3,3,5,8,8,12,20,25,52,93,138,197,273,363,476,597,724,849,967,1090,1203,1340,1459,1576,1694,1819,1940,2053,2181,2281,2394,2506,2622,2713,2818,2942,3020,3121,3218,3308,3382,3457,3549,3641,3747,3840,3950
0,0,2,2,3,3,6,10,14,26,46,68,103,164,228,311,418,531,631,765,897,1014,1133,1261,1417,1539,1675,1792,1922,2051,2182,2286,2401,2491,2583,2685,2792,2890,3002,3102,3212,3306,3405,3483,3573,3660,3738,3807,3894,3966
0,0,1,1,2,7,10,15,28,31,41,68,108,148,206,295,405,503,633,754,885,1002,1124,1245,1386,1508,1644,1781,1906,2011,2137,2261,2359,2472,2574,2681,2779,2893,3000,3107,3228,3330,3430,3538,3634,3726,3811,3890,3972,4042
0,0,1,2,4,7,8,11,17,30,46,84,133,194,286,392,495,615,735,871,1006,1134,1261,1373,1504,1615,1742,1869,1989,2096,2190,2308,2407,2503,2607,2719,2831,2935,3025,3120,3225,3326,3424,3545,3636,3728,3808,3885,3971,4072
0,1,1,1,3,4,6,11,14,24,40,50,86,124,186,260,333,448,538,653,772,898,1017,1134,1261,1392,1528,1643,1769,1884,2017,2136,2231,2333,2454,2566,2674,2777,2877,2961,3051,3138,3224,3314,3419,3525,3619,3702,3776,3865
0,0,0,0,0,1,2,2,6,12,22,36,56,91,136,192,269,364,473,592,711,846,957,1091,1238,1365,1504,1628,1756,1874,2007,2129,2270,2393,2516,2607,2729,2834,2933,3035,3133,3232,3311,3388,3500,3574,3660,3745,3826,3908
0,0,1,1,3,5,9,16,22,29,39,53,85,125,164,245,341,437,565,671,799,936,1053,1174,1302,1429,1562,1694,1794,1889,1990,2104,2210,2325,2416,2537,2633,2727,2813,2914,3019,3113,3217,3304,3393,3485,3577,3665,3753,3835
0,0,0,2,4,6,10,14,21,43,62,84,134,171,228,305,416,528,656,775,903,1050,1180,1294,1434,1555,1693,1795,1937,2051,2165,2270,2373,2478,2587,2698,2813,2931,3016,3119,3206,3296,3400,3484,3571,3653,3746,3832,3916,4010
0,0,2,3,3,3,3,7,10,21,38,56,90,127,173,250,334,439,528,658,803,942,1070,1193,1306,1425,1539,1655,1781,1901,2003,2118,2229,2320,2431,2530,2638,2752,2853,2984,3087,3167,3256,3362,3442,3529,3617,3695,3797,3891
0,0,0,0,1,1,3,4,8,13,21,37,60,103,148,225,311,417,549,677,804,936,1040,1172,1292,1417,1542,1668,1785,1899,2014,2133,2243,2354,2475,2573,2663,2793,2911,2999,3082,3174,3271,3379,3479,3563,3666,3752,3836,3930
0,0,0,1,1,3,4,6,6,13,24,44,75,106,157,223,306,393,485,595,705,829,988,1095,1240,1367,1501,1614,1722,1854,1950,2064,2181,2302,2427,2527,2651,2750,2865,2962,3058,3169,3259,3333,3434,3531,3621,3693,3779,3875
0,0,1,3,5,7,9,10,15,35,55,81,109,158,227,319,421,528,651,778,911,1016,1144,1275,1396,1521,1643,1747,1863,1976,2079,2183,2275,2387,2496,2605,2707,2819,2927,3007,3121,3224,3317,3415,3519,3613,3694,3785,3865,3957
0,0,0,2,2,4,7,12,19,28,45,63,95,145,225,297,379,481,612,753,886,987,1122,1244,1369,1488,1619,1753,1873,1971,2098,2226,2342,2435,2533,2642,2762,2861,2956,3052,3152,3256,3346,3440,3549,3644,3753,3842,3928,4012
0,0,0,1,3,5,8,10,15,29,46,60,89,129,191,260,368,467,578,701,828,934,1062,1206,1335,1442,1572,1671,1779,1888,1995,2116,2226,2323,2446,2574,2677,2779,2890,2991,3068,3148,3243,3349,3444,3524,3608,3689,3778,3864
0,0,0,1,3,5,9,19,31,43,61,87,129,183,266,356,465,569,707,840,964,1095,1214,1322,1445,1550,1657,1762,1891,2007,2138,2228,2332,2442,2567,2669,2789,2890,2994,3095,3216,3304,3394,3477,3553,3632,3716,3809,3896,3976
0,0,1,1,3,6,6,11,17,35,49,88,122,183,270,358,459,585,707,827,975,1101,1209,1319,1448,1578,1708,1804,1931,2042,2157,2249,2367,2465,2564,2669,2769,2871,2983,3072,3169,3258,3358,3456,3536,3624,3725,3812,3908,3992
0,0,0,0,0,1,3,7,15,19,29,45,70,104,154,228,299,405,523,633,778,892,1003,1139,1288,1411,1520,1633,1739,1842,1967,2090,2206,2308,2403,2518,2604,2705,2807,2918,3027,3126,3213,3329,3416,3527,3606,3674,3766,3865
0,0,0,0,0,1,3,5,12,20,42,69,115,171,235,322,439,543,661,763,898,1022,1125,1257,1391,1531,1650,1756,1864,1974,2085,2198,2316,2427,2530,2622,2726,2837,2943,3034,3118,3205,3306,3391,3472,3573,3671,3753,3847,3926
0,0,0,0,0,0,0,1,5,12,20,33,57,90,141,201,284,371,485,608,725,856,987,1118,1260,1390,1484,1591,1707,1811,1928,2043,2168,2264,2358,2466,2579,2691,2788,2882,2980,3081,3188,3271,3372,3458,3530,3629,3725,3823
0,0,1,2,2,4,6,9,17,30,41,63,117,163,213,317,413,511,622,730,867,980,1109,1236,1356,1488,1606,1729,1853,1978,2085,2213,2331,2446,2555,2665,2774,2884,2984,3079,3172,3270,3370,3455,3541,3649,3758,3845,3932,4016
0,0,1,1,2,3,3,5,10,19,37,51,83,122,180,259,333,437,548,668,776,919,1056,1174,1313,1443,1561,1675,1802,1919,2042,2164,2274,2390,2506,2603,2709,2821,2928,3031,3132,3229,3331,3417,3510,3607,3698,3804,3895,3979
0,0,0,1,2,3,4,4,7,13,21,41,69,111,158,215,280,378,493,623,729,860,988,1117,1241,1358,1466,1577,1679,1790,1918,2049,2158,2269,2392,2500,2608,2711,2813,2924,3027,3128,3238,3338,3424,3514,3618,3704,3794,3872
0,0,0,1,1,2,4,9,14,21,33,54,101,148,221,304,384,486,618,742,874,1004,1120,1247,1377,1496,1624,1756,1873,1976,2082,2200,2316,2423,2535,2648,2757,2851,2953,3038,3130,3230,3320,3431,3530,3621,3713,3807,3894,3987
0,1,1,1,1,1,4,8,15,38,48,73,123,181,256,340,448,562,696,803,946,1070,1180,1296,1398,1501,1607,1724,1843,1954,2083,2205,2330,2436,2531,2622,2731,2803,2895,2992,3068,3168,3266,3363,3452,3549,3644,3728,3822,3911
0,0,1,1,1,2,5,9,15,24,32,56,88,129,186,278,384,485,605,706,852,971,1099,1234,1366,1482,1610,1725,1844,1957,2071,2195,2283,2395,2505,2603,2707,2808,2915,3006,3089,3184,3286,3387,3475,3567,3636,3717,3813,3899
0,0,0,0,4,6,11,26,41,63,97,148,205,282,368,489,606,751,888,1005,1141,1277,1406,1516,1646,1772,1891,1993,2098,2214,2338,2464,2586,2693,2803,2904,3001,3097,3196,3288,3386,3472,3566,3659,3763,3828,3908,3979,4064,4150
0,0,0,0,2,3,6,10,18,29,45,68,97,139,190,269,358,455,565,673,791,901,1025,1149,1267,1387,1518,1638,1757,1880,1993,2105,2206,2312,2417,2526,2651,2757,2877,2968,3054,3168,3270,3351,3466,3573,3653,3742,3820,3894
0,0,0,0,0,0,0,3,3,13,22,41,61,105,153,209,294,389,489,603,724,856,966,1085,1227,1334,1460,1568,1681,1791,1916,2030,2148,2262,2374,2481,2580,2688,2793,2887,2994,3093,3187,3271,3377,3480,3585,3670,3765,3848
0,1,2,2,2,3,5,10,20,28,42,60,85,119,156,220,289,376,492,596,712,857,961,1077,1201,1318,1421,1518,1655,1774,1901,2007,2126,2230,2346,2462,2566,2670,2763,2864,2957,3053,3169,3276,3364,3446,3526,3605,3700,3796
0,0,0,2,5,5,8,8,9,14,22,29,52,86,126,176,252,342,457,561,676,784,898,1042,1168,1287,1419,1533,1660,1781,1893,2012,2125,2227,2348,2446,2544,2659,2768,2868,2960,3074,3164,3262,3354,3434,3529,3629,3732,3796
0,0,0,0,0,0,1,2,3,5,18,39,66,99,153,217,302,386,502,600,744,885,1024,1140,1268,1372,1511,1636,1758,1851,1961,2074,2213,2327,2434,2532,2639,2753,2846,2942,3056,3152,3234,3335,3423,3515,3606,3699,3784,3875
0,0,1,1,1,3,3,6,13,16,33,59,90,128,182,252,348,460,568,683,812,946,1073,1193,1310,1409,1538,1648,1772,1893,2001,2111,2239,2343,2441,2549,2659,2777,2887,2969,3065,3162,3253,3344,3440,3526,3629,3724,3813,3887
0,0,0,0,1,2,8,13,17,25,38,61,81,128,190,265,349,454,569,672,805,928,1055,1192,1322,1447,1561,1680,1801,1915,2039,2140,2250,2352,2455,2576,2699,2796,2915,3028,3114,3198,3286,3374,3471,3569,3673,3762,3829,3925
0,1,2,2,2,3,5,6,8,9,15,20,35,51,80,116,186,250,332,433,539,668,783,930,1048,1179,1297,1422,1540,1655,1768,1892,2007,2131,2244,2344,2467,2551,2649,2765,2882,2980,3088,3191,3297,3400,3492,3577,3661,3748
0,0,0,0,1,2,5,8,17,26,46,69,106,171,244,344,432,556,671,783,901,1028,1155,1296,1412,1548,1666,1778,1901,2015,2130,2262,2367,2476,2593,2697,2802,2898,3002,3118,3215,3292,3374,3465,3549,3628,3723,3804,3880,3977
0,0,0,1,1,1,2,11,14,22,34,48,81,124,197,279,378,490,610,713,854,966,1079,1212,1329,1461,1555,1682,1784,1890,2005,2117,2224,2334,2438,2539,2638,2743,2845,2958,3072,3158,3254,3360,3438,3522,3618,3725,3818,3912
0,1,1,1,2,2,7,13,23,44,56,94,147,213,287,386,479,592,736,860,959,1105,1227,1365,1500,1617,1727,1834,1948,2051,2174,2299,2410,2502,2613,2701,2820,2920,3038,3137,3248,3345,3445,3513,3603,3694,3787,3856,3942,4023
0,0,0,0,2,3,7,13,17,23,36,57,93,137,212,308,402,501,610,702,840,988,1104,1253,1365,1472,1581,1699,1830,1952,2065,2196,2318,2445,2548,2664,2768,2857,2953,3052,3153,3229,3343,3427,3513,3605,3688,3800,3880,3963
0,0,0,0,0,2,2,7,12,19,33,57,86,118,176,247,343,440,536,657,776,898,1022,1148,1271,1381,1524,1622,1754,1859,1977,2091,2214,2327,2434,2540,2622,2728,2843,2960,3061,3173,3265,3368,3449,3532,3607,3705,3796,3879
0,1,2,5,6,8,9,19,28,40,60,94,144,210,282,364,469,577,700,830,968,1094,1205,1318,1446,1599,1710,1830,1943,2064,2152,2254,2371,2462,2571,2662,2761,2882,2981,3085,3182,3274,3381,3473,3570,3665,3761,3845,3938,4036
0,0,0,3,3,3,4,6,8,13,22,43,61,102,157,231,331,434,527,638,748,861,1015,1135,1259,1403,1537,1667,1796,1908,2023,2136,2238,2343,2457,2566,2669,2771,2880,2979,3072,3177,3263,3361,3456,3551,3648,3754,3851,3938
0,0,0,0,0,3,4,4,10,18,26,54,81,132,188,267,366,476,587,712,819,946,1059,1184,1295,1439,1537,1657,1766,1885,2005,2112,2230,2340,2440,2540,2653,2754,2844,2948,3048,3154,3247,3350,3445,3534,3634,3727,3830,3926
0,0,0,1,3,9,14,21,30,48,73,101,149,216,296,383,469,572,700,837,973,1094,1228,1364,1467,1599,1716,1844,1980,2080,2216,2338,2445,2556,2678,2787,2895,2986,3090,3164,3249,3337,3421,3494,3585,3668,3747,3832,3919,3997
0,0,1,1,2,4,5,7,16,22,32,53,80,114,163,237,334,433,547,645,768,927,1048,1167,1296,1427,1574,1706,1826,1942,2084,2179,2297,2408,2517,2624,2718,2800,2888,2986,3076,3176,3280,3370,3473,3591,3682,3771,3849,3940
0,1,1,1,1,1,1,3,5,10,17,27,50,77,126,175,246,334,423,547,649,771,905,1043,1166,1299,1440,1577,1695,1826,1949,2048,2147,2253,2360,2462,2547,2644,2742,2842,2954,3053,3129,3212,3312,3399,3498,3580,3667,3754
0,0,1,1,1,3,5,10,16,24,38,60,91,140,204,292,389,501,631,762,897,1032,1164,1282,1395,1522,1656,1798,1925,2036,2164,2281,2386,2499,2599,2712,2804,2905,3004,3105,3202,3286,3371,3461,3562,3678,3763,3866,3941,4005
0,0,0,1,3,6,10,12,21,31,46,75,116,173,249,319,417,531,657,787,916,1033,1152,1279,1411,1537,1677,1802,1925,2033,2142,2270,2379,2498,2593,2691,2790,2889,2998,3085,3190,3271,3386,3480,3549,3640,3732,3805,3889,3978
0,0,0,0,0,1,2,7,12,25,44,63,103,148,216,294,397,501,611,734,861,973,1074,1191,1306,1420,1552,1677,1796,1914,2014,2143,2239,2349,2469,2570,2680,2773,2868,2961,3058,3149,3241,3346,3442,3531,3624,3713,3803,3883
0,0,1,3,5,7,11,13,19,29,43,63,92,132,198,258,342,439,566,691,807,923,1047,1178,1293,1414,1547,1668,1784,1919,2049,2159,2291,2418,2522,2644,2756,2858,2942,3057,3160,3236,3323,3416,3511,3610,3716,3791,3880,3960
0,0,0,2,3,6,7,10,14,25,40,63,97,146,201,293,394,499,607,737,853,996,1130,1265,1391,1519,1640,1758,1875,1971,2091,2207,2312,2413,2527,2638,2751,2871,2977,3073,3173,3274,3375,3494,3594,3670,3767,3849,3931,4018
0,0,2,2,3,6,8,10,14,21,35,57,80,132,191,269,354,460,567,682,810,922,1059,1193,1311,1412,1536,1656,1768,1888,2010,2119,2218,2335,2448,2554,2660,2781,2880,3000,3103,3199,3310,3400,3502,3598,3695,3785,3862,3959
0,1,2,3,4,5,11,11,17,29,39,57,80,127,185,256,352,446,555,679,813,944,1093,1220,1324,1445,1566,1678,1822,1942,2072,2186,2275,2373,2472,2559,2664,2768,2865,2962,3050,3166,3263,3345,3435,3522,3614,3704,3790,3884
0,1,1,3,4,7,10,11,13,20,35,48,73,112,173,249,331,433,544,667,802,934,1073,1201,1305,1416,1528,1666,1789,1910,2019,2130,2233,2341,2461,2565,2646,2754,2869,2967,3066,3175,3272,3363,3468,3567,3652,3750,3835,3930
