FrameworkVersion,"1.0.145.368","joproctor (CMS/Main/framework)"
10000,9992,9985,9963,9939,9908,9817,9711,9508,9167,8738,8065,7185,6203,5084,3773,2681,1844,1243,820,536,342,225,148,99,75,49,37,27,24,19,16,15,14,8,4,5,4,4,3,3,5,7,6,4,10,5,6,6,8
10000,9997,9993,9981,9968,9939,9896,9814,9716,9518,9238,8832,8247,7504,6528,5437,4183,3008,2139,1433,978,659,425,271,171,104,67,38,29,21,15,7,5,3,4,5,5,4,3,7,8,6,7,9,6,5,8,8,7,6
10000,9994,9984,9963,9939,9882,9822,9710,9539,9263,8866,8252,7437,6471,5355,4067,2885,1999,1370,881,584,387,251,164,109,63,43,29,21,14,14,10,11,8,5,6,6,3,6,7,8,9,8,8,11,11,10,10,13,15
10000,9994,9981,9962,9934,9881,9797,9652,9452,9144,8670,8050,7219,6080,5029,3624,2608,1754,1152,788,517,331,214,124,80,66,41,34,21,12,12,8,7,7,6,6,5,6,5,6,9,9,9,13,9,11,12,12,6,6
10000,9995,9983,9956,9912,9845,9740,9573,9319,8941,8398,7639,6663,5676,5161,3218,2298,1599,1089,714,473,301,195,130,82,47,28,19,12,13,6,5,7,6,5,5,5,6,5,3,2,2,6,9,9,8,6,6,9,7
10000,9994,9982,9967,9944,9901,9832,9723,9532,9246,8820,8217,7483,6439,5430,4164,2983,2009,1378,949,646,433,244,163,112,77,58,41,29,16,11,6,5,8,6,5,7,5,6,5,7,8,8,8,12,13,13,12,10,7
10000,9998,9994,9982,9967,9933,9889,9809,9680,9486,9207,8763,8153,7267,6162,5085,3714,2704,1913,1285,858,547,345,232,146,85,58,37,27,18,19,14,9,8,6,7,5,4,5,4,6,6,7,7,3,4,6,6,5,7
10000,9995,9982,9957,9923,9874,9787,9651,9411,9033,8481,7754,6847,5727,4661,3405,2394,1649,1131,747,477,319,189,129,76,43,35,24,19,9,6,4,4,5,5,8,6,10,7,8,8,10,11,7,11,13,13,12,8,7
10000,9993,9978,9955,9914,9824,9698,9510,9195,8742,8080,7260,6204,5187,3889,2735,1845,1270,850,546,369,244,148,106,74,49,34,22,18,13,11,11,10,8,9,14,13,6,4,7,8,8,7,8,5,3,4,5,3,6
10000,9992,9975,9933,9892,9823,9704,9506,9202,8777,8167,7370,6363,5154,3974,2847,1957,1347,891,594,395,239,152,98,64,46,29,20,11,8,5,6,4,5,4,4,4,5,6,9,11,6,6,8,10,10,9,7,7,6
10000,9989,9976,9956,9931,9878,9785,9656,9427,9101,8645,8021,7108,6028,4846,3702,2568,1756,1205,791,509,337,223,150,95,64,42,26,22,22,20,15,14,12,8,10,10,5,5,5,3,8,10,7,10,13,13,14,15,14
10000,9999,9984,9969,9935,9888,9812,9663,9465,9099,8590,7911,7007,5875,4885,3567,2537,1756,1169,789,537,360,245,164,111,71,52,32,23,18,17,10,10,10,10,9,7,10,9,7,4,5,6,7,8,7,7,7,7,5
10000,9993,9988,9971,9943,9891,9819,9707,9502,9193,8735,8153,7340,6373,5155,3872,2846,1953,1307,863,557,354,221,140,96,62,45,30,22,17,13,10,10,7,6,1,1,0,3,5,4,6,4,4,10,7,7,8,3,12
10000,9997,9988,9979,9959,9926,9873,9774,9626,9381,9037,8556,7807,6895,5742,4712,3385,2372,1610,1059,696,446,293,184,122,74,46,25,16,12,10,9,8,5,5,3,4,7,8,3,5,4,5,7,5,7,10,8,9,6
10000,9989,9978,9958,9918,9865,9748,9564,9313,8942,8448,7706,6747,5716,4658,3255,2252,1515,994,670,436,283,174,123,73,49,33,25,13,10,10,10,10,6,6,5,5,5,7,5,3,5,2,3,4,6,7,7,11,14
10000,9993,9982,9965,9935,9904,9846,9761,9596,9335,8968,8424,7649,6759,5611,5020,3199,2254,1555,988,651,431,280,184,121,78,58,36,24,21,18,13,9,9,9,7,3,5,8,7,7,3,3,4,4,5,6,8,9,9
10000,9997,9986,9968,9943,9902,9836,9733,9554,9260,8856,8287,7469,6496,5290,4168,2914,2041,1394,958,622,369,249,163,110,67,46,37,26,19,15,11,8,9,8,8,8,7,3,5,4,6,4,5,5,5,2,6,5,5
10000,9992,9985,9967,9943,9899,9826,9711,9497,9200,8760,8116,7267,6246,5361,3800,2761,1870,1298,852,569,371,252,164,96,60,38,28,11,14,9,8,2,0,2,3,3,2,3,5,6,7,10,7,10,10,7,5,5,12
10000,9991,9983,9962,9940,9911,9846,9741,9605,9347,8945,8374,7627,6610,5484,4287,3171,2268,1580,1046,709,466,301,194,126,83,51,34,25,16,8,8,7,9,8,6,2,3,3,2,0,2,6,5,6,4,5,5,9,13
10000,9993,9982,9969,9941,9900,9853,9754,9595,9288,8865,8312,7484,6486,5369,4933,2922,1995,1345,911,570,370,244,149,88,59,42,30,25,23,16,16,9,7,4,3,2,4,4,4,5,6,7,7,3,3,4,4,6,9
10000,9995,9988,9972,9939,9898,9814,9701,9497,9192,8740,8047,7248,6169,5021,3695,2726,1921,1305,894,592,373,246,144,92,58,40,28,15,14,6,5,10,8,7,4,0,1,1,3,6,7,10,8,8,7,7,7,11,9
10000,9990,9982,9957,9931,9888,9813,9697,9507,9203,8760,8104,7215,6095,5194,3779,2685,1856,1334,907,611,388,250,158,100,58,38,31,27,20,20,18,12,9,10,6,6,6,6,7,4,6,4,6,8,8,11,12,11,9
10000,9996,9990,9986,9978,9958,9922,9880,9779,9645,9437,9094,8594,7908,6961,5758,4838,3307,2396,1617,1104,726,486,320,209,144,100,64,49,30,25,14,12,12,7,6,5,6,7,7,6,7,6,3,4,6,9,9,1,3
10000,9997,9985,9975,9958,9926,9887,9806,9688,9481,9165,8733,8093,7184,6208,5020,3760,2695,1859,1226,813,544,351,218,145,87,52,35,26,20,10,12,8,6,8,6,3,6,5,5,5,5,4,4,3,4,5,4,7,9
10000,9990,9981,9969,9941,9912,9833,9715,9515,9232,8825,8235,7338,6326,5163,3780,2692,1865,1259,832,547,345,204,123,77,50,33,24,19,13,10,8,8,5,5,6,6,5,4,6,7,5,8,6,7,7,9,10,6,7
10000,9996,9991,9986,9977,9950,9905,9841,9744,9584,9342,8940,8429,7680,6698,5560,4853,3330,2338,1570,1062,711,465,314,198,120,77,48,27,18,13,11,8,8,7,9,8,7,3,6,8,5,4,6,7,11,10,9,11,11
10000,9978,9964,9946,9902,9794,9642,9422,9088,8613,7908,6979,5886,4566,3356,2383,1628,1086,702,446,264,171,106,69,36,27,26,23,17,15,7,4,5,4,6,5,8,8,8,5,6,7,7,9,7,8,9,6,6,6
10000,9991,9970,9951,9912,9852,9772,9632,9407,9053,8576,7895,6951,5761,4937,3356,2395,1642,1086,746,494,323,207,149,90,56,41,28,21,20,19,16,8,7,6,2,1,4,5,4,7,5,7,7,5,5,5,9,7,8
10000,9992,9984,9963,9935,9889,9813,9692,9528,9237,8777,8130,7206,6186,5142,3707,2700,1862,1263,830,555,363,225,138,88,54,38,19,12,8,5,3,3,1,5,1,3,3,2,3,2,6,4,5,4,8,8,7,10,6
10000,9995,9987,9972,9942,9905,9841,9742,9551,9244,8815,8167,7387,6305,5394,3821,2726,1867,1266,819,520,306,203,142,93,61,43,36,28,19,11,10,10,9,12,6,7,13,13,9,7,7,3,5,4,6,10,11,9,6
10000,9997,9991,9985,9967,9938,9897,9821,9683,9478,9170,8719,8049,7193,6173,5114,3841,2752,1882,1234,844,544,354,232,145,92,60,38,26,21,15,15,7,6,6,8,6,6,3,3,6,3,6,6,7,7,8,6,7,7
10000,9988,9982,9964,9935,9878,9800,9671,9428,9082,8588,7875,6962,5855,5165,3500,2495,1679,1143,748,487,325,220,146,96,64,40,30,23,22,20,16,12,14,14,13,11,9,8,7,6,5,8,10,8,9,7,9,8,5
10000,9989,9974,9957,9927,9883,9791,9673,9472,9176,8699,8018,7152,6109,5211,3733,2717,1857,1246,829,568,365,241,138,97,66,45,30,23,17,15,10,8,8,7,6,6,5,5,4,6,8,13,13,13,11,9,9,9,10
10000,9998,9992,9986,9971,9948,9911,9856,9766,9596,9379,9060,8578,7877,6963,5883,4932,3509,2459,1680,1164,772,522,339,213,155,92,63,37,27,22,19,13,9,3,3,5,4,4,7,5,4,10,7,9,6,9,6,10,11
10000,9995,9981,9952,9898,9823,9712,9492,9165,8736,8110,7242,6128,5264,3780,2679,1889,1238,828,520,324,197,113,69,38,25,22,19,14,13,10,8,10,6,6,8,7,8,8,11,12,11,11,11,12,12,12,13,16,10
10000,9997,9984,9964,9944,9923,9873,9808,9680,9477,9178,8788,8185,7345,6288,5167,3816,2826,1947,1313,877,583,388,261,168,105,72,50,42,29,16,9,6,6,7,9,9,9,5,6,6,5,8,6,6,5,6,3,10,8
10000,9990,9977,9958,9938,9884,9806,9684,9475,9175,8766,8176,7352,6318,5354,4059,2885,1973,1334,878,583,369,248,156,102,76,46,25,21,19,16,11,7,11,2,2,3,5,7,6,5,7,8,8,7,7,6,8,7,9
10000,9994,9984,9956,9915,9855,9764,9618,9357,8973,8451,7671,6674,5579,4889,3019,2127,1413,990,634,438,261,166,118,77,52,38,25,18,14,11,7,9,14,6,7,7,6,7,9,6,8,6,7,4,3,8,8,10,4
10000,9990,9970,9940,9901,9846,9758,9630,9399,9075,8594,7930,6998,5949,5175,3450,2400,1618,1075,711,465,300,188,123,80,53,36,28,18,17,14,10,10,7,7,6,6,8,9,10,6,5,7,5,6,9,8,6,2,3
10000,9987,9971,9943,9905,9841,9750,9603,9329,8965,8429,7647,6667,5520,4319,3041,2155,1469,1005,650,436,288,175,111,69,42,27,17,9,8,6,6,4,4,4,6,7,8,7,8,5,6,3,3,5,5,9,8,8,7
10000,9993,9986,9978,9950,9909,9829,9728,9586,9353,8978,8407,7665,6733,5733,4872,3351,2360,1605,1092,702,448,290,175,111,77,57,32,21,18,13,11,8,8,5,5,0,0,0,2,6,6,8,9,10,12,13,8,5,8
10000,9992,9975,9953,9901,9835,9705,9498,9187,8716,8075,7198,6155,4856,3701,2680,1848,1217,818,543,338,223,134,91,61,44,31,17,16,13,16,11,6,4,8,5,3,4,0,3,5,2,5,7,11,13,16,17,13,12
10000,9997,9988,9976,9953,9921,9865,9788,9625,9400,9019,8503,7826,6968,5876,5221,3410,2459,1655,1165,753,484,316,194,131,86,60,41,25,26,20,12,9,10,11,8,7,7,8,8,6,7,4,7,6,6,5,2,4,8
10000,9994,9978,9963,9916,9874,9788,9630,9384,9045,8519,7787,6810,5713,4456,3288,2306,1575,1043,698,457,291,193,129,89,56,39,27,16,14,9,5,5,4,4,6,9,12,10,10,5,8,6,7,10,10,10,10,11,11
10000,9994,9982,9962,9935,9877,9804,9678,9474,9164,8687,8090,7221,6160,5117,3771,2689,1881,1242,805,503,322,211,124,75,46,30,20,15,11,13,11,5,4,4,4,7,6,1,4,7,6,8,8,11,8,6,12,13,12
10000,9991,9982,9967,9938,9878,9766,9631,9400,9029,8513,7754,6848,5719,4464,3299,2335,1594,1092,731,476,308,188,128,86,56,36,26,22,17,14,11,8,8,7,7,1,2,6,4,3,3,4,4,3,2,2,5,3,6
10000,9996,9988,9970,9948,9900,9825,9698,9504,9214,8827,8186,7303,6292,5175,3802,2753,1892,1312,910,595,368,229,135,90,52,35,22,14,9,11,10,8,5,5,6,9,9,9,8,10,10,10,10,10,14,17,16,10,14
10000,9996,9982,9962,9937,9905,9841,9720,9541,9231,8839,8302,7525,6523,5366,4969,3030,2168,1468,982,626,408,247,159,101,68,45,31,22,20,12,12,9,9,11,10,8,8,6,7,10,12,14,13,13,13,12,9,10,9
10000,9994,9989,9978,9958,9932,9872,9777,9623,9348,8965,8445,7650,6633,5638,5085,3141,2180,1465,991,641,419,293,190,126,78,56,40,30,19,18,14,7,6,5,5,6,4,3,7,8,8,5,1,1,5,7,8,12,9
10000,9997,9987,9960,9927,9876,9795,9660,9451,9131,8684,7988,7193,6063,5005,3726,2627,1830,1248,816,534,351,229,153,97,65,43,31,21,15,13,13,13,7,7,8,5,4,6,4,5,4,5,2,4,5,4,4,4,8
10000,9998,9996,9980,9968,9951,9907,9830,9725,9542,9251,8877,8281,7421,6395,5452,4077,2865,1998,1339,882,572,378,225,140,102,71,51,41,28,21,16,10,11,10,8,7,5,10,9,10,11,8,4,7,7,5,3,5,4
10000,9993,9978,9950,9910,9837,9747,9588,9349,8970,8404,7660,6614,5497,4386,3151,2194,1475,1010,690,433,288,180,125,78,50,31,21,13,8,4,3,4,5,3,2,2,2,4,4,4,2,3,4,4,7,10,9,9,9
10000,9996,9988,9977,9953,9928,9870,9771,9647,9451,9122,8679,8064,7162,6177,5151,3766,2749,1901,1337,883,571,380,254,154,100,62,41,29,20,17,15,11,13,11,12,13,6,8,10,12,10,5,7,6,8,10,10,7,9
10000,9995,9987,9978,9959,9938,9902,9840,9722,9527,9245,8830,8193,7405,6423,5379,4034,2981,2091,1406,914,607,386,255,173,118,78,56,42,25,8,6,3,4,6,5,3,5,2,2,4,5,10,9,8,9,9,12,10,10
10000,9999,9993,9975,9958,9930,9873,9786,9637,9409,9086,8542,7812,6856,5701,5166,3345,2362,1596,1019,680,434,296,186,121,78,54,37,27,24,19,19,13,7,6,6,7,7,10,9,7,2,2,1,2,6,11,10,8,12
10000,9988,9968,9939,9896,9820,9728,9561,9309,8937,8393,7600,6592,5525,4310,3006,2076,1404,968,639,394,240,158,94,52,42,27,22,16,7,4,6,5,6,5,5,4,4,5,6,4,5,10,8,11,11,8,8,13,16
10000,9994,9988,9972,9942,9902,9843,9738,9575,9315,8912,8349,7512,6500,5230,4081,2938,2046,1371,909,583,376,249,165,118,84,56,36,28,19,15,8,2,3,4,5,6,7,10,8,11,11,13,10,8,16,8,14,15,13
10000,9994,9983,9966,9931,9874,9806,9675,9473,9163,8732,8072,7174,6134,5320,3718,2663,1815,1196,780,504,321,211,135,89,61,41,27,22,20,15,11,8,6,7,7,7,6,4,4,6,5,5,5,8,7,7,10,14,15
10000,9992,9971,9940,9892,9821,9706,9502,9174,8776,8199,7416,6401,5305,4088,2956,2015,1384,904,600,377,234,142,86,57,37,22,13,11,6,7,6,6,6,2,3,3,5,5,5,6,5,8,9,7,5,9,10,9,11
10000,9994,9983,9952,9907,9842,9738,9584,9339,8987,8441,7729,6797,5589,4959,3237,2312,1597,1080,709,465,326,216,149,104,64,48,32,25,19,12,10,8,4,5,5,4,6,5,2,2,5,2,9,7,10,8,8,8,9
10000,9992,9974,9958,9928,9878,9800,9665,9458,9125,8662,7989,7052,5914,4947,3553,2546,1713,1131,726,459,294,185,119,72,45,24,18,12,9,3,3,1,8,9,4,3,4,3,3,3,2,5,3,4,4,9,7,9,17
10000,9992,9983,9964,9938,9896,9833,9731,9561,9291,8906,8361,7608,6652,5540,4345,3134,2138,1440,967,631,414,289,182,118,73,51,33,29,24,14,9,10,6,5,2,4,3,7,6,6,6,6,7,10,10,7,9,10,11
10000,9995,9988,9975,9943,9906,9840,9743,9597,9355,8998,8461,7693,6799,5630,5085,3278,2317,1585,1045,720,488,315,214,141,97,68,43,34,27,16,13,12,9,10,8,9,10,7,8,8,8,5,5,7,10,9,7,8,11
10000,9995,9982,9967,9934,9895,9828,9700,9525,9208,8776,8148,7346,6336,5298,4033,2862,2008,1366,922,575,373,243,158,88,69,43,30,21,16,15,10,11,9,10,9,9,10,10,11,15,10,12,6,9,9,12,10,7,7
10000,9992,9974,9953,9919,9860,9777,9654,9443,9063,8568,7870,7000,5864,5240,3500,2425,1670,1130,730,463,305,187,133,92,60,40,34,21,14,13,11,8,9,9,7,6,6,9,7,7,7,6,2,4,4,4,4,6,13
10000,9992,9980,9962,9924,9858,9780,9647,9408,9036,8515,7796,6864,5808,5095,3412,2407,1658,1098,696,464,317,203,139,104,71,51,42,26,15,12,8,6,8,7,4,3,2,2,1,3,3,7,5,4,5,7,7,9,8
10000,9992,9977,9962,9935,9892,9808,9677,9466,9141,8672,8016,7099,5923,4992,3491,2535,1698,1122,729,472,309,203,133,91,67,46,26,20,14,7,4,7,8,7,7,7,6,7,4,6,5,-164,-168,-167,-166,-164,-165,-159,-162
10000,9997,9992,9976,9956,9912,9842,9741,9579,9316,8933,8353,7528,6569,5434,5083,3032,2142,1466,977,666,418,275,183,122,73,42,34,29,19,17,9,9,9,6,4,4,8,8,4,3,3,4,3,4,7,7,7,3,2
10000,9996,9984,9968,9940,9909,9857,9766,9631,9381,9003,8472,7695,6713,5585,4919,3233,2376,1612,1095,738,473,301,197,118,66,41,27,24,17,14,10,10,10,13,10,9,9,9,6,6,6,4,3,6,11,15,16,16,13
10000,9994,9986,9967,9940,9904,9833,9719,9554,9271,8834,8206,7394,6321,5239,3855,2707,1899,1259,834,560,365,243,162,117,72,53,36,22,18,14,12,7,8,10,10,13,11,10,11,6,8,10,8,7,6,8,5,2,5
10000,9999,9995,9991,9978,9960,9934,9889,9805,9678,9465,9148,8709,8118,7229,6110,5186,3789,2710,1830,1221,812,504,328,214,144,102,65,45,31,27,18,15,12,8,7,9,7,8,9,10,7,6,9,8,7,12,11,8,1
10000,9993,9989,9971,9954,9909,9854,9743,9577,9318,8922,8306,7548,6614,5463,5144,3143,2225,1483,981,637,397,249,176,111,81,53,35,19,16,12,10,8,6,5,9,5,5,9,9,10,10,7,6,8,3,5,7,10,6
10000,9993,9985,9960,9916,9850,9761,9584,9343,8961,8418,7719,6776,5812,5121,3292,2296,1561,1029,701,437,298,197,127,86,63,45,32,24,15,11,11,9,7,7,5,3,6,6,6,9,9,8,7,8,11,7,6,7,7
10000,9995,9985,9976,9967,9941,9889,9823,9728,9547,9286,8910,8358,7641,6629,5458,5152,3110,2189,1477,1016,677,448,305,190,131,81,57,41,31,20,15,12,10,9,8,7,4,4,3,2,4,3,2,6,8,6,7,10,11
10000,9994,9986,9968,9948,9913,9822,9722,9539,9243,8819,8247,7360,6263,5317,3790,2723,1954,1318,892,617,393,250,161,97,69,49,35,22,17,13,14,6,5,5,6,10,8,4,5,1,0,2,3,7,9,3,8,10,7
10,18,25,47,71,102,190,295,492,825,1240,1896,2751,3694,4750,5979,6970,7707,8190,8481,8628,8695,8684,8632,8556,8460,8359,8276,8167,8054,7916,7868,7749,7675,7524,7455,7378,7230,7158,7076,6937,6853,6700,6623,6554,6446,6384,6315,6179,6080
10,11,14,26,38,65,107,187,280,472,741,1136,1701,2418,3349,4386,5568,6648,7441,8019,8371,8578,8678,8703,8679,8636,8528,8434,8320,8230,8131,7975,7878,7813,7673,7604,7448,7359,7274,7111,7037,6955,6820,6752,6685,6566,6512,6390,6332,6240
10,16,25,46,70,126,183,292,460,728,1114,1701,2487,3417,4490,5698,6762,7531,8059,8439,8605,8680,8696,8644,8583,8506,8415,8305,8183,8067,7994,7850,7771,7694,7519,7443,7362,7210,7135,6997,6913,6859,6685,6614,6550,6389,6318,6264,6132,6033
10,15,28,47,74,124,204,347,535,834,1296,1891,2697,3792,4798,6113,7041,7785,8253,8509,8654,8723,8712,8691,8607,8509,8407,8323,8190,8067,7975,7888,7714,7624,7541,7380,7293,7207,7066,7001,6855,6779,6709,6556,6502,6426,6289,6221,6151,6020
10,15,27,54,97,162,265,422,668,1038,1558,2293,3228,4174,4663,6495,7314,7901,8277,8536,8665,8705,8699,8641,8561,8468,8339,8282,8187,8101,7946,7863,7693,7615,7541,7381,7314,7250,7113,7054,6916,6855,6793,6649,6594,6532,6414,6370,6301,6149
10,15,26,40,62,103,171,273,460,739,1151,1722,2423,3414,4373,5550,6646,7512,8023,8339,8513,8610,8658,8640,8564,8485,8398,8311,8219,8114,8058,7907,7820,7741,7602,7536,7452,7284,7227,7072,7004,6946,6794,6710,6635,6502,6440,6368,6245,6149
10,12,16,28,43,76,118,196,317,505,779,1210,1804,2664,3723,4739,6030,6918,7605,8134,8423,8615,8695,8673,8635,8565,8494,8407,8307,8181,8084,7972,7896,7823,7678,7589,7414,7345,7271,7115,7035,6958,6804,6735,6581,6521,6465,6347,6280,6150
10,15,28,53,86,133,220,353,589,957,1493,2196,3063,4135,5148,6313,7239,7896,8290,8530,8690,8717,8725,8666,8591,8495,8380,8297,8181,8060,7969,7888,7704,7630,7479,7415,7342,7215,7149,7063,6928,6854,6779,6636,6571,6500,6334,6267,6198,6079
10,17,30,53,93,183,308,493,797,1229,1874,2669,3673,4634,5858,6910,7696,8148,8430,8620,8666,8688,8633,8542,8437,8342,8264,8146,8049,7922,7839,7759,7612,7533,7460,7319,7240,7145,6984,6902,6828,6690,6614,6537,6397,6345,6277,6152,6087,5945
10,18,34,75,115,182,299,488,788,1202,1791,2546,3517,4647,5755,6783,7572,8084,8440,8628,8686,8717,8667,8591,8503,8427,8315,8210,8107,7987,7827,7752,7672,7529,7457,7372,7247,7197,7046,6985,6908,6775,6708,6629,6509,6431,6364,6230,6174,6046
10,21,33,52,76,129,219,346,570,884,1327,1935,2819,3855,4957,6027,7060,7767,8192,8488,8656,8675,8657,8597,8517,8421,8309,8220,8104,7998,7851,7747,7681,7600,7411,7339,7248,7080,7021,6880,6811,6746,6607,6528,6462,6335,6267,6196,6090,5997
10,11,25,40,74,121,193,342,531,886,1376,2031,2894,3979,4917,6124,7052,7716,8188,8444,8571,8620,8619,8583,8509,8433,8325,8232,8128,7998,7936,7819,7729,7582,7509,7445,7303,7257,7181,7047,6976,6913,6765,6707,6590,6528,6469,6349,6270,6142
10,16,21,37,62,114,186,297,496,796,1239,1799,2580,3502,4662,5857,6803,7597,8129,8456,8643,8712,8721,8683,8610,8527,8427,8319,8213,8131,7998,7905,7824,7672,7591,7439,7362,7262,7178,7017,6947,6792,6723,6651,6527,6467,6395,6242,6178,6054
10,13,21,30,50,83,135,231,377,616,950,1423,2143,3018,4117,5101,6345,7249,7900,8326,8552,8677,8703,8686,8634,8547,8476,8385,8304,8180,8089,8008,7830,7725,7654,7520,7446,7294,7213,7143,7016,6947,6866,6737,6657,6571,6447,6381,6320,6190
10,21,32,52,91,142,256,430,673,1034,1507,2218,3144,4130,5132,6444,7354,7976,8381,8571,8688,8714,8717,8636,8558,8459,8361,8270,8190,8021,7940,7842,7694,7611,7525,7390,7319,7170,7099,7038,6894,6823,6698,6623,6541,6412,6339,6267,6124,6028
10,17,28,44,71,101,157,238,397,651,1006,1534,2275,3129,4223,4792,6490,7320,7906,8335,8548,8646,8677,8641,8568,8492,8405,8326,8237,8141,8069,7967,7899,7723,7653,7587,7432,7348,7185,7126,7040,6908,6821,6703,6641,6575,6437,6358,6296,6157
10,12,23,41,66,106,172,271,447,730,1120,1676,2452,3390,4546,5596,6759,7532,8064,8374,8581,8710,8711,8666,8584,8499,8390,8278,8185,8061,7952,7875,7724,7643,7552,7408,7314,7224,7110,7045,6904,6825,6758,6637,6577,6509,6367,6302,6149,6046
10,18,25,43,65,108,179,289,500,791,1218,1841,2664,3647,4490,5961,6894,7680,8112,8445,8606,8690,8668,8632,8586,8508,8427,8336,8231,8127,8052,7849,7776,7599,7522,7436,7285,7211,7059,6982,6915,6754,6684,6624,6488,6419,6361,6214,6154,6029
10,19,26,47,69,95,157,261,396,643,1035,1587,2305,3276,4334,5460,6475,7273,7834,8238,8445,8573,8604,8602,8558,8484,8401,8289,8207,8126,7985,7901,7805,7640,7572,7424,7340,7277,7123,7057,6928,6843,6712,6658,6589,6462,6399,6341,6216,6084
10,17,28,41,69,110,156,255,409,708,1118,1648,2448,3406,4466,4881,6740,7583,8121,8450,8685,8758,8762,8737,8684,8597,8475,8394,8280,8154,8042,7982,7838,7754,7598,7512,7441,7294,7222,7075,6992,6918,6766,6701,6645,6514,6446,6318,6262,6149
10,15,22,38,71,112,195,302,504,798,1237,1910,2681,3712,4806,6029,6909,7610,8119,8416,8605,8717,8731,8714,8631,8580,8501,8411,8275,8218,8066,7976,7809,7727,7644,7477,7380,7308,7231,7080,7011,6872,6790,6735,6586,6517,6441,6307,6241,6109
10,18,26,50,76,117,188,298,483,778,1209,1836,2689,3765,4620,5943,6944,7684,8091,8386,8528,8617,8629,8589,8513,8404,8323,8204,8122,8010,7905,7792,7681,7601,7519,7373,7281,7205,7053,6980,6843,6772,6702,6559,6484,6420,6271,6191,6110,5984
10,13,19,22,30,50,86,126,225,353,557,894,1380,2054,2971,4121,4997,6430,7252,7916,8316,8565,8693,8754,8745,8682,8610,8535,8430,8300,8186,8061,7981,7913,7754,7671,7598,7444,7377,7236,7159,7086,6940,6879,6801,6644,6580,6509,6392,6281
10,12,24,34,50,82,121,201,317,520,829,1250,1868,2737,3674,4817,5994,6948,7680,8192,8503,8667,8724,8739,8683,8640,8558,8466,8328,8251,8153,8069,7907,7819,7689,7607,7513,7377,7298,7217,7068,6998,6864,6786,6718,6599,6532,6460,6312,6225
10,20,29,41,69,97,174,289,480,756,1144,1723,2592,3558,4673,5972,6965,7679,8155,8460,8627,8719,8723,8704,8614,8523,8414,8329,8195,8086,8011,7922,7776,7708,7646,7499,7435,7307,7204,7112,6946,6860,6780,6644,6575,6501,6392,6337,6293,6133
10,13,17,22,30,57,99,159,253,409,648,1031,1524,2239,3183,4269,4930,6342,7227,7865,8252,8491,8638,8668,8643,8584,8534,8429,8321,8248,8112,8029,7870,7778,7696,7511,7441,7382,7226,7156,7073,6938,6876,6738,6655,6584,6477,6427,6369,6232
10,32,46,64,107,213,361,571,898,1361,2041,2940,3991,5253,6386,7259,7889,8310,8578,8717,8789,8738,8663,8565,8466,8353,8241,8140,7998,7928,7763,7678,7504,7435,7350,7212,7143,7072,6908,6835,6750,6610,6537,6466,6335,6279,6215,6071,6010,5877
10,19,40,59,96,155,233,369,586,931,1390,2039,2942,4084,4860,6337,7205,7844,8267,8494,8608,8647,8639,8570,8528,8457,8358,8273,8175,8067,7960,7854,7712,7637,7541,7387,7316,7179,7107,7038,6880,6817,6754,6605,6546,6400,6333,6275,6158,6075
10,18,26,47,75,120,194,311,467,753,1199,1819,2707,3686,4676,6021,6932,7656,8122,8440,8590,8660,8679,8628,8573,8494,8420,8304,8252,8082,8000,7813,7754,7686,7541,7480,7335,7250,7169,7041,6969,6834,6780,6712,6553,6497,6426,6299,6238,6114
10,15,23,38,68,105,167,262,444,743,1164,1790,2543,3578,4450,5936,6939,7669,8174,8492,8650,8746,8727,8670,8611,8520,8395,8294,8203,8095,7959,7883,7811,7654,7585,7497,7352,7269,7190,7022,6945,6871,6742,6679,6612,6469,6410,6335,6211,6101
10,13,18,24,42,70,108,183,318,515,817,1258,1903,2723,3703,4694,5885,6867,7631,8155,8425,8599,8661,8647,8623,8561,8465,8368,8257,8195,8039,7973,7856,7778,7690,7531,7443,7372,7245,7160,7031,6956,6886,6750,6682,6607,6473,6405,6287,6209
10,22,26,44,72,129,202,328,567,900,1376,2076,2952,4014,4671,6231,7127,7838,8239,8514,8645,8678,8652,8608,8556,8463,8351,8270,8159,8012,7936,7833,7771,7603,7526,7443,7282,7207,7115,6979,6908,6832,6699,6627,6571,6443,6381,6314,6189,6104
10,21,36,53,82,125,216,332,530,818,1277,1933,2768,3756,4604,5989,6914,7663,8171,8443,8573,8647,8630,8575,8514,8411,8313,8241,8128,7991,7932,7780,7695,7619,7442,7346,7180,7108,7036,6916,6846,6764,6641,6578,6508,6375,6299,6237,6104,6030
10,12,18,23,38,60,96,150,238,401,610,917,1374,2047,2926,3949,4857,6184,7128,7787,8179,8450,8577,8641,8649,8607,8533,8442,8355,8252,8133,8060,7939,7848,7698,7606,7527,7372,7295,7162,7082,7009,6867,6791,6724,6578,6520,6447,6324,6205
10,15,29,58,111,184,292,509,822,1239,1838,2667,3732,4552,5948,6960,7644,8184,8485,8668,8750,8744,8702,8617,8533,8419,8285,8197,8088,8015,7839,7770,7678,7519,7454,7374,7211,7138,6994,6926,6853,6713,6654,6588,6501,6357,6300,6233,6109,6024
10,13,26,45,64,85,131,194,319,517,806,1180,1767,2581,3588,4650,5913,6818,7587,8115,8408,8593,8655,8668,8623,8581,8512,8408,8330,8205,8140,7983,7891,7806,7662,7587,7509,7355,7273,7189,7039,6956,6805,6731,6671,6550,6477,6397,6275,6178
10,20,33,51,71,123,199,320,522,813,1213,1776,2573,3568,4470,5688,6762,7578,8113,8430,8591,8675,8675,8630,8552,8461,8378,8290,8147,8054,7943,7889,7719,7650,7506,7422,7343,7177,7107,7039,6883,6808,6686,6611,6563,6421,6344,6276,6152,6032
10,16,26,54,93,151,241,383,636,1007,1514,2265,3227,4264,4919,6646,7456,8069,8377,8609,8679,8745,8698,8620,8548,8473,8365,8253,8144,8084,7936,7843,7769,7602,7528,7372,7300,7225,7075,6981,6932,6799,6734,6675,6510,6446,6329,6255,6182,6056
10,20,40,70,108,162,247,370,593,907,1369,2006,2909,3906,4634,6240,7197,7888,8329,8571,8673,8699,8700,8649,8559,8463,8339,8259,8124,8005,7875,7792,7726,7570,7504,7373,7290,7228,7098,7030,6957,6820,6759,6684,6552,6483,6417,6288,6226,6087
10,22,37,64,100,161,251,395,662,1014,1532,2284,3239,4328,5465,6633,7417,7982,8331,8548,8628,8668,8663,8620,8546,8447,8350,8236,8114,8028,7946,7795,7709,7633,7451,7369,7215,7138,7074,6924,6848,6774,6644,6570,6449,6373,6313,6202,6131,6024
10,16,22,30,58,98,178,277,414,638,1004,1561,2266,3143,4096,4920,6326,7201,7841,8234,8520,8646,8681,8668,8592,8510,8395,8306,8226,8133,8012,7917,7738,7643,7575,7393,7330,7192,7119,7043,6893,6822,6683,6611,6527,6410,6340,6278,6151,6065
10,18,35,57,108,170,297,499,799,1262,1880,2721,3724,4953,6026,6963,7674,8199,8473,8624,8684,8664,8633,8531,8470,8368,8263,8171,8109,7979,7910,7766,7680,7587,7424,7349,7202,7139,7052,6905,6823,6667,6600,6535,6399,6318,6243,6176,6033,5941
10,13,22,34,57,88,143,219,379,596,969,1466,2115,2935,3983,4614,6330,7196,7878,8244,8527,8688,8748,8713,8646,8574,8481,8372,8273,8173,8088,7984,7901,7808,7643,7565,7489,7333,7250,7159,6999,6934,6871,6739,6674,6521,6441,6375,6255,6148
10,16,32,47,94,136,220,375,613,938,1442,2145,3085,4131,5301,6392,7264,7883,8293,8502,8619,8655,8620,8572,8497,8436,8345,8255,8124,8009,7934,7860,7694,7606,7460,7386,7300,7151,7064,7002,6845,6768,6697,6563,6499,6427,6306,6224,6148,6015
10,16,27,46,71,129,202,320,520,821,1277,1854,2690,3705,4690,5958,6960,7660,8182,8496,8664,8712,8717,8672,8621,8530,8441,8362,8243,8176,7989,7895,7741,7653,7577,7436,7368,7280,7139,7052,6913,6839,6779,6654,6583,6503,6349,6270,6207,6061
10,19,28,42,69,128,237,368,588,947,1446,2176,3049,4124,5314,6390,7251,7882,8270,8518,8646,8706,8709,8646,8582,8494,8379,8269,8193,8058,7940,7845,7758,7604,7527,7454,7291,7227,7058,6993,6918,6794,6726,6659,6512,6447,6319,6259,6198,6068
10,13,20,38,59,107,181,301,488,765,1139,1763,2607,3587,4640,5938,6881,7625,8109,8408,8608,8701,8700,8674,8593,8493,8414,8309,8195,8102,7932,7848,7760,7577,7496,7422,7284,7204,7064,6987,6913,6750,6680,6594,6461,6390,6304,6227,6089,6009
10,14,28,48,71,102,164,282,453,750,1130,1655,2396,3356,4457,4833,6635,7416,8014,8383,8625,8712,8760,8712,8643,8543,8472,8349,8251,8171,8059,7985,7826,7751,7666,7519,7451,7345,7201,7121,6981,6910,6833,6757,6633,6584,6516,6418,6354,6231
10,16,21,32,51,77,137,232,384,654,1029,1528,2294,3268,4209,4726,6502,7353,7958,8308,8526,8643,8619,8610,8561,8485,8380,8296,8165,8079,7979,7919,7752,7680,7532,7452,7378,7230,7154,7085,6936,6873,6788,6658,6586,6464,6402,6331,6201,6104
10,13,22,48,81,131,211,343,541,848,1283,1957,2723,3796,4795,5975,6973,7656,8147,8464,8617,8673,8649,8615,8559,8476,8383,8280,8175,8084,7941,7852,7762,7598,7524,7458,7312,7239,7176,7014,6933,6798,6736,6665,6522,6449,6391,6257,6191,6048
10,12,14,30,41,58,102,179,279,457,736,1101,1684,2512,3498,4397,5688,6812,7577,8133,8446,8653,8732,8747,8710,8628,8533,8437,8325,8228,8119,8043,7885,7790,7682,7512,7442,7367,7201,7106,7040,6874,6817,6737,6595,6523,6450,6312,6240,6112
10,17,32,60,100,173,261,416,649,1011,1552,2269,3274,4339,5382,6522,7369,7976,8315,8497,8618,8625,8602,8555,8505,8417,8332,8239,8134,8061,7882,7820,7752,7555,7480,7321,7257,7191,7063,6974,6850,6797,6730,6586,6520,6374,6318,6250,6140,6040
10,14,22,33,57,82,138,237,356,543,866,1287,1882,2746,3681,4653,5947,6851,7594,8054,8378,8563,8637,8630,8606,8544,8465,8347,8264,8161,8070,7934,7866,7778,7610,7546,7459,7287,7202,7135,6967,6881,6823,6682,6609,6464,6404,6334,6196,6099
10,15,23,32,51,71,106,166,281,475,751,1144,1758,2511,3450,4460,5705,6687,7493,8083,8456,8632,8722,8722,8658,8593,8497,8409,8319,8232,8149,8073,7914,7810,7660,7573,7498,7338,7266,7119,7033,6955,6798,6733,6658,6497,6420,6358,6231,6127
10,11,16,34,51,78,133,215,361,583,902,1432,2137,3060,4159,4673,6372,7251,7906,8380,8594,8717,8729,8703,8641,8561,8478,8407,8300,8192,8069,7976,7880,7812,7752,7593,7510,7424,7278,7202,7123,6969,6901,6794,6728,6651,6503,6428,6353,6213
10,21,40,69,112,184,271,432,681,1044,1565,2329,3298,4310,5444,6656,7484,8051,8385,8588,8702,8708,8671,8621,8533,8452,8367,8258,8141,8011,7933,7858,7687,7602,7423,7340,7263,7137,7067,6994,6869,6807,6659,6593,6537,6389,6321,6253,6111,6016
10,16,21,37,65,102,157,261,422,673,1063,1611,2423,3390,4613,5686,6727,7511,8079,8412,8620,8705,8728,8686,8621,8518,8436,8348,8258,8130,8032,7972,7824,7745,7661,7507,7425,7299,7238,7150,7018,6942,6872,6721,6645,6571,6433,6369,6297,6187
10,16,27,44,78,135,200,327,521,817,1236,1868,2743,3737,4521,6026,6987,7712,8229,8513,8656,8724,8701,8653,8575,8479,8375,8300,8189,8058,8017,7904,7829,7671,7594,7518,7395,7314,7232,7091,7011,6859,6775,6701,6566,6501,6421,6282,6218,6106
10,18,39,69,116,186,296,485,798,1180,1738,2494,3463,4502,5638,6684,7505,8027,8389,8578,8675,8699,8672,8600,8515,8443,8344,8250,8180,8008,7922,7763,7666,7578,7425,7327,7245,7117,7033,6900,6839,6761,6629,6554,6486,6351,6289,6230,6085,5986
10,15,26,56,99,163,264,412,651,994,1521,2204,3096,4234,4832,6434,7257,7856,8240,8477,8598,8613,8597,8542,8455,8373,8282,8191,8075,8008,7884,7791,7707,7551,7462,7391,7246,7168,7011,6942,6871,6725,6650,6509,6424,6356,6247,6186,6128,5983
10,17,35,51,79,128,203,336,540,860,1302,1954,2854,3944,4876,6176,7091,7821,8293,8578,8727,8761,8753,8697,8630,8527,8414,8333,8218,8144,7990,7915,7835,7662,7573,7410,7337,7266,7140,7076,7004,6850,6786,6655,6583,6518,6384,6311,6251,6113
10,18,26,45,69,109,170,270,434,692,1065,1597,2328,3252,4316,5442,6569,7462,8039,8398,8622,8721,8714,8691,8627,8536,8464,8349,8273,8174,8042,7965,7883,7734,7638,7580,7434,7361,7216,7146,7064,6921,6850,6783,6648,6581,6515,6361,6287,6138
10,14,21,34,64,101,163,259,400,631,975,1489,2226,3078,4198,4716,6395,7269,7906,8299,8490,8609,8647,8619,8572,8501,8416,8317,8219,8110,8012,7891,7817,7718,7547,7458,7383,7237,7169,7012,6931,6862,6717,6661,6588,6455,6391,6334,6216,6114
10,15,27,42,75,114,178,304,477,788,1202,1806,2575,3540,4534,5718,6785,7529,8080,8410,8642,8717,8712,8665,8625,8548,8446,8356,8264,8118,8053,7898,7793,7724,7549,7458,7379,7229,7161,7057,6885,6810,6744,6618,6550,6466,6337,6272,6224,6103
10,18,35,56,90,149,229,350,554,926,1403,2072,2907,3989,4583,6199,7181,7813,8234,8511,8665,8682,8680,8613,8510,8408,8316,8231,8117,8007,7937,7856,7702,7637,7546,7400,7324,7169,7097,7041,6891,6834,6750,6615,6557,6503,6378,6306,6156,6058
10,18,30,47,84,149,226,351,586,945,1450,2138,3033,4038,4711,6268,7174,7819,8261,8543,8630,8663,8646,8590,8489,8422,8324,8215,8117,8020,7950,7812,7730,7641,7480,7403,7309,7156,7090,6953,6895,6821,6679,6618,6467,6399,6320,6199,6138,6030
10,18,33,48,73,113,195,322,526,837,1284,1908,2796,3924,4797,6207,7080,7824,8274,8539,8677,8714,8687,8638,8536,8441,8321,8238,8124,8017,7953,7798,7732,7653,7497,7439,7361,7198,7115,7054,6919,6843,6434,6391,6339,6295,6260,6209,6164,6127
10,13,18,34,54,95,162,262,419,670,1041,1592,2386,3316,4392,4733,6640,7420,7972,8366,8550,8664,8688,8660,8591,8524,8421,8336,8211,8101,7993,7858,7780,7705,7573,7494,7407,7258,7174,7106,6981,6909,6778,6702,6617,6484,6411,6353,6212,6131
10,13,25,41,69,99,149,235,365,606,979,1493,2230,3172,4248,4878,6434,7200,7837,8242,8473,8640,8697,8671,8632,8554,8465,8345,8251,8141,8085,7940,7862,7776,7613,7540,7456,7282,7190,7133,6976,6906,6816,6695,6619,6496,6429,6360,6285,6130
10,16,24,43,70,102,171,282,442,713,1141,1749,2538,3566,4599,5905,6979,7706,8222,8534,8686,8758,8749,8701,8625,8559,8467,8352,8256,8164,8043,7965,7891,7716,7630,7542,7376,7294,7215,7054,6995,6918,6772,6689,6536,6461,6393,6258,6190,6068
10,10,14,18,31,48,74,119,201,324,531,834,1252,1829,2683,3764,4643,5943,6943,7697,8195,8473,8664,8706,8689,8628,8561,8499,8396,8304,8233,8103,8036,7928,7846,7695,7611,7530,7384,7309,7224,7073,7003,6849,6767,6675,6542,6511,6435,6281
10,17,21,39,55,100,154,264,423,675,1059,1649,2383,3274,4382,4683,6538,7355,7999,8390,8599,8724,8737,8695,8626,8540,8448,8371,8248,8155,8095,7888,7817,7734,7601,7517,7383,7312,7238,7098,7018,6942,6800,6721,6651,6506,6445,6377,6243,6143
10,17,25,50,94,159,242,418,649,1019,1545,2216,3114,4035,4688,6397,7290,7906,8300,8509,8666,8673,8640,8575,8497,8394,8287,8186,8117,7982,7899,7832,7687,7588,7515,7364,7289,7147,7083,7008,6860,6788,6720,6572,6503,6432,6309,6227,6160,6016
10,14,24,33,42,68,119,184,278,451,706,1068,1599,2284,3257,4385,4674,6554,7389,7976,8329,8522,8630,8650,8650,8596,8553,8482,8400,8285,8165,8069,8009,7825,7740,7678,7536,7452,7376,7231,7172,7015,6936,6859,6719,6632,6571,6432,6366,6222
10,16,24,40,59,93,183,281,460,749,1159,1713,2568,3614,4499,5934,6925,7578,8111,8434,8572,8654,8654,8623,8577,8480,8369,8258,8179,8095,7966,7881,7733,7645,7560,7397,7305,7235,7098,7029,6892,6853,6739,6683,6551,6479,6410,6278,6218,6094
0,0,0,0,0,0,3,4,10,18,32,49,74,113,176,258,359,459,577,709,846,973,1101,1230,1355,1475,1602,1697,1816,1932,2075,2126,2246,2321,2478,2551,2627,2776,2848,2931,3070,3152,3303,3381,3452,3554,3621,3689,3825,3922
0,2,3,3,4,6,7,9,14,20,31,42,62,88,133,187,259,354,430,558,661,773,907,1036,1160,1270,1415,1538,1661,1759,1864,2028,2127,2194,2333,2401,2557,2647,2733,2892,2965,3049,3183,3249,3319,3439,3490,3612,3671,3764
0,0,1,1,1,2,5,8,11,19,30,57,86,122,165,245,363,480,581,690,821,943,1063,1202,1318,1441,1552,1676,1806,1929,2002,2150,2228,2308,2486,2561,2642,2797,2869,3006,3089,3142,3317,3388,3449,3610,3682,3736,3865,3962
0,1,1,1,2,5,9,11,23,32,44,69,94,138,183,273,361,471,605,713,839,956,1084,1195,1323,1435,1562,1653,1799,1931,2023,2114,2289,2379,2463,2624,2712,2797,2939,3003,3146,3222,3292,3441,3499,3573,3709,3777,3853,3984
0,0,0,0,1,3,5,15,23,31,54,78,119,160,186,297,398,510,644,760,872,1004,1116,1239,1367,1495,1643,1709,1811,1896,2058,2142,2310,2389,2464,2624,2691,2754,2892,2953,3092,3153,3211,3352,3407,3470,3590,3634,3700,3854
0,1,2,3,4,6,7,14,18,25,39,71,104,157,207,296,381,489,609,722,851,967,1108,1207,1334,1448,1554,1658,1762,1880,1941,2097,2185,2261,2402,2469,2551,2721,2777,2933,2999,3056,3208,3292,3363,3495,3557,3630,3755,3854
0,0,0,0,0,1,3,5,13,19,24,37,53,79,125,186,266,388,492,591,729,848,970,1105,1229,1360,1458,1566,1676,1811,1907,2024,2105,2179,2326,2414,2591,2661,2734,2891,2969,3046,3199,3268,3426,3485,3539,3657,3725,3853
0,0,0,0,1,3,3,6,10,20,36,60,100,148,201,292,377,465,589,733,843,974,1096,1215,1343,1472,1595,1689,1810,1941,2035,2118,2302,2375,2526,2587,2662,2785,2854,2939,3074,3146,3220,3367,3428,3497,3663,3731,3804,3924
0,0,2,2,3,3,4,7,18,39,56,81,133,189,263,365,469,592,730,844,975,1078,1229,1362,1499,1619,1712,1842,1943,2075,2160,2240,2388,2469,2541,2677,2757,2859,3022,3101,3174,3312,3389,3465,3608,3662,3729,3853,3920,4059
0,0,1,2,3,5,7,16,20,31,52,94,130,209,281,380,481,579,679,788,929,1054,1191,1321,1443,1537,1666,1780,1892,2015,2178,2252,2334,2476,2549,2634,2759,2808,2958,3016,3091,3229,3296,3373,3491,3569,3637,3773,3829,3958
0,0,1,2,3,3,6,8,13,25,38,54,83,127,207,281,382,487,613,731,845,998,1130,1263,1398,1525,1659,1764,1884,1990,2139,2248,2315,2398,2591,2661,2752,2925,2984,3125,3196,3256,3393,3475,3538,3662,3730,3800,3905,3999
0,0,1,1,1,1,5,5,14,25,44,68,109,156,208,319,421,538,653,777,902,1030,1146,1263,1390,1506,1633,1746,1859,1994,2057,2181,2271,2418,2491,2556,2700,2743,2820,2956,3030,3092,3239,3296,3412,3475,3534,3654,3733,3863
0,1,1,2,5,5,5,6,12,21,36,58,90,135,193,281,361,460,574,691,810,944,1068,1187,1304,1421,1538,1661,1775,1862,1999,2095,2176,2331,2413,2570,2647,2748,2829,2988,3059,3212,3283,3355,3473,3536,3608,3760,3829,3944
0,0,1,1,1,1,2,5,7,13,23,31,60,97,151,197,280,389,500,625,762,887,1014,1140,1254,1389,1488,1600,1690,1818,1911,1993,2172,2280,2351,2487,2560,2709,2789,2864,2989,3059,3139,3266,3348,3432,3553,3621,3681,3814
0,0,0,0,1,3,6,16,24,34,55,86,119,164,220,311,404,519,635,769,886,1013,1119,1251,1379,1502,1616,1715,1807,1979,2060,2158,2306,2393,2479,2615,2686,2835,2904,2967,3113,3182,3310,3384,3465,3592,3664,3736,3875,3968
0,0,0,1,4,5,7,11,17,24,36,52,86,122,176,198,321,436,549,687,811,933,1053,1185,1321,1440,1547,1648,1749,1848,1923,2030,2102,2278,2348,2416,2575,2657,2817,2877,2963,3099,3186,3303,3365,3430,3567,3644,3705,3844
0,1,1,1,1,2,2,6,9,20,34,47,89,124,174,246,337,437,552,678,807,931,1050,1181,1316,1444,1574,1695,1799,1930,2043,2124,2278,2358,2450,2594,2688,2779,2897,2960,3102,3179,3248,3368,3428,3496,3641,3702,3856,3959
0,0,0,0,2,3,5,10,13,19,32,53,79,117,159,249,355,460,600,713,835,949,1090,1214,1328,1442,1545,1646,1768,1869,1949,2153,2232,2411,2486,2571,2722,2797,2948,3023,3089,3249,3316,3379,3512,3581,3642,3791,3851,3969
0,0,1,1,1,4,7,8,9,20,30,49,78,124,192,263,364,469,596,726,856,971,1105,1214,1326,1443,1558,1687,1778,1868,2017,2101,2198,2361,2430,2580,2668,2730,2884,2951,3082,3165,3292,3347,3415,3544,3606,3664,3785,3913
0,0,0,0,0,0,1,1,6,14,27,50,78,118,175,196,348,432,544,649,755,882,1004,1124,1238,1354,1493,1586,1705,1833,1952,2012,2163,2249,2408,2495,2567,2712,2784,2931,3013,3086,3237,3302,3362,3493,3560,3688,3742,3852
0,0,0,0,0,0,1,7,9,20,33,53,81,129,183,286,375,479,586,700,813,920,1033,1152,1287,1372,1469,1571,1720,1778,1938,2029,2191,2275,2359,2529,2630,2701,2778,2927,2993,3131,3210,3267,3416,3486,3562,3696,3758,3892
0,2,2,3,3,5,9,15,20,29,41,70,106,150,196,288,381,470,585,717,871,1005,1131,1263,1397,1548,1649,1775,1861,1980,2085,2200,2317,2400,2481,2631,2723,2799,2951,3023,3163,3232,3304,3445,3518,3582,3728,3807,3889,4017
0,1,1,2,2,2,2,4,6,12,16,22,36,48,78,131,175,273,362,477,590,719,831,936,1056,1184,1300,1411,1531,1680,1799,1935,2017,2085,2249,2333,2407,2560,2626,2767,2845,2917,3064,3128,3205,3360,3421,3492,3617,3726
0,1,1,1,2,2,2,3,5,9,16,27,49,89,128,173,256,367,471,592,694,799,935,1053,1182,1283,1400,1509,1656,1739,1847,1929,2095,2185,2313,2397,2494,2627,2707,2788,2937,3007,3142,3220,3289,3407,3473,3546,3691,3776
0,0,0,0,0,1,3,6,15,22,41,52,80,126,174,258,353,466,596,718,836,946,1083,1183,1319,1437,1563,1657,1796,1911,1989,2080,2226,2297,2359,2505,2569,2698,2802,2892,3057,3145,3222,3360,3428,3502,3609,3663,3711,3870
0,1,2,2,3,3,6,10,13,17,20,39,57,91,129,181,227,338,445,575,696,808,907,1028,1169,1306,1399,1533,1662,1744,1885,1970,2132,2224,2307,2490,2561,2621,2781,2848,2929,3067,3130,3266,3348,3415,3523,3574,3630,3767
0,0,0,0,1,3,7,17,24,36,61,91,133,191,268,368,493,614,730,847,957,1101,1241,1376,1508,1630,1743,1847,1995,2067,2240,2328,2501,2571,2654,2793,2859,2930,3094,3170,3254,3393,3466,3535,3668,3723,3786,3933,3994,4127
0,0,0,0,2,3,5,9,17,26,44,76,117,165,213,317,410,524,657,770,908,1040,1164,1291,1392,1497,1611,1709,1814,1923,2031,2140,2290,2366,2463,2621,2693,2827,2898,2968,3123,3188,3249,3398,3459,3605,3672,3726,3845,3927
0,0,0,0,0,1,3,7,15,20,34,61,97,138,192,282,378,492,625,740,865,987,1106,1244,1349,1462,1552,1687,1746,1920,2005,2194,2253,2323,2464,2529,2672,2757,2839,2966,3039,3170,3226,3293,3453,3505,3576,3704,3762,3890
0,0,0,0,0,0,2,6,15,23,31,53,80,127,166,253,345,474,570,699,840,958,1080,1198,1306,1429,1572,1680,1779,1896,2040,2117,2189,2347,2413,2507,2651,2728,2807,2979,3058,3132,3265,3326,3394,3535,3590,3664,3790,3903
0,0,1,1,1,2,5,6,9,17,23,33,58,94,134,202,284,391,497,621,741,867,995,1131,1242,1357,1485,1604,1727,1794,1956,2022,2147,2226,2314,2471,2561,2632,2762,2847,2973,3051,3118,3254,3321,3396,3529,3599,3716,3794
0,0,2,2,3,3,8,11,15,28,46,59,96,141,174,279,388,493,628,748,878,1007,1138,1256,1358,1483,1619,1710,1828,1976,2054,2161,2227,2393,2470,2554,2717,2794,2887,3024,3096,3173,3303,3373,3431,3558,3622,3687,3813,3901
0,0,0,0,1,2,3,5,8,16,34,59,90,145,195,288,379,490,593,738,869,998,1139,1297,1399,1533,1652,1739,1859,2002,2063,2220,2307,2383,2561,2658,2824,2897,2969,3090,3158,3238,3356,3419,3489,3624,3702,3764,3897,3970
0,0,0,1,1,2,3,4,6,13,21,33,58,86,121,178,221,317,423,543,667,788,911,1030,1148,1248,1385,1505,1618,1731,1855,1931,2058,2153,2309,2401,2478,2634,2711,2841,2923,2997,3133,3212,3277,3426,3481,3557,3676,3794
0,0,0,0,1,3,6,9,23,35,62,101,150,194,282,371,477,588,697,822,936,1069,1195,1324,1439,1566,1703,1794,1908,1982,2161,2232,2322,2485,2550,2628,2792,2864,3008,3073,3145,3286,3345,3411,3497,3641,3698,3764,3885,3976
0,0,0,1,2,2,6,8,11,16,26,42,58,84,134,193,281,366,476,582,725,834,967,1081,1219,1324,1426,1552,1638,1776,1854,2018,2113,2198,2341,2414,2492,2646,2732,2815,2965,3049,3197,3273,3333,3455,3527,3610,3725,3824
0,0,0,1,1,3,5,6,13,22,31,58,85,124,186,263,363,459,563,702,836,966,1087,1224,1356,1473,1586,1695,1842,1937,2051,2110,2284,2349,2502,2586,2664,2828,2896,2965,3122,3195,3316,3391,3440,3582,3660,3726,3851,3969
0,0,0,0,2,4,5,9,17,30,45,74,109,167,202,345,427,528,643,767,893,1004,1146,1272,1385,1485,1607,1732,1848,1912,2063,2160,2232,2394,2476,2631,2703,2779,2928,3020,3072,3203,3270,3328,3496,3561,3673,3747,3818,3950
0,0,0,0,1,2,5,10,18,28,47,74,103,155,201,320,413,504,606,728,872,1011,1122,1238,1371,1494,1635,1723,1868,1988,2121,2208,2274,2433,2499,2631,2714,2774,2903,2970,3047,3185,3244,3321,3452,3518,3585,3716,3782,3920
0,1,2,3,5,8,9,12,19,31,49,79,104,162,226,336,438,559,674,812,946,1054,1172,1279,1395,1521,1633,1757,1887,1974,2058,2209,2297,2373,2555,2635,2788,2864,2929,3078,3157,3230,3363,3437,3556,3632,3688,3800,3871,3979
0,1,2,2,2,3,3,5,10,19,28,42,79,134,181,218,333,449,564,684,788,916,1039,1167,1307,1423,1558,1672,1763,1859,1985,2082,2264,2359,2430,2612,2680,2818,2891,2965,3111,3182,3319,3390,3473,3588,3657,3724,3854,3937
0,0,0,0,1,5,8,13,24,32,55,91,131,201,283,367,488,594,719,843,988,1123,1243,1388,1479,1598,1716,1822,1885,2018,2084,2233,2324,2419,2578,2656,2805,2867,2958,3102,3182,3341,3405,3468,3600,3679,3751,3817,3964,4057
0,0,0,0,0,1,2,3,6,14,22,41,69,107,151,175,270,355,477,601,730,838,946,1103,1233,1350,1469,1597,1712,1811,1902,2014,2100,2192,2356,2437,2514,2670,2752,2843,3005,3069,3135,3264,3330,3483,3564,3633,3751,3854
0,0,0,0,0,0,2,5,13,27,49,78,115,166,253,330,440,552,674,810,934,1064,1197,1309,1424,1518,1626,1728,1870,1987,2067,2145,2311,2400,2546,2618,2701,2847,2936,2998,3160,3234,3307,3440,3501,3573,3694,3776,3851,3984
0,0,1,2,4,4,4,12,16,25,46,66,99,145,203,281,361,469,586,709,843,976,1082,1214,1314,1434,1539,1628,1752,1823,2008,2104,2264,2353,2429,2570,2635,2724,2870,2954,3090,3165,3223,3348,3416,3499,3655,3728,3790,3937
0,0,0,1,3,4,7,11,22,34,51,80,113,167,232,321,424,534,648,761,888,996,1113,1236,1342,1460,1595,1715,1795,1935,2056,2154,2244,2398,2476,2549,2718,2781,2946,3013,3089,3213,3280,3347,3495,3561,3689,3746,3809,3936
0,1,2,2,3,3,4,11,18,31,44,61,100,131,195,270,376,493,589,692,807,941,1081,1201,1327,1465,1561,1679,1801,1899,2067,2152,2242,2428,2509,2582,2717,2797,2937,3015,3087,3250,3320,3406,3539,3606,3689,3767,3911,3987
0,0,0,0,2,3,5,8,16,29,41,53,89,131,187,208,345,426,528,645,759,890,1003,1139,1266,1399,1493,1630,1737,1819,1939,2013,2175,2250,2333,2481,2551,2657,2803,2882,3019,3088,3163,3240,3364,3413,3482,3583,3646,3770
0,0,0,0,1,1,1,1,3,8,16,37,66,109,163,199,367,477,587,711,843,948,1098,1210,1323,1447,1574,1674,1815,1912,2013,2077,2251,2324,2473,2553,2626,2776,2853,2918,3066,3129,3217,3351,3423,3541,3601,3671,3797,3897
0,0,1,2,2,3,4,7,18,31,43,65,94,151,210,309,410,524,615,730,859,986,1132,1242,1354,1469,1584,1699,1814,1911,2056,2145,2235,2405,2479,2544,2693,2767,2828,2992,3072,3208,3269,3343,3484,3556,3615,3749,3815,3954
0,0,0,0,1,1,1,1,6,11,23,32,45,77,117,161,245,333,435,538,682,785,900,1038,1160,1280,1406,1522,1644,1754,1870,1951,2115,2209,2318,2490,2561,2638,2799,2895,2960,3125,3185,3269,3408,3480,3555,3695,3765,3894
0,0,0,0,0,0,2,6,12,29,54,81,122,174,242,337,447,559,685,823,959,1097,1228,1330,1427,1543,1647,1750,1863,1941,2124,2187,2254,2450,2527,2687,2751,2817,2943,3032,3156,3211,3277,3420,3486,3629,3682,3751,3861,3961
0,0,0,0,0,0,2,2,7,16,22,44,64,102,152,206,297,410,515,619,749,876,993,1126,1250,1366,1483,1622,1717,1829,1923,2061,2133,2219,2389,2452,2538,2717,2800,2865,3031,3119,3182,3321,3395,3538,3596,3666,3807,3902
0,0,0,0,0,1,2,4,7,8,14,36,59,94,137,171,271,342,426,521,640,771,902,1033,1179,1299,1435,1545,1649,1753,1853,1931,2093,2196,2344,2432,2509,2667,2742,2889,2973,3050,3202,3268,3344,3504,3581,3640,3769,3873
0,0,1,1,1,2,4,9,12,18,22,36,61,94,150,171,293,397,508,611,736,859,985,1121,1248,1371,1478,1566,1683,1794,1922,2015,2117,2191,2252,2411,2493,2579,2722,2799,2880,3039,3107,3215,3280,3353,3496,3572,3649,3785
0,1,2,2,2,6,11,17,20,29,52,81,120,175,256,348,450,555,657,783,914,1062,1181,1295,1425,1516,1616,1730,1853,1992,2073,2146,2318,2402,2582,2665,2743,2869,2938,3010,3137,3198,3341,3409,3462,3610,3681,3749,3886,3978
0,0,1,1,3,6,10,11,13,22,35,50,75,120,167,243,345,453,560,689,807,929,1033,1159,1271,1408,1518,1626,1724,1861,1963,2030,2184,2262,2345,2498,2579,2704,2762,2852,2981,3057,3125,3279,3357,3423,3569,3627,3698,3810
0,0,0,0,1,1,4,8,16,30,42,70,93,139,169,266,360,483,585,717,850,965,1098,1222,1346,1470,1594,1683,1799,1932,1978,2095,2173,2333,2409,2485,2608,2690,2774,2915,2993,3146,3230,3304,3436,3502,3582,3718,3778,3889
0,0,0,1,2,3,8,23,38,54,73,100,146,203,284,370,490,599,717,832,958,1077,1196,1324,1438,1530,1644,1747,1819,1996,2081,2241,2338,2426,2583,2680,2762,2888,2972,3105,3165,3244,3373,3447,3517,3654,3712,3770,3916,4013
0,1,1,2,4,5,8,14,20,29,48,77,117,187,219,339,441,557,690,824,947,1071,1197,1319,1451,1573,1680,1787,1910,1983,2114,2209,2295,2455,2543,2614,2760,2836,2994,3066,3137,3280,3358,3492,3579,3644,3755,3816,3874,4018
0,1,1,1,3,4,7,9,12,25,46,67,104,152,187,281,373,476,586,706,824,955,1072,1194,1308,1438,1572,1659,1780,1857,2017,2092,2174,2340,2428,2596,2670,2740,2867,2931,3003,3158,3219,3352,3423,3488,3617,3692,3750,3880
0,0,1,1,3,5,7,9,15,27,39,52,74,106,154,223,307,410,531,645,757,875,1007,1137,1265,1401,1495,1628,1708,1812,1954,2036,2117,2270,2367,2428,2572,2646,2787,2858,2940,3083,3154,3220,3352,3419,3488,3640,3713,3861
0,1,1,1,3,3,7,8,13,24,37,60,91,133,182,209,337,424,519,666,800,913,1048,1177,1297,1412,1526,1650,1757,1873,1982,2106,2181,2283,2453,2544,2618,2763,2834,2990,3071,3140,3288,3344,3415,3545,3610,3669,3786,3885
0,0,1,1,1,1,4,6,8,14,32,56,89,134,178,259,363,473,564,678,793,920,1055,1187,1297,1393,1521,1624,1725,1876,1942,2102,2206,2277,2451,2543,2622,2771,2839,2942,3110,3190,3254,3386,3451,3535,3661,3728,3779,3900
0,0,1,1,1,1,4,6,13,21,39,68,103,157,187,311,404,527,646,769,882,1023,1143,1264,1408,1542,1654,1745,1872,1989,2060,2143,2300,2364,2455,2603,2680,2835,2904,2962,3112,3169,3254,3393,3449,3503,3628,3700,3848,3939
0,0,0,1,2,3,4,12,16,29,45,76,113,164,204,330,429,533,651,771,916,1030,1161,1281,1417,1517,1635,1753,1867,1975,2048,2190,2274,2361,2523,2603,2698,2852,2918,3056,3112,3186,3324,3387,3539,3606,3683,3804,3863,3972
0,0,0,0,2,5,7,11,18,32,54,86,115,163,221,312,395,488,614,742,861,987,1120,1239,1383,1502,1643,1746,1866,1979,2050,2208,2271,2349,2506,2564,2642,2806,2888,2952,3085,3162,3740,3787,3838,3881,3914,3966,4005,4045
0,0,0,0,0,3,6,7,12,24,36,65,96,125,184,194,338,448,572,667,794,928,1047,1167,1297,1413,1547,1640,1770,1890,2000,2143,2221,2296,2431,2512,2599,2744,2828,2900,3026,3098,3228,3305,3389,3519,3592,3650,3795,3877
0,1,1,1,1,2,4,9,14,23,28,45,85,125,177,213,343,434,561,673,799,897,1012,1142,1260,1390,1504,1638,1735,1852,1911,2060,2138,2224,2384,2460,2545,2719,2811,2871,3028,3098,3190,3312,3385,3503,3566,3634,3709,3867
0,0,0,0,0,4,6,9,14,26,35,55,78,123,172,250,324,405,529,642,764,887,1018,1147,1268,1379,1490,1622,1732,1828,1953,2033,2112,2286,2370,2458,2621,2705,2785,2945,3009,3084,3228,3313,3467,3543,3609,3747,3818,3937
0,1,1,1,1,2,2,2,4,8,14,28,49,63,98,136,181,278,357,483,594,725,842,976,1107,1238,1347,1446,1569,1675,1750,1889,1959,2070,2156,2308,2390,2473,2618,2692,2776,2930,3001,3152,3235,3328,3456,3488,3567,3728
0,0,0,0,1,1,2,3,10,17,29,55,79,122,165,183,329,430,528,639,774,889,1024,1139,1273,1389,1509,1604,1743,1839,1903,2112,2185,2270,2404,2484,2622,2693,2763,2903,2982,3058,3203,3283,3351,3501,3560,3626,3757,3861
0,0,0,0,0,1,7,8,18,30,47,75,120,163,201,321,424,543,681,800,907,1039,1173,1308,1427,1553,1678,1792,1869,2013,2100,2167,2314,2415,2488,2641,2718,2857,2921,2996,3141,3213,3282,3431,3499,3567,3694,3777,3843,3987
0,1,1,1,1,1,2,3,4,12,18,32,53,85,124,167,184,346,432,557,665,811,932,1055,1170,1283,1376,1471,1569,1694,1825,1926,1989,2175,2261,2324,2467,2554,2630,2776,2836,2991,3071,3149,3285,3370,3433,3571,3634,3777
0,0,0,2,3,4,5,7,11,18,32,50,82,133,194,286,362,478,581,684,821,963,1106,1226,1336,1461,1592,1717,1809,1898,2031,2115,2271,2360,2445,2607,2695,2767,2908,2976,3117,3157,3269,3324,3452,3522,3597,3724,3782,3909
