FrameworkVersion,"1.0.145.372","joproctor (CMS/Main/framework)"
10000,9989,9975,9951,9920,9859,9794,9658,9413,9071,8534,7787,6806,5622,4408,3256,2265,1536,1040,643,415,266,189,131,87,59,39,26,20,14,12,8,8,11,13,10,10,7,5,6,7,6,9,12,15,17,13,15,15,13
10000,9999,9991,9977,9957,9929,9890,9824,9726,9571,9308,8868,8316,7487,6433,5269,3976,2892,2016,1345,903,581,352,208,132,78,56,38,28,23,19,10,9,9,6,4,7,7,7,11,10,8,8,11,10,10,18,15,11,8
10000,9994,9985,9968,9949,9926,9875,9791,9675,9425,9043,8517,7754,6773,5600,4416,3305,2296,1532,992,658,427,282,174,110,77,55,40,29,16,12,8,6,7,5,6,5,2,2,1,2,8,7,11,11,16,13,12,13,12
10000,9993,9986,9972,9949,9924,9877,9796,9662,9470,9141,8712,8015,7078,5989,4834,3710,2660,1769,1166,776,499,310,215,147,89,60,38,26,16,13,8,8,7,7,5,6,7,6,5,3,4,4,6,6,5,7,10,6,13
10000,9995,9989,9976,9960,9936,9893,9824,9696,9505,9204,8764,8153,7265,6183,4931,3661,2665,1847,1238,836,531,351,237,153,113,79,47,30,19,14,11,11,10,6,5,5,6,5,9,11,11,10,10,10,9,9,9,8,9
10000,9991,9976,9963,9927,9870,9768,9592,9344,8963,8411,7616,6632,5461,4284,3058,2128,1421,922,578,370,232,140,85,62,46,30,26,17,10,4,2,3,6,7,8,8,8,7,8,11,11,11,13,15,13,14,10,12,9
10000,9993,9984,9969,9956,9917,9861,9800,9676,9486,9186,8728,8150,7270,6135,4949,3744,2693,1866,1232,822,545,367,240,158,97,65,42,26,21,12,9,7,5,5,5,7,6,6,5,6,6,6,6,11,11,12,12,11,12
10000,9988,9971,9946,9906,9849,9740,9576,9313,8913,8362,7595,6496,5324,4102,3000,2107,1444,939,572,380,249,160,97,63,42,26,17,9,8,8,5,5,5,2,2,2,1,2,3,7,7,5,5,6,5,8,7,9,8
10000,9994,9980,9961,9933,9872,9759,9583,9314,8905,8328,7498,6495,5319,4113,3029,2107,1398,919,586,351,215,147,92,67,46,31,22,17,16,12,10,10,9,7,7,5,5,3,4,3,3,4,4,5,8,7,9,9,11
10000,9991,9986,9967,9948,9915,9842,9726,9562,9308,8887,8322,7510,6514,5324,4106,2953,2028,1359,869,559,374,234,158,108,67,44,27,16,10,7,3,2,2,3,4,4,6,7,9,10,8,9,10,7,10,8,7,5,8
10000,9994,9978,9948,9915,9865,9789,9634,9432,9070,8574,7876,6959,5818,4569,3409,2441,1660,1073,676,458,279,184,115,68,38,28,18,14,9,9,5,5,5,5,2,3,2,3,8,6,9,11,11,9,8,7,12,10,13
10000,9995,9983,9965,9936,9878,9795,9650,9439,9118,8641,7896,6907,5704,4490,3289,2321,1575,1046,695,438,284,186,108,69,46,29,23,20,16,11,8,9,10,10,8,7,8,8,10,8,11,9,6,9,6,8,8,9,9
10000,9997,9985,9971,9939,9886,9820,9699,9493,9182,8725,8079,7195,6185,4973,3768,2705,1864,1225,789,479,313,198,114,74,43,28,16,13,8,8,5,7,5,3,5,5,5,6,4,10,12,11,9,11,14,11,12,11,9
10000,9987,9970,9950,9914,9852,9769,9624,9410,9037,8499,7785,6811,5638,4461,3302,2324,1579,1037,669,435,273,178,112,69,50,26,16,14,10,10,8,6,3,1,4,4,5,6,7,7,7,2,3,3,3,4,4,5,6
10000,9996,9992,9976,9958,9933,9890,9812,9676,9468,9147,8660,7970,7043,5883,4698,3516,2487,1689,1119,698,456,297,197,117,72,57,31,20,11,9,6,5,7,7,7,8,5,4,3,2,4,5,10,7,11,12,13,14,13
10000,9993,9980,9966,9946,9915,9842,9741,9576,9313,8915,8267,7445,6350,5158,4009,2922,1993,1325,874,563,356,224,155,100,63,40,28,20,12,10,9,8,9,7,7,7,8,10,7,7,6,9,11,11,14,16,16,15,10
10000,9995,9985,9959,9931,9900,9841,9756,9617,9403,9048,8506,7759,6783,5611,4338,3225,2219,1519,1008,680,446,291,195,123,82,55,41,25,22,14,13,7,7,9,5,4,5,9,14,10,10,8,10,11,9,10,7,9,8
10000,9992,9983,9972,9942,9884,9812,9674,9464,9139,8613,7859,6930,5796,4584,3428,2383,1610,1053,694,447,285,181,123,81,53,36,22,12,13,11,6,8,8,8,6,4,4,4,5,8,8,9,9,6,6,7,9,10,9
10000,9996,9996,9979,9961,9934,9872,9808,9663,9491,9193,8737,8138,7302,6254,5053,3911,2826,1982,1330,879,559,373,234,140,92,67,42,28,22,17,13,7,6,5,8,6,9,7,5,4,8,9,11,12,9,7,10,11,11
10000,9995,9988,9983,9962,9923,9873,9803,9685,9509,9228,8777,8150,7283,6252,5068,3830,2806,1942,1310,859,559,354,219,148,108,80,54,32,27,22,16,14,8,6,7,8,8,7,6,10,5,7,9,4,5,9,13,13,15
10000,9995,9987,9972,9953,9924,9859,9767,9617,9354,8989,8452,7629,6616,5434,4257,3122,2197,1468,954,627,394,248,163,103,74,42,29,20,16,8,7,7,5,4,3,1,1,2,6,10,10,9,10,7,11,13,13,13,10
10000,9993,9986,9971,9942,9890,9801,9682,9479,9193,8793,8140,7256,6197,4994,3764,2747,1893,1283,863,559,366,230,142,90,64,43,28,22,20,16,14,11,9,11,9,9,7,4,8,3,4,2,5,6,7,5,8,12,8
10000,9994,9977,9954,9909,9837,9731,9557,9298,8885,8283,7446,6362,5192,3932,2852,2023,1369,884,568,359,225,133,89,58,39,27,24,15,6,4,4,4,5,4,6,3,4,3,6,7,8,5,8,8,6,8,11,11,12
10000,9994,9984,9975,9954,9928,9870,9776,9642,9412,9067,8596,7921,6970,5928,4637,3497,2515,1773,1164,764,499,334,212,132,85,57,37,22,16,11,9,5,3,5,3,3,5,6,4,6,8,8,11,9,7,4,5,5,6
10000,9990,9980,9964,9935,9881,9771,9649,9454,9103,8601,7900,6992,5890,4644,3491,2481,1686,1123,727,482,309,202,127,74,50,32,22,14,7,11,11,12,8,9,6,6,4,6,6,6,6,6,7,8,6,7,8,10,10
10000,9991,9971,9946,9911,9835,9753,9571,9308,8870,8293,7458,6405,5184,3943,2860,2027,1327,902,585,381,258,150,100,71,43,26,20,12,6,6,6,3,5,3,3,3,8,4,6,9,10,13,17,13,10,10,6,5,4
10000,9984,9967,9942,9909,9854,9732,9566,9301,8973,8427,7599,6593,5375,4142,2993,2114,1414,935,609,380,225,160,99,63,38,26,18,8,7,7,6,6,3,4,3,3,8,6,4,2,5,6,7,8,7,8,8,6,4
10000,9996,9987,9977,9951,9920,9877,9790,9677,9475,9143,8691,8030,7102,5972,4819,3644,2573,1770,1185,782,499,318,198,128,76,52,38,20,11,10,6,5,8,7,6,4,9,12,10,6,9,8,9,12,8,4,5,7,6
10000,9994,9982,9962,9925,9870,9797,9657,9446,9092,8603,7885,6904,5755,4490,3313,2350,1574,1028,659,428,273,166,93,58,40,24,19,11,7,6,6,6,4,4,5,7,4,4,3,5,8,3,3,3,9,9,10,8,9
10000,9991,9982,9966,9938,9883,9784,9639,9418,9066,8571,7915,7000,5895,4687,3483,2419,1667,1154,766,494,324,212,144,92,65,43,33,21,15,16,13,12,9,10,10,9,7,3,5,5,7,10,9,7,6,5,7,5,6
10000,9994,9990,9978,9954,9922,9876,9795,9673,9476,9184,8708,8045,7164,6069,4872,3672,2679,1874,1245,783,483,324,207,127,76,50,26,20,15,10,5,2,4,6,3,5,6,6,7,4,6,6,6,5,5,8,9,12,15
10000,9991,9986,9976,9954,9931,9879,9791,9667,9465,9148,8719,8027,7147,6023,4813,3623,2621,1840,1225,822,509,343,219,142,100,68,44,35,25,18,16,10,9,9,6,6,7,7,4,5,5,8,9,11,12,10,10,12,12
10000,9992,9977,9954,9908,9830,9699,9503,9181,8760,8126,7203,6115,4892,3649,2575,1760,1190,759,487,319,216,132,82,51,34,22,19,16,12,13,11,8,7,7,3,3,4,4,6,5,4,7,6,6,6,9,9,10,7
10000,9994,9981,9963,9931,9892,9822,9706,9534,9233,8781,8120,7235,6141,4938,3745,2679,1872,1288,834,559,352,207,133,77,50,41,35,29,16,12,8,9,7,4,2,3,3,2,4,6,5,5,9,8,8,11,9,6,5
10000,9994,9976,9958,9926,9877,9796,9657,9429,9082,8585,7868,6934,5818,4570,3297,2359,1574,1034,665,452,299,171,111,74,46,35,24,13,9,6,5,5,2,0,0,2,4,7,6,6,8,8,6,9,6,5,7,9,12
10000,9995,9987,9977,9958,9930,9882,9811,9690,9510,9262,8887,8266,7436,6383,5148,3936,2900,2011,1326,885,585,372,227,138,99,61,37,24,16,16,14,10,5,6,5,4,5,8,8,8,7,6,7,4,2,3,7,8,8
10000,9992,9984,9969,9941,9892,9832,9729,9570,9284,8896,8332,7463,6441,5270,3999,2887,2024,1370,894,597,373,253,167,111,77,59,32,22,17,8,7,7,8,8,4,3,4,4,5,5,7,8,7,9,10,8,6,6,7
10000,9997,9982,9970,9948,9899,9832,9720,9553,9266,8856,8214,7400,6323,5164,3948,2859,1967,1287,864,561,375,246,147,84,58,42,36,24,13,10,7,7,6,6,8,11,9,6,7,7,4,3,3,2,4,6,8,9,8
10000,9998,9992,9985,9973,9958,9929,9872,9791,9656,9455,9125,8645,7887,6937,5820,4619,3426,2452,1692,1121,718,449,293,197,114,69,47,35,23,18,9,5,4,3,5,4,6,6,5,6,6,8,10,11,6,6,5,5,3
10000,9991,9975,9948,9919,9859,9761,9615,9377,9042,8526,7819,6890,5751,4534,3391,2367,1564,1026,659,430,286,202,132,89,67,47,33,22,18,11,10,9,8,8,8,6,6,8,6,9,9,11,11,11,7,8,7,7,7
10000,9992,9977,9959,9935,9892,9832,9713,9548,9237,8849,8241,7350,6262,5065,3822,2749,1881,1255,843,557,365,249,166,100,67,48,31,30,20,16,14,12,13,11,8,7,4,5,6,7,7,7,6,4,5,9,7,6,7
10000,9996,9980,9960,9928,9887,9817,9726,9569,9325,8936,8380,7507,6477,5298,4139,2993,2044,1371,926,606,382,253,162,100,66,43,30,22,14,9,5,2,2,4,5,4,3,7,5,7,6,3,5,10,7,8,6,6,9
10000,9994,9988,9972,9948,9910,9834,9711,9540,9266,8898,8291,7512,6458,5288,4115,3012,2071,1412,937,597,390,259,154,100,62,41,34,18,15,11,11,11,9,12,6,5,4,6,11,11,8,7,5,7,8,10,11,10,8
10000,9994,9984,9964,9937,9886,9808,9671,9495,9191,8695,8083,7131,5985,4711,3472,2489,1672,1108,739,474,327,199,132,95,63,38,28,17,10,10,7,5,6,6,7,7,6,5,4,5,5,5,6,7,8,7,9,8,9
10000,9996,9988,9969,9945,9910,9842,9738,9565,9277,8856,8198,7319,6254,5033,3800,2760,1911,1271,796,497,331,221,139,99,63,42,29,19,14,11,11,13,10,7,7,7,6,10,9,6,8,7,6,8,8,8,6,8,11
10000,9994,9988,9984,9970,9926,9891,9817,9702,9533,9269,8904,8349,7530,6506,5317,4095,2986,2082,1406,920,592,387,259,158,106,61,44,32,23,15,12,8,8,5,3,6,6,9,7,7,12,8,7,10,9,9,7,7,7
10000,9988,9976,9942,9897,9826,9742,9560,9286,8879,8263,7441,6426,5264,4038,2956,2093,1436,950,626,402,256,169,110,73,41,30,20,13,10,11,9,7,7,5,5,3,5,6,5,9,8,7,8,6,7,10,9,18,17
10000,9995,9990,9979,9951,9926,9882,9796,9662,9461,9145,8651,7960,7017,5906,4639,3446,2453,1681,1110,730,481,304,185,111,56,40,28,19,11,6,5,5,5,5,4,6,5,7,6,7,5,10,8,6,6,7,7,9,12
10000,9992,9977,9955,9916,9854,9746,9588,9324,8943,8366,7580,6539,5398,4134,2994,2078,1420,934,608,385,251,162,110,65,46,36,24,15,10,6,4,6,5,7,5,4,7,8,6,8,7,6,5,9,11,11,9,8,8
10000,9992,9981,9970,9944,9909,9831,9707,9508,9214,8757,8123,7251,6147,4891,3710,2648,1835,1213,802,507,326,222,143,90,62,40,23,14,6,3,0,2,3,4,4,4,4,2,3,6,7,5,9,7,4,5,5,6,7
10000,9997,9985,9966,9934,9885,9803,9683,9513,9229,8807,8170,7286,6243,5028,3869,2778,1910,1256,830,522,327,224,149,106,75,51,35,24,18,14,9,7,4,1,2,3,4,5,6,6,4,2,3,3,4,6,9,11,13
10000,9997,9991,9976,9955,9924,9863,9764,9614,9378,8986,8394,7589,6556,5404,4131,3009,2100,1404,891,572,375,234,142,77,53,35,19,12,10,5,6,4,3,2,1,2,4,5,2,3,4,8,8,7,6,5,4,8,8
10000,9990,9984,9969,9942,9916,9854,9764,9595,9364,9025,8483,7682,6691,5462,4260,3101,2130,1429,922,624,401,271,176,114,73,44,36,23,15,12,12,9,9,8,7,7,5,7,7,7,8,7,5,6,7,9,8,9,9
10000,9992,9984,9961,9920,9864,9774,9632,9427,9108,8627,7929,6992,5874,4647,3485,2527,1700,1106,706,455,289,192,127,80,47,32,22,20,17,15,11,11,15,9,6,5,5,6,6,7,6,5,6,5,7,8,7,6,8
10000,9986,9970,9927,9867,9775,9648,9403,9047,8541,7799,6833,5711,4533,3384,2395,1649,1096,745,442,293,194,125,85,59,42,30,22,13,10,11,8,8,6,6,7,4,4,3,3,5,2,7,7,6,10,9,9,8,7
10000,9988,9972,9952,9920,9883,9813,9680,9509,9249,8814,8179,7316,6227,4991,3778,2752,1886,1220,803,519,335,203,120,72,49,35,25,17,15,11,7,5,4,4,4,5,7,6,7,6,9,9,7,5,7,13,9,8,12
10000,9998,9989,9972,9943,9907,9851,9749,9579,9337,8973,8380,7626,6617,5487,4299,3150,2239,1511,995,657,412,259,175,118,75,55,40,26,18,12,11,11,9,7,9,9,13,7,7,6,8,9,4,5,6,6,8,9,8
10000,9994,9983,9968,9938,9885,9814,9691,9474,9180,8713,8053,7183,6125,4864,3621,2555,1751,1154,730,465,307,202,125,75,42,23,18,16,11,11,10,9,8,7,7,8,4,6,6,3,4,4,5,5,4,5,2,5,13
10000,9994,9983,9964,9926,9872,9785,9643,9432,9126,8625,7933,6986,5836,4601,3404,2442,1676,1159,749,477,315,198,131,92,58,37,25,15,12,8,7,8,5,4,5,5,4,5,5,5,6,4,5,6,6,8,8,9,13
10000,9997,9984,9968,9936,9893,9816,9696,9514,9234,8805,8186,7420,6384,5202,4012,2911,2015,1343,892,564,363,239,169,109,70,47,30,22,19,12,8,3,1,2,3,3,6,8,6,4,2,5,7,9,8,10,11,15,14
10000,9995,9992,9974,9943,9896,9824,9708,9528,9245,8811,8140,7283,6234,5059,3820,2727,1903,1311,853,534,347,220,133,89,57,44,36,24,13,10,13,8,6,5,5,5,6,8,7,7,9,5,6,8,9,7,7,6,9
10000,9995,9980,9959,9930,9885,9798,9685,9521,9211,8740,8062,7201,6092,4900,3679,2603,1824,1218,837,550,364,235,144,94,64,36,25,14,6,3,5,3,6,4,1,2,3,5,4,5,5,7,7,6,8,9,8,6,6
10000,9991,9969,9933,9872,9773,9620,9369,8990,8407,7648,6618,5535,4343,3253,2286,1532,1012,651,421,255,157,95,66,51,35,26,18,13,15,10,10,7,6,8,6,5,7,8,8,7,6,8,9,9,15,15,14,14,15
10000,9993,9987,9978,9949,9903,9837,9732,9577,9311,8932,8330,7530,6510,5290,4065,2940,2045,1365,872,548,367,251,162,107,70,44,32,20,13,7,6,4,2,0,3,1,3,7,5,6,5,6,8,6,9,5,8,8,5
10000,9993,9977,9953,9914,9855,9755,9605,9364,9008,8462,7721,6744,5567,4362,3258,2310,1572,1019,640,412,265,176,125,87,57,34,23,17,6,8,5,5,5,5,7,8,7,11,7,8,9,11,10,11,10,9,8,8,8
10000,9996,9990,9966,9934,9895,9825,9716,9520,9256,8833,8207,7300,6276,5086,3900,2796,1931,1304,846,543,331,225,145,92,69,47,28,23,20,18,13,9,10,8,8,9,8,10,8,5,7,7,2,4,7,7,10,11,10
10000,9995,9981,9973,9928,9873,9797,9673,9474,9132,8700,8073,7180,6066,4837,3655,2618,1792,1176,766,495,313,200,119,67,52,42,26,19,14,12,12,9,7,5,4,3,3,5,5,7,8,8,6,7,10,8,10,6,9
10000,9984,9970,9944,9904,9825,9704,9495,9216,8775,8088,7213,6165,4956,3769,2727,1853,1222,775,486,314,195,118,77,46,40,25,19,14,9,7,6,9,12,8,6,5,5,6,3,3,7,8,8,6,7,6,5,8,12
10000,9996,9990,9981,9959,9928,9881,9803,9696,9517,9229,8800,8143,7304,6238,5004,3764,2714,1889,1246,834,548,353,234,153,91,61,41,31,16,10,7,2,3,5,4,4,6,6,6,7,11,8,10,9,14,10,8,6,6
10000,9993,9983,9968,9925,9882,9815,9691,9513,9227,8804,8208,7321,6202,4954,3722,2705,1875,1225,784,503,324,193,124,82,54,37,21,15,12,8,4,3,3,2,4,2,5,5,5,8,11,7,9,13,14,9,7,7,9
10000,9992,9982,9964,9938,9894,9825,9705,9514,9209,8720,8023,7091,5952,4683,3459,2463,1672,1075,669,437,267,159,103,71,45,35,26,21,18,10,10,9,6,9,8,6,7,6,5,14,9,7,6,6,8,7,5,8,10
10000,9996,9988,9972,9955,9906,9848,9730,9548,9259,8832,8226,7420,6406,5208,3998,2945,2079,1422,948,609,382,228,138,95,66,47,30,22,13,5,2,4,2,3,6,5,4,5,3,5,2,4,5,6,6,10,8,5,7
10000,9993,9981,9963,9934,9896,9837,9703,9530,9263,8886,8252,7379,6348,5148,3949,2834,1923,1258,833,537,359,239,146,99,61,39,25,14,13,8,10,7,9,8,9,8,7,7,6,7,9,8,8,7,6,6,6,7,5
10000,9993,9977,9945,9914,9844,9723,9523,9245,8817,8201,7328,6256,5024,3803,2743,1903,1270,820,521,332,210,133,90,64,48,30,24,15,8,6,7,5,6,6,6,7,8,9,8,10,6,8,6,7,6,5,5,9,7
10000,9997,9991,9983,9969,9933,9878,9791,9651,9424,9101,8587,7879,6960,5873,4609,3438,2430,1603,1104,724,455,308,185,106,57,41,25,23,12,8,7,5,4,1,2,1,3,2,4,3,1,0,0,3,5,5,6,11,8
10,21,34,58,89,149,212,345,583,913,1426,2151,3081,4218,5361,6432,7305,7921,8312,8593,8702,8728,8682,8629,8552,8480,8362,8278,8166,8047,7927,7803,7699,7574,7461,7355,7241,7158,7040,6940,6831,6732,6639,6531,6423,6332,6259,6161,6071,5981
10,11,19,33,50,78,116,178,274,421,675,1102,1634,2432,3438,4543,5751,6743,7507,8078,8402,8610,8730,8745,8684,8619,8533,8429,8336,8210,8093,7979,7873,7770,7667,7577,7458,7343,7232,7126,7029,6924,6828,6725,6648,6554,6443,6350,6260,6174
10,16,25,42,59,82,133,216,328,567,934,1448,2179,3123,4241,5357,6388,7296,7946,8368,8580,8710,8720,8692,8646,8560,8459,8344,8260,8165,8072,7956,7849,7723,7595,7495,7375,7286,7170,7066,6985,6887,6776,6681,6585,6497,6406,6321,6243,6151
10,16,23,37,59,82,129,205,336,518,833,1251,1919,2820,3864,4963,6007,6976,7748,8245,8519,8655,8733,8713,8622,8566,8481,8412,8305,8210,8091,7993,7889,7772,7669,7563,7450,7346,7241,7123,7020,6941,6857,6759,6668,6574,6479,6395,6303,6214
10,15,21,34,50,73,116,183,303,485,780,1208,1801,2657,3688,4881,6058,6967,7682,8158,8414,8590,8668,8657,8603,8517,8431,8339,8222,8138,8025,7902,7775,7668,7571,7454,7349,7244,7135,7044,6945,6850,6762,6669,6583,6488,6416,6312,6236,6158
10,19,34,45,80,134,234,403,648,1013,1550,2317,3259,4372,5476,6609,7438,8039,8429,8659,8720,8724,8684,8627,8516,8401,8299,8186,8074,7962,7856,7726,7614,7503,7382,7279,7185,7077,6979,6892,6792,6683,6582,6483,6388,6300,6217,6137,6058,5977
10,17,26,41,52,89,142,201,322,503,791,1239,1797,2640,3723,4838,5961,6921,7657,8180,8455,8590,8643,8644,8596,8541,8438,8331,8240,8120,8008,7872,7776,7683,7570,7458,7346,7246,7129,7018,6923,6844,6741,6663,6586,6499,6404,6319,6239,6150
10,22,38,63,102,157,266,427,677,1066,1596,2326,3383,4503,5648,6644,7423,7983,8373,8611,8669,8665,8628,8562,8481,8383,8286,8163,8053,7930,7820,7740,7630,7503,7397,7284,7164,7043,6944,6831,6715,6621,6518,6410,6325,6231,6142,6064,5970,5881
10,16,30,49,77,136,244,414,679,1079,1638,2430,3392,4514,5652,6646,7463,8052,8407,8626,8746,8771,8707,8656,8559,8461,8346,8265,8154,8034,7912,7795,7671,7554,7455,7344,7243,7143,7051,6943,6841,6751,6663,6566,6484,6385,6292,6199,6115,6028
10,19,24,43,62,93,165,278,440,685,1094,1640,2422,3374,4521,5673,6742,7556,8109,8476,8653,8720,8741,8689,8619,8544,8446,8329,8212,8106,7978,7861,7756,7650,7545,7434,7335,7227,7120,7014,6932,6842,6751,6651,6568,6466,6380,6282,6205,6123
10,16,32,60,92,140,209,362,555,903,1385,2056,2941,4035,5209,6303,7182,7839,8312,8574,8650,8715,8684,8639,8575,8483,8367,8248,8122,8005,7888,7776,7663,7540,7438,7335,7225,7131,7037,6925,6826,6743,6635,6534,6449,6353,6279,6185,6091,5991
10,15,27,45,74,130,210,353,560,869,1336,2057,3007,4154,5286,6385,7250,7880,8283,8506,8636,8660,8634,8589,8499,8398,8273,8150,8025,7910,7808,7698,7587,7479,7356,7263,7144,7035,6941,6842,6730,6620,6526,6422,6324,6242,6158,6081,5982,5901
10,13,24,38,70,122,186,304,505,813,1252,1875,2726,3692,4838,5953,6914,7640,8173,8473,8646,8672,8675,8617,8538,8444,8332,8236,8127,8027,7915,7802,7694,7586,7475,7384,7274,7172,7071,6968,6884,6798,6708,6630,6535,6454,6364,6254,6183,6096
10,23,39,58,93,153,234,376,587,944,1461,2149,3097,4204,5325,6403,7269,7916,8325,8564,8668,8703,8682,8609,8528,8425,8317,8200,8081,7963,7855,7739,7620,7514,7403,7299,7201,7103,6996,6893,6795,6701,6612,6522,6431,6336,6245,6164,6086,5996
10,13,17,33,49,71,113,190,322,524,838,1306,1972,2860,3960,5084,6177,7105,7804,8262,8563,8693,8727,8686,8659,8568,8468,8388,8265,8158,8042,7920,7809,7698,7586,7486,7376,7265,7155,7031,6937,6826,6712,6613,6511,6413,6317,6223,6142,6049
10,17,29,43,63,94,165,264,423,678,1066,1695,2493,3550,4685,5768,6754,7569,8127,8462,8657,8744,8739,8699,8622,8535,8441,8326,8212,8099,8007,7893,7781,7673,7574,7490,7376,7283,7170,7082,6983,6852,6758,6664,6563,6480,6398,6311,6216,6133
10,15,25,50,78,106,162,242,379,583,928,1446,2165,3111,4228,5426,6455,7350,7928,8323,8528,8622,8650,8604,8548,8474,8400,8298,8172,8071,7969,7859,7769,7665,7548,7451,7346,7233,7121,7034,6932,6830,6749,6647,6550,6442,6341,6239,6147,6067
10,18,27,38,68,125,195,330,536,854,1372,2096,2985,4073,5221,6308,7255,7906,8340,8583,8728,8766,8758,8699,8619,8525,8401,8292,8189,8057,7947,7840,7731,7626,7520,7423,7311,7220,7145,7054,6940,6846,6753,6664,6575,6459,6367,6286,6192,6090
10,14,14,31,48,73,134,196,333,496,788,1232,1804,2609,3611,4753,5819,6820,7558,8076,8409,8604,8655,8652,8609,8538,8457,8370,8250,8131,8017,7903,7802,7702,7590,7456,7348,7230,7124,7022,6941,6844,6721,6605,6515,6420,6322,6225,6123,6037
10,15,22,26,47,84,129,194,309,478,752,1190,1800,2640,3621,4753,5917,6856,7613,8133,8461,8623,8705,8732,8683,8609,8518,8406,8307,8192,8073,7964,7870,7773,7657,7550,7442,7320,7205,7081,7002,6904,6817,6704,6603,6507,6413,6310,6226,6130
10,14,22,35,52,80,144,234,379,632,985,1502,2300,3266,4393,5500,6553,7356,7967,8380,8578,8659,8672,8636,8562,8462,8362,8260,8146,8037,7932,7815,7693,7577,7470,7350,7237,7137,7025,6930,6834,6747,6665,6580,6468,6389,6294,6204,6120,6026
10,17,22,36,63,112,199,312,508,784,1164,1793,2654,3667,4792,5945,6861,7615,8117,8420,8597,8672,8663,8629,8552,8459,8343,8224,8118,8007,7895,7792,7664,7569,7479,7372,7270,7160,7072,6974,6877,6785,6692,6600,6504,6393,6324,6243,6154,6077
10,16,33,56,101,173,273,438,687,1087,1671,2479,3527,4643,5831,6811,7535,8094,8454,8641,8703,8709,8692,8614,8539,8434,8330,8212,8096,7986,7870,7757,7636,7541,7452,7340,7233,7106,7001,6902,6816,6720,6636,6534,6438,6332,6252,6157,6074,5981
10,16,25,34,53,79,136,229,359,576,914,1373,2013,2931,3932,5158,6221,7100,7747,8241,8519,8661,8697,8718,8677,8593,8499,8386,8292,8185,8052,7945,7839,7722,7624,7499,7382,7285,7190,7096,6997,6885,6787,6691,6599,6498,6409,6324,6231,6148
10,20,28,43,72,125,233,347,540,885,1372,2047,2919,3972,5147,6217,7136,7828,8274,8518,8657,8711,8705,8640,8574,8476,8384,8273,8168,8062,7951,7817,7708,7598,7492,7385,7276,7185,7086,7009,6925,6827,6726,6627,6532,6431,6347,6266,6171,6078
10,19,38,61,96,172,252,431,686,1110,1671,2483,3493,4656,5812,6800,7530,8117,8430,8614,8686,8687,8673,8584,8481,8369,8250,8144,8021,7911,7782,7669,7561,7451,7324,7217,7106,7000,6905,6818,6722,6624,6543,6465,6364,6270,6174,6079,5992,5921
10,26,42,65,97,149,271,433,693,1007,1535,2341,3305,4470,5635,6692,7478,8068,8433,8641,8746,8776,8699,8650,8550,8441,8340,8225,8113,8002,7883,7754,7648,7537,7420,7312,7218,7133,7032,6903,6806,6703,6611,6507,6415,6313,6222,6126,6047,5960
10,14,23,33,59,89,129,213,321,516,834,1268,1901,2790,3873,4965,6070,7033,7730,8190,8477,8620,8676,8668,8621,8548,8439,8334,8228,8116,8018,7903,7807,7690,7582,7483,7358,7252,7146,7026,6918,6816,6720,6633,6523,6444,6361,6276,6189,6094
10,16,28,48,85,139,210,346,550,899,1372,2069,3025,4114,5312,6421,7300,7951,8381,8617,8726,8768,8743,8690,8613,8519,8406,8304,8191,8080,7977,7860,7740,7633,7522,7413,7301,7200,7103,7014,6913,6825,6726,6626,6521,6415,6327,6248,6159,6076
10,19,27,43,71,122,219,363,572,917,1399,2029,2910,3961,5113,6249,7210,7853,8265,8530,8672,8721,8710,8665,8587,8489,8391,8282,8182,8064,7937,7844,7733,7640,7544,7447,7328,7230,7133,7046,6969,6865,6751,6661,6562,6452,6362,6272,6188,6113
10,16,18,30,53,85,130,209,328,517,798,1261,1902,2755,3810,4945,6066,6968,7663,8181,8529,8701,8724,8711,8663,8594,8515,8412,8299,8190,8080,7977,7869,7768,7667,7549,7427,7315,7207,7119,7027,6932,6830,6734,6641,6546,6445,6356,6268,6188
10,18,22,31,52,75,126,211,330,527,838,1260,1935,2789,3859,5010,6115,7003,7676,8173,8452,8649,8702,8708,8646,8561,8457,8351,8226,8120,7992,7878,7763,7663,7574,7465,7363,7242,7129,7046,6955,6852,6752,6649,6572,6483,6390,6301,6225,6128
10,18,32,54,98,174,301,488,796,1201,1814,2708,3739,4905,6070,7050,7749,8209,8520,8660,8696,8679,8635,8558,8469,8352,8256,8134,8003,7916,7811,7691,7596,7466,7360,7257,7153,7052,6946,6858,6742,6654,6557,6462,6366,6287,6204,6125,6042,5971
10,16,29,47,79,115,183,296,464,753,1193,1831,2696,3736,4887,6005,6954,7625,8089,8425,8571,8658,8679,8616,8549,8442,8325,8190,8076,7974,7879,7777,7665,7557,7450,7336,7216,7118,7018,6918,6819,6739,6647,6571,6484,6390,6294,6200,6115,6038
10,16,34,51,81,130,209,345,564,899,1376,2066,2964,4026,5212,6388,7233,7912,8335,8590,8670,8697,8684,8602,8514,8433,8300,8185,8083,7964,7861,7750,7644,7540,7432,7328,7220,7125,7018,6932,6833,6736,6642,6547,6454,6363,6274,6173,6078,5992
10,15,23,33,52,79,125,195,314,485,726,1087,1691,2485,3503,4695,5839,6795,7574,8147,8458,8639,8730,8753,8720,8622,8548,8450,8352,8224,8109,7986,7897,7768,7649,7543,7444,7345,7244,7153,7048,6945,6857,6742,6654,6560,6471,6359,6267,6175
10,18,26,40,67,114,173,269,419,699,1074,1623,2459,3442,4545,5756,6779,7545,8103,8479,8651,8746,8733,8691,8611,8518,8422,8332,8230,8109,8010,7894,7783,7670,7560,7452,7354,7238,7139,7036,6936,6863,6767,6673,6581,6487,6381,6291,6213,6139
10,13,28,40,61,110,174,281,443,723,1111,1734,2525,3556,4654,5803,6799,7580,8139,8437,8614,8682,8675,8641,8579,8458,8354,8239,8131,8037,7913,7806,7700,7606,7496,7386,7258,7150,7058,6967,6882,6788,6715,6630,6544,6458,6361,6266,6187,6113
10,12,18,25,37,51,79,134,213,342,539,861,1335,2066,2971,4039,5173,6288,7171,7827,8292,8559,8709,8738,8719,8674,8600,8493,8381,8245,8143,8037,7912,7809,7691,7550,7462,7342,7234,7136,7048,6947,6837,6735,6648,6549,6437,6348,6244,6157
10,19,33,60,86,145,241,385,617,942,1435,2124,3009,4101,5249,6299,7238,7937,8376,8627,8722,8744,8694,8651,8563,8481,8381,8277,8165,8055,7961,7862,7763,7668,7560,7462,7350,7249,7147,7049,6938,6849,6747,6659,6578,6479,6396,6316,6220,6105
10,18,33,49,72,110,167,283,443,750,1129,1723,2581,3620,4750,5910,6889,7638,8149,8438,8612,8673,8653,8603,8527,8445,8327,8228,8103,7992,7889,7766,7653,7563,7473,7376,7268,7190,7082,6989,6879,6779,6665,6578,6474,6393,6289,6208,6122,6040
10,14,29,48,78,118,184,272,426,667,1048,1589,2436,3425,4541,5624,6673,7506,8089,8428,8628,8717,8717,8693,8630,8549,8428,8324,8201,8088,7961,7828,7722,7615,7498,7390,7298,7201,7090,6983,6870,6784,6690,6585,6487,6390,6286,6205,6126,6040
10,16,21,37,60,96,172,291,459,724,1081,1667,2411,3426,4538,5642,6650,7508,8042,8409,8640,8729,8749,8732,8657,8560,8455,8358,8250,8131,8000,7896,7786,7680,7572,7475,7381,7284,7188,7083,6994,6909,6819,6706,6608,6522,6417,6312,6225,6116
10,16,26,46,72,123,199,331,503,804,1288,1884,2801,3901,5114,6276,7153,7863,8317,8568,8692,8701,8702,8634,8551,8471,8373,8258,8144,8034,7920,7818,7725,7610,7502,7395,7275,7174,7090,6987,6889,6793,6699,6599,6485,6398,6304,6215,6113,6018
10,14,22,41,65,99,164,263,430,715,1128,1764,2607,3632,4791,5951,6894,7644,8174,8518,8706,8739,8708,8662,8557,8471,8388,8280,8170,8062,7963,7858,7752,7647,7526,7429,7324,7224,7117,7017,6913,6810,6716,6598,6508,6420,6330,6229,6141,6051
10,16,22,26,39,83,118,188,300,461,718,1065,1600,2393,3380,4518,5657,6669,7469,8045,8424,8624,8714,8714,8683,8611,8536,8439,8327,8225,8096,7974,7856,7725,7619,7515,7380,7263,7163,7065,6957,6852,6742,6651,6538,6451,6360,6269,6179,6100
10,22,33,66,111,182,263,443,714,1106,1696,2488,3468,4568,5715,6710,7465,8012,8384,8583,8686,8706,8672,8604,8512,8422,8322,8214,8104,7987,7880,7764,7640,7533,7439,7338,7238,7132,7031,6905,6789,6686,6597,6513,6415,6313,6227,6120,6023,5953
10,14,18,29,56,79,121,205,338,532,842,1325,1997,2916,3988,5190,6302,7196,7850,8320,8588,8715,8760,8765,8723,8669,8551,8453,8337,8217,8100,7961,7860,7736,7623,7530,7416,7322,7220,7117,7024,6912,6811,6715,6624,6533,6439,6338,6241,6137
10,18,33,55,91,153,256,412,670,1037,1594,2357,3352,4440,5633,6676,7488,8021,8381,8584,8669,8671,8641,8550,8466,8371,8242,8151,8049,7942,7830,7711,7609,7505,7392,7287,7166,7064,6956,6866,6763,6661,6573,6477,6401,6313,6223,6124,6048,5954
10,18,29,39,65,99,177,299,493,780,1223,1828,2667,3724,4922,6029,6984,7708,8202,8502,8676,8755,8732,8693,8627,8529,8441,8340,8246,8154,8050,7948,7836,7706,7586,7468,7360,7265,7170,7061,6967,6851,6754,6665,6570,6487,6397,6300,6217,6132
10,13,24,43,75,123,203,319,482,755,1168,1787,2631,3611,4783,5864,6864,7635,8170,8481,8690,8740,8699,8639,8551,8479,8378,8273,8183,8090,7983,7861,7754,7650,7543,7444,7336,7225,7120,7035,6921,6831,6737,6645,6565,6469,6383,6306,6217,6130
10,13,19,33,54,84,144,237,383,612,990,1567,2337,3327,4424,5623,6653,7460,8055,8444,8630,8686,8718,8665,8612,8518,8422,8306,8204,8077,7958,7820,7703,7594,7484,7370,7272,7149,7039,6955,6861,6774,6675,6577,6498,6380,6285,6198,6096,6016
10,20,25,37,62,87,147,236,405,629,952,1478,2250,3210,4381,5510,6589,7443,8042,8451,8631,8726,8743,8713,8668,8604,8501,8392,8291,8182,8078,7958,7841,7721,7609,7501,7393,7288,7173,7051,6942,6841,6747,6640,6548,6458,6366,6278,6200,6128
10,18,26,48,88,143,227,366,566,875,1334,2004,2912,3977,5116,6184,7037,7740,8262,8529,8639,8659,8646,8588,8515,8421,8299,8209,8101,7981,7874,7764,7668,7573,7479,7366,7251,7149,7065,6967,6869,6761,6660,6579,6494,6393,6307,6225,6124,6034
10,24,40,83,142,232,355,590,935,1421,2141,3081,4147,5254,6322,7230,7858,8293,8508,8691,8725,8698,8637,8566,8475,8375,8261,8161,8049,7948,7839,7699,7594,7491,7390,7289,7198,7097,6983,6876,6786,6698,6603,6526,6448,6363,6288,6199,6111,6019
10,21,36,55,86,121,189,317,487,735,1155,1768,2600,3651,4832,5970,6906,7664,8217,8509,8667,8735,8741,8707,8622,8508,8393,8285,8194,8085,7982,7872,7745,7620,7510,7397,7304,7182,7077,6983,6875,6794,6707,6630,6539,6451,6363,6289,6187,6073
10,12,21,38,67,102,156,255,419,650,1003,1574,2302,3283,4349,5454,6527,7339,7946,8345,8569,8681,8705,8678,8590,8511,8412,8318,8238,8129,8012,7915,7805,7694,7599,7501,7405,7288,7193,7091,6986,6893,6809,6719,6623,6536,6448,6358,6265,6188
10,16,27,41,70,123,193,310,520,801,1257,1898,2738,3748,4939,6094,7071,7775,8265,8564,8704,8745,8736,8674,8604,8519,8417,8296,8182,8082,7963,7851,7746,7626,7528,7419,7304,7211,7101,6994,6902,6819,6697,6604,6516,6431,6330,6242,6145,6042
10,16,27,46,84,137,223,360,569,863,1352,2011,2915,4009,5168,6284,7150,7814,8197,8493,8648,8689,8675,8603,8529,8429,8331,8221,8128,8018,7919,7807,7686,7572,7464,7357,7238,7114,7017,6931,6807,6720,6628,6530,6437,6349,6275,6180,6108,6028
10,13,26,42,73,116,190,306,486,757,1167,1759,2493,3484,4618,5723,6743,7552,8112,8453,8648,8734,8752,8682,8619,8548,8463,8336,8227,8108,7990,7884,7791,7680,7571,7464,7358,7250,7162,7047,6973,6879,6758,6647,6550,6454,6347,6255,6160,6082
10,15,17,35,64,109,179,289,465,740,1152,1796,2621,3620,4721,5880,6871,7607,8099,8434,8628,8671,8675,8634,8580,8485,8400,8288,8204,8109,8007,7891,7787,7659,7563,7455,7347,7231,7141,7059,6975,6886,6777,6679,6584,6475,6382,6282,6197,6114
10,15,30,51,78,121,203,312,473,772,1230,1886,2721,3777,4911,6049,7042,7716,8219,8481,8652,8713,8712,8669,8597,8522,8424,8303,8205,8093,7991,7868,7766,7657,7554,7443,7340,7230,7123,7018,6920,6817,6705,6623,6534,6438,6327,6229,6122,6028
10,19,41,76,136,233,377,622,989,1552,2282,3269,4297,5425,6426,7299,7938,8361,8593,8689,8731,8697,8619,8522,8422,8294,8180,8072,7946,7835,7732,7608,7503,7402,7296,7189,7084,6983,6883,6785,6682,6579,6487,6409,6316,6228,6150,6066,5995,5896
10,16,22,30,58,102,168,271,420,679,1047,1630,2397,3388,4555,5695,6724,7524,8086,8454,8666,8719,8708,8670,8606,8531,8433,8312,8188,8077,7963,7844,7722,7592,7472,7364,7266,7164,7052,6944,6843,6741,6653,6560,6485,6380,6296,6194,6115,6041
10,17,33,56,92,148,246,390,626,976,1499,2219,3156,4276,5417,6424,7267,7890,8328,8585,8674,8694,8662,8581,8509,8424,8318,8205,8100,7988,7870,7753,7656,7546,7436,7342,7236,7140,7045,6960,6870,6776,6675,6593,6492,6394,6304,6213,6117,6029
10,14,20,43,73,111,179,285,477,731,1147,1754,2627,3603,4730,5853,6872,7640,8122,8454,8629,8716,8704,8659,8577,8490,8396,8304,8202,8097,8011,7918,7800,7692,7579,7450,7352,7249,7139,7053,6963,6858,6764,6659,6572,6486,6397,6297,6224,6140
10,15,28,35,79,132,207,329,521,848,1266,1872,2729,3808,4975,6087,7000,7732,8240,8520,8675,8721,8685,8644,8568,8467,8352,8238,8134,8023,7919,7826,7720,7614,7505,7388,7299,7200,7106,7000,6899,6808,6723,6632,6548,6467,6379,6278,6195,6095
10,25,39,65,104,182,298,502,769,1194,1859,2701,3710,4851,5963,6907,7677,8200,8517,8692,8745,8726,8669,8569,8480,8357,8235,8136,8032,7935,7827,7716,7610,7505,7422,7318,7224,7145,7057,6953,6850,6743,6633,6531,6449,6353,6251,6171,6089,6001
10,14,18,27,48,79,125,202,302,478,757,1172,1811,2613,3637,4815,5966,6922,7625,8149,8427,8595,8674,8695,8642,8601,8485,8354,8240,8151,8041,7925,7825,7722,7616,7503,7394,7286,7183,7081,6971,6872,6790,6676,6593,6489,6384,6305,6209,6122
10,17,27,40,83,123,187,307,479,746,1153,1725,2587,3668,4858,6015,6936,7656,8189,8511,8661,8704,8723,8669,8584,8502,8390,8289,8182,8062,7944,7851,7737,7650,7537,7415,7329,7228,7111,7006,6911,6805,6708,6601,6494,6404,6334,6236,6147,6064
10,17,26,44,69,113,178,295,483,777,1245,1918,2821,3919,5129,6274,7177,7864,8342,8633,8742,8772,8747,8689,8615,8499,8374,8267,8153,8048,7946,7849,7749,7655,7550,7436,7332,7219,7123,7018,6914,6840,6736,6637,6543,6473,6380,6278,6175,6087
10,14,22,38,53,102,158,273,447,728,1142,1726,2503,3475,4608,5739,6703,7442,7991,8364,8586,8689,8712,8669,8601,8500,8364,8237,8108,8003,7897,7764,7658,7542,7427,7319,7200,7085,6992,6898,6804,6709,6602,6519,6428,6342,6253,6174,6083,5996
10,17,29,47,75,111,169,296,464,723,1083,1705,2547,3535,4676,5789,6825,7616,8174,8465,8627,8702,8698,8660,8582,8493,8390,8294,8164,8053,7945,7828,7717,7610,7511,7399,7296,7182,7068,6956,6848,6737,6637,6553,6446,6365,6266,6187,6101,6009
10,17,33,64,93,161,277,471,741,1156,1755,2601,3622,4788,5930,6895,7640,8147,8458,8617,8670,8679,8640,8557,8478,8357,8244,8111,8009,7888,7792,7688,7579,7463,7342,7233,7130,7046,6954,6857,6756,6652,6551,6468,6379,6273,6191,6105,6007,5927
10,13,19,27,40,75,125,210,345,566,883,1381,2054,2936,3972,5165,6264,7174,7904,8285,8535,8675,8688,8697,8635,8566,8482,8374,8254,8143,8030,7938,7806,7699,7587,7473,7357,7254,7146,7032,6935,6833,6731,6633,6531,6431,6333,6242,6141,6043
0,0,1,1,1,2,4,7,14,26,50,72,123,170,241,322,440,553,658,774,893,1016,1139,1250,1371,1471,1609,1706,1824,1949,2071,2199,2303,2425,2536,2645,2759,2845,2965,3064,3172,3272,3362,3467,3572,3661,3738,3834,3924,4016
0,0,0,0,3,3,4,8,10,18,27,40,60,91,139,198,283,375,487,587,705,819,928,1057,1194,1313,1421,1543,1646,1777,1898,2021,2128,2231,2337,2429,2545,2660,2771,2873,2971,3078,3174,3274,3352,3446,3549,3645,3739,3828
0,0,0,0,2,2,2,3,7,18,33,45,77,114,169,237,317,418,532,650,772,873,1008,1144,1254,1373,1496,1626,1721,1829,1926,2046,2155,2280,2410,2509,2630,2722,2838,2943,3023,3115,3227,3318,3414,3497,3591,3677,3754,3847
0,1,1,1,2,4,4,9,12,22,36,47,76,112,157,213,293,374,493,599,715,856,967,1082,1241,1355,1469,1560,1679,1784,1906,2009,2113,2231,2334,2442,2554,2657,2763,2882,2987,3065,3149,3245,3336,3431,3524,3605,3701,3783
0,0,0,0,0,1,1,3,11,20,26,38,56,88,139,198,291,378,481,614,760,889,991,1116,1254,1380,1500,1624,1758,1853,1971,2097,2224,2332,2433,2551,2656,2760,2870,2957,3054,3149,3238,3331,3417,3513,3585,3689,3766,3843
0,0,0,2,3,6,8,15,18,34,49,77,119,177,250,343,444,550,659,773,920,1054,1186,1298,1432,1563,1681,1798,1919,2038,2150,2282,2393,2501,2621,2723,2817,2925,3024,3110,3207,3316,3417,3514,3607,3697,3779,3863,3940,4024
0,0,0,0,2,4,7,9,12,21,33,43,63,100,152,223,305,396,487,598,733,875,1000,1126,1256,1372,1507,1637,1744,1869,1990,2129,2227,2322,2435,2547,2657,2758,2875,2987,3081,3160,3263,3341,3413,3500,3594,3679,3760,3848
0,0,1,1,2,4,4,7,20,31,52,89,131,183,260,366,480,583,698,827,961,1096,1222,1351,1466,1585,1698,1830,1948,2072,2182,2265,2375,2502,2611,2724,2844,2966,3064,3176,3288,3382,3487,3595,3679,3774,3860,3939,4031,4121
0,0,0,0,0,2,7,13,17,26,44,82,123,177,245,335,440,560,684,798,913,1024,1156,1262,1384,1503,1633,1723,1839,1960,2086,2205,2329,2447,2548,2659,2762,2862,2956,3063,3166,3256,3343,3440,3521,3617,3711,3802,3886,3971
0,0,0,0,0,2,3,6,8,17,29,48,78,122,165,231,315,426,542,665,798,916,1035,1163,1283,1399,1520,1654,1782,1894,2025,2146,2252,2358,2462,2572,2671,2777,2883,2987,3068,3160,3250,3349,3435,3534,3622,3721,3800,3879
0,0,0,2,3,5,12,14,23,37,51,78,110,157,232,298,387,511,625,760,902,1016,1142,1256,1367,1489,1615,1744,1874,1996,2113,2229,2342,2465,2567,2673,2782,2877,2970,3077,3178,3258,3364,3465,3552,3649,3724,3813,3909,4006
0,0,0,0,0,2,5,7,11,23,33,57,96,152,234,336,439,555,681,809,936,1066,1190,1313,1442,1566,1708,1837,1965,2084,2191,2304,2414,2521,2644,2739,2859,2967,3061,3158,3272,3379,3475,3582,3677,3762,3844,3921,4019,4100
0,0,1,1,1,2,4,7,12,15,33,56,89,133,199,289,391,506,612,748,885,1025,1137,1279,1398,1523,1650,1758,1870,1975,2087,2203,2309,2419,2532,2621,2731,2833,2933,3038,3116,3200,3291,3371,3464,3542,3635,3744,3816,3905
0,0,1,2,3,5,7,10,13,29,50,76,102,168,224,305,417,515,648,777,907,1034,1150,1289,1413,1535,1667,1794,1915,2037,2145,2263,2384,2493,2606,2707,2805,2902,3008,3110,3208,3302,3396,3485,3576,3671,3761,3842,3919,4008
0,1,1,1,3,6,7,8,12,18,25,44,68,107,167,228,317,418,517,629,749,861,986,1127,1234,1370,1485,1591,1725,1841,1959,2084,2196,2305,2417,2517,2626,2740,2851,2976,3071,3180,3293,3387,3492,3586,3681,3774,3854,3948
0,0,1,1,1,1,3,5,11,19,29,48,72,110,167,233,334,448,558,674,790,910,1047,1156,1288,1412,1529,1656,1778,1899,1993,2108,2221,2328,2429,2513,2627,2719,2830,2921,3020,3152,3243,3335,3436,3516,3596,3683,3779,3867
0,0,0,1,1,4,7,12,14,24,34,58,86,116,171,246,330,441,563,679,802,942,1069,1211,1339,1454,1555,1671,1813,1917,2027,2138,2234,2338,2453,2554,2660,2772,2880,2962,3068,3170,3253,3353,3449,3559,3659,3764,3854,3935
0,0,0,0,0,1,3,6,10,17,25,55,95,141,205,274,372,494,617,733,835,959,1071,1188,1310,1432,1573,1696,1809,1940,2052,2164,2271,2376,2482,2581,2695,2786,2861,2951,3062,3156,3248,3337,3429,3545,3636,3715,3808,3911
0,0,0,0,1,3,4,6,14,23,29,41,68,99,145,204,280,364,470,604,722,847,982,1124,1261,1380,1486,1598,1732,1857,1976,2094,2201,2302,2415,2546,2656,2771,2879,2983,3065,3158,3280,3394,3483,3581,3681,3775,3876,3962
0,0,0,1,1,3,8,13,16,23,30,43,60,87,137,189,263,348,455,567,690,828,951,1059,1179,1293,1412,1550,1671,1791,1915,2030,2126,2229,2347,2453,2560,2682,2798,2923,2998,3101,3186,3297,3403,3498,3588,3687,3771,3865
0,1,1,3,5,6,7,9,14,24,36,56,81,128,183,253,335,457,575,676,805,957,1090,1211,1345,1474,1606,1721,1844,1957,2070,2188,2310,2428,2536,2657,2772,2872,2983,3074,3166,3253,3336,3420,3535,3610,3703,3793,3877,3974
0,0,2,3,5,8,10,16,23,33,53,77,100,146,224,301,402,502,610,727,854,972,1117,1239,1368,1487,1624,1758,1870,1983,2099,2204,2335,2432,2520,2629,2731,2843,2934,3028,3130,3221,3316,3405,3500,3610,3681,3759,3844,3925
0,0,0,0,0,0,6,15,25,38,56,85,121,175,247,347,452,547,672,801,948,1076,1185,1307,1413,1537,1653,1774,1899,2018,2136,2249,2370,2464,2554,2664,2774,2900,3006,3102,3187,3282,3369,3468,3564,3672,3750,3842,3925,4017
0,0,1,1,3,3,4,5,9,22,29,41,76,109,150,215,292,395,490,605,727,850,979,1080,1201,1332,1454,1587,1696,1809,1947,2056,2166,2285,2381,2508,2625,2720,2814,2910,3007,3117,3215,3308,3402,3505,3597,3681,3774,3856
0,0,2,3,3,4,6,14,16,22,37,63,99,148,219,302,393,496,613,765,871,990,1103,1243,1362,1484,1594,1715,1828,1941,2048,2182,2290,2404,2509,2619,2728,2821,2918,2995,3079,3177,3278,3376,3470,3573,3656,3736,3829,3922
0,0,1,3,3,3,5,8,16,30,46,69,112,170,255,350,453,566,678,811,943,1065,1187,1326,1458,1598,1734,1846,1977,2093,2222,2335,2446,2554,2683,2790,2901,3002,3101,3186,3279,3376,3454,3528,3633,3730,3826,3925,4013,4085
0,0,1,3,4,7,7,11,16,30,48,70,112,165,233,325,418,528,642,760,884,1009,1151,1261,1397,1531,1644,1767,1889,2001,2120,2250,2356,2470,2586,2695,2789,2869,2972,3103,3202,3302,3393,3496,3587,3690,3780,3876,3957,4046
0,0,0,0,0,1,4,7,12,19,33,51,79,118,165,226,296,404,510,635,751,891,1016,1144,1261,1386,1519,1638,1762,1883,1982,2101,2198,2312,2421,2521,2648,2749,2852,2974,3086,3185,3282,3368,3475,3558,3645,3729,3814,3910
0,0,0,0,0,1,3,7,14,19,35,56,81,141,208,276,360,485,601,734,856,969,1101,1227,1339,1451,1580,1687,1808,1923,2027,2144,2264,2373,2484,2592,2702,2806,2903,2993,3092,3177,3281,3381,3486,3586,3674,3752,3843,3925
0,0,1,1,1,5,7,8,20,27,40,66,100,154,210,278,381,490,591,714,844,965,1088,1201,1331,1456,1576,1695,1807,1931,2057,2153,2265,2361,2456,2553,2673,2773,2874,2959,3036,3138,3249,3340,3441,3552,3643,3731,3817,3891
0,0,2,2,3,3,4,6,9,17,28,41,63,91,131,193,272,363,473,584,698,826,962,1092,1220,1340,1445,1572,1691,1805,1920,2028,2139,2238,2337,2458,2578,2689,2797,2884,2979,3072,3174,3270,3364,3459,3557,3645,3730,3807
0,1,2,3,4,4,5,8,13,18,24,31,48,74,128,187,272,386,494,612,736,852,965,1083,1222,1349,1485,1615,1749,1865,2000,2116,2237,2338,2427,2539,2641,2761,2874,2960,3050,3153,3250,3352,3427,3515,3610,3699,3773,3870
0,0,1,2,4,6,10,19,33,49,70,99,156,213,291,385,501,611,731,863,995,1115,1243,1370,1490,1624,1732,1857,1991,2082,2186,2308,2406,2537,2643,2750,2854,2954,3060,3146,3263,3352,3446,3542,3638,3717,3797,3876,3958,4032
0,0,0,0,0,3,5,8,12,24,36,59,79,133,185,260,377,513,633,751,880,1000,1124,1261,1384,1518,1644,1785,1905,2020,2119,2225,2336,2446,2556,2672,2791,2889,2990,3088,3185,3266,3358,3430,3518,3612,3705,3801,3889,3967
0,0,0,1,3,3,5,8,17,29,49,76,112,166,228,325,418,524,641,755,888,1014,1155,1297,1422,1531,1675,1801,1914,2037,2143,2255,2361,2468,2578,2682,2788,2881,2985,3072,3171,3266,3360,3457,3547,3641,3731,3830,3923,4006
0,0,0,0,0,1,3,4,6,15,22,36,53,89,124,167,235,315,425,537,667,786,908,1030,1152,1289,1401,1523,1634,1770,1885,2010,2103,2237,2355,2462,2562,2660,2758,2849,2954,3058,3147,3261,3352,3448,3536,3644,3735,3827
0,0,0,1,2,4,5,12,21,27,40,55,88,127,195,255,344,441,537,637,762,891,1024,1152,1288,1415,1529,1646,1758,1884,1992,2109,2220,2332,2442,2554,2653,2768,2867,2969,3069,3140,3235,3330,3420,3513,3621,3713,3791,3864
0,0,0,0,1,1,4,9,14,21,43,62,85,131,192,259,352,463,584,709,835,953,1089,1222,1347,1494,1614,1735,1855,1960,2087,2197,2303,2398,2508,2616,2741,2851,2946,3036,3121,3218,3292,3377,3464,3548,3643,3736,3814,3889
0,0,0,0,0,1,2,4,6,12,16,24,30,57,102,151,218,296,387,491,597,733,852,979,1094,1222,1341,1470,1594,1742,1849,1964,2093,2197,2316,2455,2544,2662,2770,2869,2956,3057,3165,3265,3351,3455,3567,3657,3761,3850
0,0,2,2,5,6,8,10,16,26,49,67,111,158,227,320,405,509,608,724,858,980,1114,1227,1358,1462,1582,1700,1823,1937,2038,2138,2238,2334,2442,2540,2654,2755,2855,2955,3063,3152,3252,3340,3421,3524,3606,3687,3783,3898
0,0,0,2,3,8,11,14,19,23,32,46,79,128,195,278,372,491,606,729,841,972,1108,1241,1383,1498,1635,1751,1877,1998,2105,2230,2345,2434,2526,2626,2735,2816,2923,3015,3124,3224,3338,3426,3532,3612,3712,3795,3882,3963
0,0,1,2,4,5,9,12,15,18,26,41,67,108,171,247,344,460,550,656,776,911,1040,1155,1280,1395,1539,1656,1787,1908,2040,2177,2286,2393,2508,2615,2708,2806,2913,3022,3133,3220,3317,3420,3513,3613,3716,3799,3878,3961
0,0,1,1,2,4,4,8,11,20,31,52,87,126,184,253,348,431,556,664,773,891,1002,1124,1253,1388,1514,1618,1742,1864,1999,2103,2213,2321,2426,2529,2624,2722,2816,2916,3005,3093,3184,3299,3395,3480,3583,3687,3775,3886
0,0,0,0,1,1,3,8,12,15,27,43,78,124,185,262,368,475,585,703,844,982,1109,1244,1364,1476,1599,1724,1849,1966,2080,2185,2280,2394,2502,2608,2728,2830,2915,3019,3116,3212,3306,3405,3518,3604,3699,3786,3889,3983
0,0,0,0,0,1,4,9,15,18,26,48,84,124,186,259,356,455,565,696,807,940,1081,1209,1354,1476,1580,1701,1821,1934,2036,2141,2245,2353,2477,2574,2679,2780,2883,2984,3091,3192,3287,3406,3494,3582,3672,3775,3861,3948
0,0,0,0,1,1,1,5,8,16,23,41,61,87,124,175,258,355,459,559,666,794,909,1037,1169,1293,1413,1527,1651,1762,1899,2024,2146,2277,2386,2492,2624,2741,2838,2938,3046,3146,3260,3352,3462,3550,3641,3734,3824,3903
0,0,1,2,2,2,5,7,10,25,51,81,116,178,257,344,452,562,676,801,922,1048,1169,1296,1425,1547,1658,1776,1893,2013,2119,2237,2363,2470,2566,2667,2769,2873,2973,3100,3212,3316,3406,3489,3589,3690,3773,3881,3969,4040
0,1,2,2,3,5,7,9,10,17,23,34,53,77,116,181,262,361,479,580,692,814,946,1060,1176,1285,1419,1529,1654,1782,1904,2044,2145,2269,2382,2476,2588,2683,2783,2887,2979,3093,3189,3287,3380,3471,3564,3665,3760,3861
0,0,0,0,3,3,8,10,16,30,50,73,119,172,243,340,444,569,695,818,956,1088,1207,1350,1479,1593,1732,1835,1946,2058,2174,2295,2395,2500,2611,2718,2840,2939,3046,3138,3239,3342,3431,3528,3600,3686,3776,3877,3954,4048
0,0,0,1,1,2,2,4,9,16,30,59,92,139,197,271,378,467,595,706,827,929,1056,1174,1293,1419,1529,1647,1750,1850,1957,2062,2172,2301,2420,2538,2646,2741,2838,2946,3037,3152,3251,3336,3433,3519,3608,3705,3787,3871
0,0,1,1,1,2,4,8,15,26,35,53,93,156,199,277,368,465,584,699,798,943,1087,1222,1353,1456,1581,1702,1803,1902,2013,2140,2249,2356,2466,2564,2671,2781,2885,2969,3083,3175,3271,3362,3442,3537,3621,3695,3782,3867
0,0,0,1,1,2,3,9,13,20,34,49,84,127,182,256,348,450,551,675,808,949,1058,1203,1321,1439,1553,1685,1794,1923,2047,2184,2303,2413,2524,2639,2736,2857,2966,3053,3146,3232,3327,3425,3505,3624,3720,3808,3906,3986
0,0,1,4,6,7,9,10,10,17,33,49,78,109,167,240,320,437,539,637,755,883,996,1121,1228,1333,1465,1582,1696,1813,1920,2040,2160,2280,2393,2502,2610,2717,2830,2952,3061,3161,3256,3365,3456,3545,3635,3724,3801,3873
0,0,0,1,2,3,9,12,17,27,49,77,106,159,247,341,446,570,642,775,916,1062,1172,1295,1415,1542,1679,1779,1889,2012,2121,2235,2331,2422,2522,2638,2754,2856,2939,3037,3134,3243,3345,3425,3511,3610,3695,3778,3880,3968
0,0,0,0,1,3,7,17,28,48,70,96,152,223,304,385,503,621,757,877,992,1118,1248,1359,1476,1593,1719,1827,1948,2052,2160,2303,2408,2513,2614,2714,2808,2909,3024,3131,3219,3310,3400,3477,3556,3637,3713,3802,3891,3984
0,1,2,3,4,6,8,13,14,26,41,63,94,132,187,262,352,460,573,698,824,940,1066,1183,1316,1453,1582,1700,1799,1910,2017,2131,2260,2386,2496,2609,2701,2821,2927,3020,3129,3207,3294,3373,3466,3552,3634,3712,3815,3925
0,0,0,0,0,1,3,6,12,23,34,56,82,110,174,257,333,432,553,670,784,917,1046,1157,1302,1424,1543,1652,1746,1863,1986,2084,2194,2307,2404,2500,2596,2709,2810,2912,3018,3109,3192,3287,3382,3468,3556,3644,3736,3814
0,0,0,1,2,2,3,9,16,29,40,59,89,137,207,295,384,484,591,716,841,958,1072,1211,1331,1449,1570,1696,1812,1917,2036,2149,2255,2376,2475,2584,2698,2795,2903,3010,3105,3187,3309,3401,3489,3575,3675,3766,3860,3955
0,0,0,0,0,1,2,7,9,21,33,66,109,165,241,322,418,520,654,768,885,1006,1137,1276,1389,1523,1642,1764,1867,1980,2083,2196,2316,2433,2542,2648,2767,2892,2988,3074,3198,3284,3378,3475,3567,3655,3727,3822,3893,3969
0,0,0,0,1,1,4,8,10,19,38,65,97,142,190,275,356,443,555,665,798,913,1019,1159,1282,1392,1500,1644,1761,1883,2008,2118,2216,2329,2437,2543,2649,2754,2840,2957,3033,3129,3247,3356,3451,3548,3653,3744,3835,3914
0,0,1,1,3,5,7,13,17,25,47,74,106,156,230,310,412,500,600,723,848,992,1115,1243,1341,1468,1566,1686,1782,1888,1993,2106,2215,2345,2442,2550,2658,2773,2861,2944,3028,3115,3228,3325,3418,3526,3621,3721,3807,3887
0,0,0,0,2,4,9,13,16,27,40,62,88,141,199,282,365,470,573,692,808,933,1063,1197,1319,1424,1550,1682,1791,1911,2016,2137,2241,2347,2452,2566,2668,2777,2882,2988,3085,3188,3298,3380,3470,3564,3674,3773,3882,3976
0,0,0,1,2,4,13,19,31,51,80,123,178,242,331,425,540,637,766,900,1024,1156,1296,1422,1537,1681,1804,1920,2051,2160,2268,2392,2500,2602,2706,2815,2921,3020,3119,3217,3321,3425,3515,3592,3685,3767,3845,3930,4001,4099
0,1,1,2,3,5,5,7,13,20,31,50,83,112,165,250,346,441,559,684,796,924,1051,1178,1297,1409,1533,1666,1802,1920,2040,2160,2284,2416,2538,2643,2743,2843,2951,3061,3161,3264,3351,3442,3519,3621,3709,3808,3887,3964
0,0,0,1,4,7,9,15,20,26,49,70,110,167,231,328,433,548,663,785,924,1051,1172,1304,1414,1529,1658,1782,1893,2016,2132,2252,2349,2459,2569,2661,2766,2863,2954,3043,3132,3225,3324,3407,3507,3606,3697,3789,3885,3973
0,0,0,1,3,4,6,9,13,23,30,49,83,131,194,257,342,439,584,710,838,963,1081,1206,1341,1451,1567,1678,1785,1893,1981,2079,2201,2308,2423,2552,2649,2753,2861,2949,3042,3145,3239,3349,3434,3517,3606,3703,3775,3860
0,0,1,2,3,5,6,8,15,30,44,65,101,136,198,268,392,486,594,724,840,976,1125,1247,1375,1491,1616,1746,1857,1973,2079,2172,2281,2389,2500,2618,2708,2807,2899,3005,3104,3194,3279,3372,3455,3533,3623,3722,3809,3906
0,1,1,1,2,3,8,13,25,41,63,96,135,203,278,376,480,588,718,832,951,1089,1223,1364,1484,1613,1750,1855,1964,2066,2176,2288,2391,2493,2580,2686,2781,2860,2947,3054,3157,3260,3369,3471,3555,3650,3753,3834,3913,3997
0,0,2,2,3,3,4,5,12,15,24,38,56,93,135,191,280,374,496,615,749,867,983,1081,1215,1318,1464,1615,1739,1843,1959,2078,2183,2285,2389,2503,2612,2718,2821,2923,3032,3127,3212,3324,3408,3507,3616,3697,3795,3882
0,0,0,2,2,5,8,12,18,37,53,77,102,140,198,273,369,479,596,715,846,982,1094,1217,1344,1454,1583,1700,1813,1936,2058,2155,2270,2357,2471,2591,2679,2777,2894,2999,3091,3194,3295,3400,3503,3592,3667,3767,3856,3937
0,1,2,2,3,3,7,10,13,24,45,69,98,139,198,277,370,474,593,708,831,971,1104,1218,1324,1466,1601,1717,1836,1944,2054,2151,2252,2349,2451,2566,2672,2784,2881,2987,3082,3161,3267,3367,3461,3529,3623,3727,3827,3913
0,0,0,0,2,2,4,7,15,23,36,58,87,129,194,273,362,489,597,698,815,939,1070,1203,1314,1444,1599,1743,1880,1994,2108,2244,2348,2466,2580,2685,2805,2921,3013,3109,3201,3299,3404,3486,3576,3662,3747,3828,3922,4007
0,0,0,0,1,3,4,11,16,24,41,53,84,127,186,272,351,471,578,712,846,949,1073,1204,1329,1456,1581,1691,1832,1944,2057,2172,2286,2391,2491,2602,2706,2821,2935,3048,3155,3264,3365,3449,3557,3639,3738,3817,3902,3996
0,0,0,1,3,5,10,16,24,37,54,81,132,198,277,372,467,593,732,872,1008,1121,1237,1363,1468,1605,1736,1875,1986,2114,2212,2315,2426,2541,2662,2771,2873,2956,3047,3145,3244,3352,3451,3536,3624,3731,3814,3900,3994,4076
0,0,0,0,1,2,7,9,14,20,26,42,77,114,165,236,308,406,503,621,751,880,1014,1128,1269,1387,1487,1611,1733,1855,1972,2065,2199,2307,2422,2535,2652,2753,2862,2974,3072,3176,3279,3377,3476,3574,3672,3762,3858,3959
