FrameworkVersion,"1.0.145.859","bbayati (CMS/Main/framework)"
Susceptible{0},950,950,945,945,945,939,932,925,917,917,908,908,899,899,889,879,879,866,851,851,835,818,818,800,800,781,758,758,733,733,733,706,706,677,677,642,642,642,605,605,561,561,514,514,514,463,463,419,419,419,419,382,382,346,346,313,313,284,284,284,255,255,229,229,204,204,181,181,166,147,147,135,135,135,123,110,110,100,89,89,80,80,69,69,69,62,56,53,49,49,49,44,44,44,39,33,29,29,24,24,24,20,18,18,17,17,15,15,14,13,13,13,13,12,12,12,12,11,11,11,11,11,11,9,9,8,8,8,8,6,6,6,6,5,5,5,5,3,3,3,3,3,3,3,2,2,2,2,2,2,2,2,2,2,2,2,2,2,0,0,0,0,0,0,0,0,0,0,0,0,0,0,0,0,0,0,0,0,0,0,0,0,0,0,0,0,0,0,0,0,0,0,0,0,0,0,0,0,0,0,0,0,0,0,0,0,0,0,0,0,0,0,0,0,0,0,0,0,0,0,0,0,0,0,0,0,0,0,0,0,0,0,0,0,0,0,0,0,0,0,0,0,0,0,0,0,0,0,0,0,0,0,0,0,0,0,0,0,0,0,0,0,0,0,0,0,0,0,0,0,0,0,0,0,0,0,0,0,0,0,0,0,0,0,0,0,0,0,0,0,0,0,0,0,0,0,0,0,0,0,0,0,0,0,0,0,0,0,0,0,0,0,0,0,0,0,0,0,0,0,0,0,0,0,0,0,0,0,0,0,0,0,0,0,0,0,0,0,0,0,0,0,0,0,0,0,0,0,0,0,0,0,0,0,0,0,0,0,0,0,0,0,0,0,0,0,0,0,0,0,0,0,0,0,0,0,0,0,0,0,0,0,0,0,0,0,0,0,0,0,0,0,0,0,0,0,0,0,0,0,0,0,0,0,0,0,0,0,0,0,0,0,0,0,0,0,0,0,0,0,0,0,0,0,0,0,0,0,0,0,0,0,0,0,0,0,0,0,0,0,0,0,0,0,0,0,0,0,0,0,0,0,0,0,0,0,0,0,0,0,0,0,0,0,0,0,0,0,0,0,0,0,0,0,0,0,0,0,0,0,0,0,0,0,0,0,0,0,0,0,0,0,0,0,0,0,0,0,0,0,0,0,0,0,0,0,0,0,0,0,0,0,0,0,0,0,0,0,0,0,0,0,0,0,0,0,0,0,0,0,0,0,0,0,0,0,0,0,0,0,0,0,0,0,0,0,0,0,0,0,0,0,0,0,0,0,0,0,0,0,0,0,0,0,0,0,0,0,0,0,0,0,0,0,0,0,0,0,0,0,0,0,0,0,0,0,0,0,0,0,0,0,0,0,0,0,0,0,0,0,0,0,0,0,0,0,0,0,0,0,0,0,0,0,0,0,0,0,0,0,0,0,0,0,0,0,0,0,0,0,0,0,0,0,0,0,0,0,0,0,0,0,0,0,0,0,0,0,0,0,0,0,0,0,0,0,0,0,0,0,0,0,0,0,0,0,0,0,0,0,0,0,0,0,0,0,0,0,0,0,0,0,0,0,0,0,0,0,0,0,0,0,0,0,0,0,0,0,0,0,0,0,0,0,0,0,0,0,0,0,0,0,0,0,0,0,0,0,0,0,0,0,0,0,0,0,0,0,0,0,0,0,0,0,0,0,0,0,0,0,0,0,0,0,0,0,0,0,0,0,0,0,0,0,0,0,0,0,0,0,0,0,0,0,0,0,0,0,0,0,0,0,0,0,0,0,0,0,0,0,0,0,0,0,0,0,0,0,0,0,0,0,0,0,0,0,0,0,0,0,0,0,0,0,0,0,0,0,0,0,0,0,0,0,0,0,0,0,0,0,0,0,0,0,0,0,0,0,0,0,0,0,0,0,0,0,0,0,0,0,0,0,0,0,0,0,0,0,0,0,0,0,0,0,0,0,0,0,0,0,0,0,0,0,0,0,0,0,0,0,0,0,0,0,0,0,0,0,0,0,0,0,0,0,0,0,0,0,0,0,0,0,0,0,0,0,0,0,0,0,0,0,0,0,0,0,0,0,0,0,0,0,0,0,0,0,0,0,0,0,0,0,0,0,0,0,0,0,0,0,0,0,0,0,0,0,0,0,0,0,0,0,0,0,0,0,0,0,0,0,0,0,0,0,0,0,0,0,0,0,0,0,0,0,0,0,0,0,0,0,0,0,0,0,0,0,0,0,0,0,0,0,0,0,0,0,0,0,0,0,0,0,0,0,0,0,0,0,0,0
Susceptible{1},950,950,945,934,934,928,920,911,911,901,892,892,881,868,856,841,841,826,826,808,788,788,765,765,740,716,716,686,686,686,652,616,616,616,575,575,528,528,528,528,481,481,481,432,432,432,392,392,352,352,352,314,314,281,281,252,252,226,226,205,205,183,183,170,170,150,134,134,119,119,105,105,96,86,86,86,78,73,73,65,61,61,55,55,47,43,39,38,34,34,34,34,27,24,21,21,21,18,18,16,15,11,11,10,9,9,9,8,8,7,7,6,6,6,6,6,6,6,6,6,5,5,4,4,4,4,3,3,3,3,3,3,3,3,3,3,3,3,3,3,3,3,3,3,3,3,3,3,3,3,3,3,3,2,2,2,2,2,2,2,2,2,2,2,2,2,1,1,1,1,1,1,1,1,1,1,1,1,1,1,1,1,1,1,1,1,1,1,1,1,1,1,1,1,1,1,1,1,1,1,1,1,1,1,0,0,0,0,0,0,0,0,0,0,0,0,0,0,0,0,0,0,0,0,0,0,0,0,0,0,0,0,0,0,0,0,0,0,0,0,0,0,0,0,0,0,0,0,0,0,0,0,0,0,0,0,0,0,0,0,0,0,0,0,0,0,0,0,0,0,0,0,0,0,0,0,0,0,0,0,0,0,0,0,0,0,0,0,0,0,0,0,0,0,0,0,0,0,0,0,0,0,0,0,0,0,0,0,0,0,0,0,0,0,0,0,0,0,0,0,0,0,0,0,0,0,0,0,0,0,0,0,0,0,0,0,0,0,0,0,0,0,0,0,0,0,0,0,0,0,0,0,0,0,0,0,0,0,0,0,0,0,0,0,0,0,0,0,0,0,0,0,0,0,0,0,0,0,0,0,0,0,0,0,0,0,0,0,0,0,0,0,0,0,0,0,0,0,0,0,0,0,0,0,0,0,0,0,0,0,0,0,0,0,0,0,0,0,0,0,0,0,0,0,0,0,0,0,0,0,0,0,0,0,0,0,0,0,0,0,0,0,0,0,0,0,0,0,0,0,0,0,0,0,0,0,0,0,0,0,0,0,0,0,0,0,0,0,0,0,0,0,0,0,0,0,0,0,0,0,0,0,0,0,0,0,0,0,0,0,0,0,0,0,0,0,0,0,0,0,0,0,0,0,0,0,0,0,0,0,0,0,0,0,0,0,0,0,0,0,0,0,0,0,0,0,0,0,0,0,0,0,0,0,0,0,0,0,0,0,0,0,0,0,0,0,0,0,0,0,0,0,0,0,0,0,0,0,0,0,0,0,0,0,0,0,0,0,0,0,0,0,0,0,0,0,0,0,0,0,0,0,0,0,0,0,0,0,0,0,0,0,0,0,0,0,0,0,0,0,0,0,0,0,0,0,0,0,0,0,0,0,0,0,0,0,0,0,0,0,0,0,0,0,0,0,0,0,0,0,0,0,0,0,0,0,0,0,0,0,0,0,0,0,0,0,0,0,0,0,0,0,0,0,0,0,0,0,0,0,0,0,0,0,0,0,0,0,0,0,0,0,0,0,0,0,0,0,0,0,0,0,0,0,0,0,0,0,0,0,0,0,0,0,0,0,0,0,0,0,0,0,0,0,0,0,0,0,0,0,0,0,0,0,0,0,0,0,0,0,0,0,0,0,0,0,0,0,0,0,0,0,0,0,0,0,0,0,0,0,0,0,0,0,0,0,0,0,0,0,0,0,0,0,0,0,0,0,0,0,0,0,0,0,0,0,0,0,0,0,0,0,0,0,0,0,0,0,0,0,0,0,0,0,0,0,0,0,0,0,0,0,0,0,0,0,0,0,0,0,0,0,0,0,0,0,0,0,0,0,0,0,0,0,0,0,0,0,0,0,0,0,0,0,0,0,0,0,0,0,0,0,0,0,0,0,0,0,0,0,0,0,0,0,0,0,0,0,0,0,0,0,0,0,0,0,0,0,0,0,0,0,0,0,0,0,0,0,0,0,0,0,0,0,0,0,0,0,0,0,0,0,0,0,0,0,0,0,0,0,0,0,0,0,0,0,0,0,0,0,0,0,0,0,0,0,0,0,0,0,0,0,0,0,0,0,0,0,0,0,0,0,0,0,0,0,0,0,0,0,0,0,0,0,0,0,0,0,0,0,0,0,0,0,0,0,0,0,0,0,0,0,0,0,0,0,0,0,0,0,0,0,0,0,0,0,0,0,0,0,0,0,0,0,0,0,0,0,0,0,0,0,0,0,0,0,0,0,0,0,0,0,0,0,0,0,0,0,0,0
Susceptible{2},950,945,939,932,927,927,920,914,907,907,898,898,889,878,878,868,855,855,844,828,828,810,792,792,773,773,750,729,729,729,705,705,676,642,642,607,607,569,569,569,526,526,526,479,479,479,431,431,394,394,394,356,356,325,325,290,290,290,264,241,241,241,220,220,197,197,177,177,164,147,147,134,134,121,109,109,99,99,88,80,80,74,74,65,65,65,58,51,48,48,43,39,36,36,36,32,30,30,26,23,23,20,18,18,17,14,14,13,13,13,13,12,12,9,9,9,9,8,8,8,7,7,7,7,7,7,7,7,6,6,6,4,4,4,4,4,4,3,3,3,3,3,3,3,3,3,3,3,3,3,2,2,2,2,2,2,2,2,2,2,1,1,1,1,1,1,1,1,1,1,1,1,1,1,1,1,1,1,1,1,1,1,1,1,1,1,1,1,1,1,1,1,1,1,1,1,1,1,1,1,1,1,1,1,1,1,1,1,1,1,1,1,1,1,1,1,1,1,1,1,1,1,1,1,1,1,1,1,1,1,1,1,1,1,1,1,1,1,1,1,1,1,1,1,0,0,0,0,0,0,0,0,0,0,0,0,0,0,0,0,0,0,0,0,0,0,0,0,0,0,0,0,0,0,0,0,0,0,0,0,0,0,0,0,0,0,0,0,0,0,0,0,0,0,0,0,0,0,0,0,0,0,0,0,0,0,0,0,0,0,0,0,0,0,0,0,0,0,0,0,0,0,0,0,0,0,0,0,0,0,0,0,0,0,0,0,0,0,0,0,0,0,0,0,0,0,0,0,0,0,0,0,0,0,0,0,0,0,0,0,0,0,0,0,0,0,0,0,0,0,0,0,0,0,0,0,0,0,0,0,0,0,0,0,0,0,0,0,0,0,0,0,0,0,0,0,0,0,0,0,0,0,0,0,0,0,0,0,0,0,0,0,0,0,0,0,0,0,0,0,0,0,0,0,0,0,0,0,0,0,0,0,0,0,0,0,0,0,0,0,0,0,0,0,0,0,0,0,0,0,0,0,0,0,0,0,0,0,0,0,0,0,0,0,0,0,0,0,0,0,0,0,0,0,0,0,0,0,0,0,0,0,0,0,0,0,0,0,0,0,0,0,0,0,0,0,0,0,0,0,0,0,0,0,0,0,0,0,0,0,0,0,0,0,0,0,0,0,0,0,0,0,0,0,0,0,0,0,0,0,0,0,0,0,0,0,0,0,0,0,0,0,0,0,0,0,0,0,0,0,0,0,0,0,0,0,0,0,0,0,0,0,0,0,0,0,0,0,0,0,0,0,0,0,0,0,0,0,0,0,0,0,0,0,0,0,0,0,0,0,0,0,0,0,0,0,0,0,0,0,0,0,0,0,0,0,0,0,0,0,0,0,0,0,0,0,0,0,0,0,0,0,0,0,0,0,0,0,0,0,0,0,0,0,0,0,0,0,0,0,0,0,0,0,0,0,0,0,0,0,0,0,0,0,0,0,0,0,0,0,0,0,0,0,0,0,0,0,0,0,0,0,0,0,0,0,0,0,0,0,0,0,0,0,0,0,0,0,0,0,0,0,0,0,0,0,0,0,0,0,0,0,0,0,0,0,0,0,0,0,0,0,0,0,0,0,0,0,0,0,0,0,0,0,0,0,0,0,0,0,0,0,0,0,0,0,0,0,0,0,0,0,0,0,0,0,0,0,0,0,0,0,0,0,0,0,0,0,0,0,0,0,0,0,0,0,0,0,0,0,0,0,0,0,0,0,0,0,0,0,0,0,0,0,0,0,0,0,0,0,0,0,0,0,0,0,0,0,0,0,0,0,0,0,0,0,0,0,0,0,0,0,0,0,0,0,0,0,0,0,0,0,0,0,0,0,0,0,0,0,0,0,0,0,0,0,0,0,0,0,0,0,0,0,0,0,0,0,0,0,0,0,0,0,0,0,0,0,0,0,0,0,0,0,0,0,0,0,0,0,0,0,0,0,0,0,0,0,0,0,0,0,0,0,0,0,0,0,0,0,0,0,0,0,0,0,0,0,0,0,0,0,0,0,0,0,0,0,0,0,0,0,0,0,0,0,0,0,0,0,0,0,0,0,0,0,0,0,0,0,0,0,0,0,0,0,0,0,0,0,0,0,0,0,0,0,0,0,0,0,0,0,0,0,0,0,0,0,0,0,0,0,0,0,0,0,0,0,0,0,0,0,0,0,0,0,0,0,0,0,0,0,0,0,0,0,0,0,0,0,0,0,0,0,0,0,0,0,0,0
Susceptible{3},950,950,950,945,939,939,939,934,927,919,910,901,890,890,878,878,865,852,839,839,825,808,808,789,767,767,742,742,715,715,685,654,654,617,617,617,579,579,579,537,537,537,490,490,444,444,444,402,402,402,363,363,329,329,295,295,264,239,239,214,214,195,195,176,176,165,165,149,137,124,124,124,113,104,92,92,87,87,77,68,68,68,63,55,52,52,48,43,43,43,41,41,36,36,33,33,30,30,26,26,26,25,25,22,21,21,20,18,18,15,13,13,13,11,11,11,11,11,11,11,10,8,8,8,8,8,7,7,7,7,7,7,7,7,7,7,7,7,7,7,5,5,4,4,4,4,4,4,4,2,2,2,2,2,2,2,2,2,2,2,2,2,2,2,2,2,2,2,2,2,2,2,2,2,2,2,2,2,2,2,2,2,0,0,0,0,0,0,0,0,0,0,0,0,0,0,0,0,0,0,0,0,0,0,0,0,0,0,0,0,0,0,0,0,0,0,0,0,0,0,0,0,0,0,0,0,0,0,0,0,0,0,0,0,0,0,0,0,0,0,0,0,0,0,0,0,0,0,0,0,0,0,0,0,0,0,0,0,0,0,0,0,0,0,0,0,0,0,0,0,0,0,0,0,0,0,0,0,0,0,0,0,0,0,0,0,0,0,0,0,0,0,0,0,0,0,0,0,0,0,0,0,0,0,0,0,0,0,0,0,0,0,0,0,0,0,0,0,0,0,0,0,0,0,0,0,0,0,0,0,0,0,0,0,0,0,0,0,0,0,0,0,0,0,0,0,0,0,0,0,0,0,0,0,0,0,0,0,0,0,0,0,0,0,0,0,0,0,0,0,0,0,0,0,0,0,0,0,0,0,0,0,0,0,0,0,0,0,0,0,0,0,0,0,0,0,0,0,0,0,0,0,0,0,0,0,0,0,0,0,0,0,0,0,0,0,0,0,0,0,0,0,0,0,0,0,0,0,0,0,0,0,0,0,0,0,0,0,0,0,0,0,0,0,0,0,0,0,0,0,0,0,0,0,0,0,0,0,0,0,0,0,0,0,0,0,0,0,0,0,0,0,0,0,0,0,0,0,0,0,0,0,0,0,0,0,0,0,0,0,0,0,0,0,0,0,0,0,0,0,0,0,0,0,0,0,0,0,0,0,0,0,0,0,0,0,0,0,0,0,0,0,0,0,0,0,0,0,0,0,0,0,0,0,0,0,0,0,0,0,0,0,0,0,0,0,0,0,0,0,0,0,0,0,0,0,0,0,0,0,0,0,0,0,0,0,0,0,0,0,0,0,0,0,0,0,0,0,0,0,0,0,0,0,0,0,0,0,0,0,0,0,0,0,0,0,0,0,0,0,0,0,0,0,0,0,0,0,0,0,0,0,0,0,0,0,0,0,0,0,0,0,0,0,0,0,0,0,0,0,0,0,0,0,0,0,0,0,0,0,0,0,0,0,0,0,0,0,0,0,0,0,0,0,0,0,0,0,0,0,0,0,0,0,0,0,0,0,0,0,0,0,0,0,0,0,0,0,0,0,0,0,0,0,0,0,0,0,0,0,0,0,0,0,0,0,0,0,0,0,0,0,0,0,0,0,0,0,0,0,0,0,0,0,0,0,0,0,0,0,0,0,0,0,0,0,0,0,0,0,0,0,0,0,0,0,0,0,0,0,0,0,0,0,0,0,0,0,0,0,0,0,0,0,0,0,0,0,0,0,0,0,0,0,0,0,0,0,0,0,0,0,0,0,0,0,0,0,0,0,0,0,0,0,0,0,0,0,0,0,0,0,0,0,0,0,0,0,0,0,0,0,0,0,0,0,0,0,0,0,0,0,0,0,0,0,0,0,0,0,0,0,0,0,0,0,0,0,0,0,0,0,0,0,0,0,0,0,0,0,0,0,0,0,0,0,0,0,0,0,0,0,0,0,0,0,0,0,0,0,0,0,0,0,0,0,0,0,0,0,0,0,0,0,0,0,0,0,0,0,0,0,0,0,0,0,0,0,0,0,0,0,0,0,0,0,0,0,0,0,0,0,0,0,0,0,0,0,0,0,0,0,0,0,0,0,0,0,0,0,0,0,0,0,0,0,0,0,0,0,0,0,0,0,0,0,0,0,0,0,0,0,0,0,0,0,0,0,0,0,0,0,0,0,0,0,0,0,0,0,0,0,0,0,0,0,0,0,0,0,0,0,0,0,0,0,0,0,0,0,0,0,0,0,0,0,0,0,0,0,0,0,0,0,0,0,0,0,0,0
Susceptible{4},950,950,946,946,934,927,927,920,911,901,891,891,880,880,867,854,838,838,822,822,803,803,803,784,784,761,737,737,711,711,683,683,652,652,652,619,619,587,587,587,547,547,500,500,500,449,449,449,405,405,405,367,367,327,327,327,295,267,267,267,240,240,213,193,193,170,170,152,152,137,126,126,112,112,99,89,89,82,72,65,65,59,59,52,44,39,37,37,37,31,31,28,27,27,25,25,21,21,20,20,16,14,14,13,12,12,11,10,10,8,8,8,8,8,8,8,8,8,8,7,7,6,6,6,5,5,5,5,5,5,5,4,4,4,4,4,4,4,4,4,4,4,4,4,2,2,2,2,2,2,2,2,2,2,2,2,2,2,2,2,2,2,2,2,2,1,1,1,1,1,1,1,1,1,1,1,1,1,1,1,1,1,1,1,1,1,1,1,1,1,1,1,1,1,1,1,1,1,1,1,1,1,1,1,1,1,1,1,1,1,1,1,1,1,1,1,1,1,1,1,1,1,1,1,0,0,0,0,0,0,0,0,0,0,0,0,0,0,0,0,0,0,0,0,0,0,0,0,0,0,0,0,0,0,0,0,0,0,0,0,0,0,0,0,0,0,0,0,0,0,0,0,0,0,0,0,0,0,0,0,0,0,0,0,0,0,0,0,0,0,0,0,0,0,0,0,0,0,0,0,0,0,0,0,0,0,0,0,0,0,0,0,0,0,0,0,0,0,0,0,0,0,0,0,0,0,0,0,0,0,0,0,0,0,0,0,0,0,0,0,0,0,0,0,0,0,0,0,0,0,0,0,0,0,0,0,0,0,0,0,0,0,0,0,0,0,0,0,0,0,0,0,0,0,0,0,0,0,0,0,0,0,0,0,0,0,0,0,0,0,0,0,0,0,0,0,0,0,0,0,0,0,0,0,0,0,0,0,0,0,0,0,0,0,0,0,0,0,0,0,0,0,0,0,0,0,0,0,0,0,0,0,0,0,0,0,0,0,0,0,0,0,0,0,0,0,0,0,0,0,0,0,0,0,0,0,0,0,0,0,0,0,0,0,0,0,0,0,0,0,0,0,0,0,0,0,0,0,0,0,0,0,0,0,0,0,0,0,0,0,0,0,0,0,0,0,0,0,0,0,0,0,0,0,0,0,0,0,0,0,0,0,0,0,0,0,0,0,0,0,0,0,0,0,0,0,0,0,0,0,0,0,0,0,0,0,0,0,0,0,0,0,0,0,0,0,0,0,0,0,0,0,0,0,0,0,0,0,0,0,0,0,0,0,0,0,0,0,0,0,0,0,0,0,0,0,0,0,0,0,0,0,0,0,0,0,0,0,0,0,0,0,0,0,0,0,0,0,0,0,0,0,0,0,0,0,0,0,0,0,0,0,0,0,0,0,0,0,0,0,0,0,0,0,0,0,0,0,0,0,0,0,0,0,0,0,0,0,0,0,0,0,0,0,0,0,0,0,0,0,0,0,0,0,0,0,0,0,0,0,0,0,0,0,0,0,0,0,0,0,0,0,0,0,0,0,0,0,0,0,0,0,0,0,0,0,0,0,0,0,0,0,0,0,0,0,0,0,0,0,0,0,0,0,0,0,0,0,0,0,0,0,0,0,0,0,0,0,0,0,0,0,0,0,0,0,0,0,0,0,0,0,0,0,0,0,0,0,0,0,0,0,0,0,0,0,0,0,0,0,0,0,0,0,0,0,0,0,0,0,0,0,0,0,0,0,0,0,0,0,0,0,0,0,0,0,0,0,0,0,0,0,0,0,0,0,0,0,0,0,0,0,0,0,0,0,0,0,0,0,0,0,0,0,0,0,0,0,0,0,0,0,0,0,0,0,0,0,0,0,0,0,0,0,0,0,0,0,0,0,0,0,0,0,0,0,0,0,0,0,0,0,0,0,0,0,0,0,0,0,0,0,0,0,0,0,0,0,0,0,0,0,0,0,0,0,0,0,0,0,0,0,0,0,0,0,0,0,0,0,0,0,0,0,0,0,0,0,0,0,0,0,0,0,0,0,0,0,0,0,0,0,0,0,0,0,0,0,0,0,0,0,0,0,0,0,0,0,0,0,0,0,0,0,0,0,0,0,0,0,0,0,0,0,0,0,0,0,0,0,0,0,0,0,0,0,0,0,0,0,0,0,0,0,0,0,0,0,0,0,0,0,0,0,0,0,0,0,0,0,0,0,0,0,0,0,0,0,0,0,0,0,0,0,0,0,0,0,0,0,0,0,0,0,0,0,0,0,0,0
Susceptible{5},950,950,946,946,941,936,929,929,922,914,906,906,898,898,889,878,865,852,852,837,837,821,821,805,786,786,764,740,740,740,717,717,689,689,657,657,620,620,620,581,581,540,540,540,494,494,494,442,442,442,400,400,357,357,323,323,289,289,262,233,233,209,209,192,174,174,156,144,144,129,117,117,103,103,96,88,88,80,80,80,70,60,60,55,50,50,50,46,46,41,41,37,37,33,31,31,28,28,28,24,24,21,21,18,18,18,16,16,15,15,15,14,14,14,14,11,11,11,11,11,9,9,9,9,9,9,8,8,7,7,7,7,7,7,7,7,7,7,5,5,5,5,4,4,4,4,4,4,4,4,4,4,4,4,4,4,3,3,3,3,3,3,3,3,3,3,3,3,3,3,3,3,3,3,3,3,3,3,2,2,2,2,2,2,2,2,2,2,2,2,2,2,2,1,1,1,1,1,1,1,1,1,1,1,1,1,1,1,1,1,1,1,1,1,1,1,1,1,1,1,1,1,1,1,1,1,1,1,1,1,1,1,0,0,0,0,0,0,0,0,0,0,0,0,0,0,0,0,0,0,0,0,0,0,0,0,0,0,0,0,0,0,0,0,0,0,0,0,0,0,0,0,0,0,0,0,0,0,0,0,0,0,0,0,0,0,0,0,0,0,0,0,0,0,0,0,0,0,0,0,0,0,0,0,0,0,0,0,0,0,0,0,0,0,0,0,0,0,0,0,0,0,0,0,0,0,0,0,0,0,0,0,0,0,0,0,0,0,0,0,0,0,0,0,0,0,0,0,0,0,0,0,0,0,0,0,0,0,0,0,0,0,0,0,0,0,0,0,0,0,0,0,0,0,0,0,0,0,0,0,0,0,0,0,0,0,0,0,0,0,0,0,0,0,0,0,0,0,0,0,0,0,0,0,0,0,0,0,0,0,0,0,0,0,0,0,0,0,0,0,0,0,0,0,0,0,0,0,0,0,0,0,0,0,0,0,0,0,0,0,0,0,0,0,0,0,0,0,0,0,0,0,0,0,0,0,0,0,0,0,0,0,0,0,0,0,0,0,0,0,0,0,0,0,0,0,0,0,0,0,0,0,0,0,0,0,0,0,0,0,0,0,0,0,0,0,0,0,0,0,0,0,0,0,0,0,0,0,0,0,0,0,0,0,0,0,0,0,0,0,0,0,0,0,0,0,0,0,0,0,0,0,0,0,0,0,0,0,0,0,0,0,0,0,0,0,0,0,0,0,0,0,0,0,0,0,0,0,0,0,0,0,0,0,0,0,0,0,0,0,0,0,0,0,0,0,0,0,0,0,0,0,0,0,0,0,0,0,0,0,0,0,0,0,0,0,0,0,0,0,0,0,0,0,0,0,0,0,0,0,0,0,0,0,0,0,0,0,0,0,0,0,0,0,0,0,0,0,0,0,0,0,0,0,0,0,0,0,0,0,0,0,0,0,0,0,0,0,0,0,0,0,0,0,0,0,0,0,0,0,0,0,0,0,0,0,0,0,0,0,0,0,0,0,0,0,0,0,0,0,0,0,0,0,0,0,0,0,0,0,0,0,0,0,0,0,0,0,0,0,0,0,0,0,0,0,0,0,0,0,0,0,0,0,0,0,0,0,0,0,0,0,0,0,0,0,0,0,0,0,0,0,0,0,0,0,0,0,0,0,0,0,0,0,0,0,0,0,0,0,0,0,0,0,0,0,0,0,0,0,0,0,0,0,0,0,0,0,0,0,0,0,0,0,0,0,0,0,0,0,0,0,0,0,0,0,0,0,0,0,0,0,0,0,0,0,0,0,0,0,0,0,0,0,0,0,0,0,0,0,0,0,0,0,0,0,0,0,0,0,0,0,0,0,0,0,0,0,0,0,0,0,0,0,0,0,0,0,0,0,0,0,0,0,0,0,0,0,0,0,0,0,0,0,0,0,0,0,0,0,0,0,0,0,0,0,0,0,0,0,0,0,0,0,0,0,0,0,0,0,0,0,0,0,0,0,0,0,0,0,0,0,0,0,0,0,0,0,0,0,0,0,0,0,0,0,0,0,0,0,0,0,0,0,0,0,0,0,0,0,0,0,0,0,0,0,0,0,0,0,0,0,0,0,0,0,0,0,0,0,0,0,0,0,0,0,0,0,0,0,0,0,0,0,0,0,0,0,0,0,0,0,0,0,0,0,0,0,0,0,0,0,0,0,0,0,0,0,0,0,0,0,0,0,0,0,0,0,0,0,0,0,0,0,0,0,0,0,0,0
Susceptible{6},950,950,941,941,936,929,922,914,905,895,895,885,885,874,860,846,829,829,811,811,791,791,791,770,770,747,747,722,722,722,692,692,659,659,659,620,620,581,581,581,534,534,534,534,481,481,431,431,391,391,391,351,351,317,317,286,286,255,226,226,201,176,176,158,158,143,127,127,115,115,100,100,90,83,83,74,74,66,60,60,51,45,45,39,39,34,32,30,29,27,24,24,24,23,23,19,18,16,16,13,10,10,9,9,9,9,9,9,9,9,8,8,6,6,6,6,6,5,5,5,3,3,3,3,3,3,2,2,2,2,2,2,2,2,2,2,2,2,2,2,2,2,2,2,2,2,2,2,2,0,0,0,0,0,0,0,0,0,0,0,0,0,0,0,0,0,0,0,0,0,0,0,0,0,0,0,0,0,0,0,0,0,0,0,0,0,0,0,0,0,0,0,0,0,0,0,0,0,0,0,0,0,0,0,0,0,0,0,0,0,0,0,0,0,0,0,0,0,0,0,0,0,0,0,0,0,0,0,0,0,0,0,0,0,0,0,0,0,0,0,0,0,0,0,0,0,0,0,0,0,0,0,0,0,0,0,0,0,0,0,0,0,0,0,0,0,0,0,0,0,0,0,0,0,0,0,0,0,0,0,0,0,0,0,0,0,0,0,0,0,0,0,0,0,0,0,0,0,0,0,0,0,0,0,0,0,0,0,0,0,0,0,0,0,0,0,0,0,0,0,0,0,0,0,0,0,0,0,0,0,0,0,0,0,0,0,0,0,0,0,0,0,0,0,0,0,0,0,0,0,0,0,0,0,0,0,0,0,0,0,0,0,0,0,0,0,0,0,0,0,0,0,0,0,0,0,0,0,0,0,0,0,0,0,0,0,0,0,0,0,0,0,0,0,0,0,0,0,0,0,0,0,0,0,0,0,0,0,0,0,0,0,0,0,0,0,0,0,0,0,0,0,0,0,0,0,0,0,0,0,0,0,0,0,0,0,0,0,0,0,0,0,0,0,0,0,0,0,0,0,0,0,0,0,0,0,0,0,0,0,0,0,0,0,0,0,0,0,0,0,0,0,0,0,0,0,0,0,0,0,0,0,0,0,0,0,0,0,0,0,0,0,0,0,0,0,0,0,0,0,0,0,0,0,0,0,0,0,0,0,0,0,0,0,0,0,0,0,0,0,0,0,0,0,0,0,0,0,0,0,0,0,0,0,0,0,0,0,0,0,0,0,0,0,0,0,0,0,0,0,0,0,0,0,0,0,0,0,0,0,0,0,0,0,0,0,0,0,0,0,0,0,0,0,0,0,0,0,0,0,0,0,0,0,0,0,0,0,0,0,0,0,0,0,0,0,0,0,0,0,0,0,0,0,0,0,0,0,0,0,0,0,0,0,0,0,0,0,0,0,0,0,0,0,0,0,0,0,0,0,0,0,0,0,0,0,0,0,0,0,0,0,0,0,0,0,0,0,0,0,0,0,0,0,0,0,0,0,0,0,0,0,0,0,0,0,0,0,0,0,0,0,0,0,0,0,0,0,0,0,0,0,0,0,0,0,0,0,0,0,0,0,0,0,0,0,0,0,0,0,0,0,0,0,0,0,0,0,0,0,0,0,0,0,0,0,0,0,0,0,0,0,0,0,0,0,0,0,0,0,0,0,0,0,0,0,0,0,0,0,0,0,0,0,0,0,0,0,0,0,0,0,0,0,0,0,0,0,0,0,0,0,0,0,0,0,0,0,0,0,0,0,0,0,0,0,0,0,0,0,0,0,0,0,0,0,0,0,0,0,0,0,0,0,0,0,0,0,0,0,0,0,0,0,0,0,0,0,0,0,0,0,0,0,0,0,0,0,0,0,0,0,0,0,0,0,0,0,0,0,0,0,0,0,0,0,0,0,0,0,0,0,0,0,0,0,0,0,0,0,0,0,0,0,0,0,0,0,0,0,0,0,0,0,0,0,0,0,0,0,0,0,0,0,0,0,0,0,0,0,0,0,0,0,0,0,0,0,0,0,0,0,0,0,0,0,0,0,0,0,0,0,0,0,0,0,0,0,0,0,0,0,0,0,0,0,0,0,0,0,0,0,0,0,0,0,0,0,0,0,0,0,0,0,0,0,0,0,0,0,0,0,0,0,0,0,0,0,0,0,0,0,0,0,0,0,0,0,0,0,0,0,0,0,0,0,0,0,0,0,0,0,0,0,0,0,0,0,0,0,0,0,0,0,0,0,0,0,0,0,0,0,0,0,0,0,0,0,0,0
Susceptible{7},950,950,945,941,935,928,922,914,914,905,896,896,887,887,877,865,865,852,852,852,821,821,804,804,787,787,768,744,744,719,719,689,689,657,657,622,622,583,583,539,539,491,491,491,445,445,445,399,399,359,359,323,323,323,289,289,258,258,234,234,213,213,195,195,178,178,164,164,149,149,132,132,118,105,105,105,96,96,85,85,77,77,69,69,66,56,56,50,50,46,38,36,36,34,34,27,27,27,24,24,23,23,20,19,19,17,15,14,14,14,14,14,13,11,11,11,10,10,9,9,9,8,8,8,8,8,8,8,8,8,8,8,8,8,8,8,7,7,7,7,7,7,7,7,7,7,7,7,6,6,6,6,5,5,5,5,5,5,5,5,5,5,5,5,5,5,4,4,4,4,4,4,4,3,3,3,3,3,3,3,3,3,3,3,3,3,3,3,1,1,1,1,1,1,1,1,1,1,1,1,1,1,1,1,1,1,1,1,1,1,1,1,1,1,1,1,1,1,1,1,1,1,1,1,1,1,1,1,0,0,0,0,0,0,0,0,0,0,0,0,0,0,0,0,0,0,0,0,0,0,0,0,0,0,0,0,0,0,0,0,0,0,0,0,0,0,0,0,0,0,0,0,0,0,0,0,0,0,0,0,0,0,0,0,0,0,0,0,0,0,0,0,0,0,0,0,0,0,0,0,0,0,0,0,0,0,0,0,0,0,0,0,0,0,0,0,0,0,0,0,0,0,0,0,0,0,0,0,0,0,0,0,0,0,0,0,0,0,0,0,0,0,0,0,0,0,0,0,0,0,0,0,0,0,0,0,0,0,0,0,0,0,0,0,0,0,0,0,0,0,0,0,0,0,0,0,0,0,0,0,0,0,0,0,0,0,0,0,0,0,0,0,0,0,0,0,0,0,0,0,0,0,0,0,0,0,0,0,0,0,0,0,0,0,0,0,0,0,0,0,0,0,0,0,0,0,0,0,0,0,0,0,0,0,0,0,0,0,0,0,0,0,0,0,0,0,0,0,0,0,0,0,0,0,0,0,0,0,0,0,0,0,0,0,0,0,0,0,0,0,0,0,0,0,0,0,0,0,0,0,0,0,0,0,0,0,0,0,0,0,0,0,0,0,0,0,0,0,0,0,0,0,0,0,0,0,0,0,0,0,0,0,0,0,0,0,0,0,0,0,0,0,0,0,0,0,0,0,0,0,0,0,0,0,0,0,0,0,0,0,0,0,0,0,0,0,0,0,0,0,0,0,0,0,0,0,0,0,0,0,0,0,0,0,0,0,0,0,0,0,0,0,0,0,0,0,0,0,0,0,0,0,0,0,0,0,0,0,0,0,0,0,0,0,0,0,0,0,0,0,0,0,0,0,0,0,0,0,0,0,0,0,0,0,0,0,0,0,0,0,0,0,0,0,0,0,0,0,0,0,0,0,0,0,0,0,0,0,0,0,0,0,0,0,0,0,0,0,0,0,0,0,0,0,0,0,0,0,0,0,0,0,0,0,0,0,0,0,0,0,0,0,0,0,0,0,0,0,0,0,0,0,0,0,0,0,0,0,0,0,0,0,0,0,0,0,0,0,0,0,0,0,0,0,0,0,0,0,0,0,0,0,0,0,0,0,0,0,0,0,0,0,0,0,0,0,0,0,0,0,0,0,0,0,0,0,0,0,0,0,0,0,0,0,0,0,0,0,0,0,0,0,0,0,0,0,0,0,0,0,0,0,0,0,0,0,0,0,0,0,0,0,0,0,0,0,0,0,0,0,0,0,0,0,0,0,0,0,0,0,0,0,0,0,0,0,0,0,0,0,0,0,0,0,0,0,0,0,0,0,0,0,0,0,0,0,0,0,0,0,0,0,0,0,0,0,0,0,0,0,0,0,0,0,0,0,0,0,0,0,0,0,0,0,0,0,0,0,0,0,0,0,0,0,0,0,0,0,0,0,0,0,0,0,0,0,0,0,0,0,0,0,0,0,0,0,0,0,0,0,0,0,0,0,0,0,0,0,0,0,0,0,0,0,0,0,0,0,0,0,0,0,0,0,0,0,0,0,0,0,0,0,0,0,0,0,0,0,0,0,0,0,0,0,0,0,0,0,0,0,0,0,0,0,0,0,0,0,0,0,0,0,0,0,0,0,0,0,0,0,0,0,0,0,0,0,0,0,0,0,0,0,0,0,0,0,0,0,0,0,0,0,0,0,0,0,0,0,0,0,0,0,0,0,0,0,0,0,0,0,0,0,0,0,0,0,0,0,0,0
Susceptible{8},950,950,950,945,945,940,935,935,928,928,921,913,913,905,896,896,885,873,861,861,847,847,847,833,833,816,797,797,776,776,753,753,727,699,699,669,669,634,634,634,597,597,557,557,513,513,513,460,460,460,418,418,376,376,338,338,303,303,274,274,243,243,216,198,198,184,184,184,163,149,149,134,134,121,112,112,101,92,83,83,77,68,60,60,54,47,47,45,45,41,40,40,40,40,34,34,33,29,29,27,23,21,17,17,17,14,14,13,12,12,8,8,6,6,6,6,6,6,6,6,5,5,5,5,5,4,4,4,4,4,4,4,4,4,4,4,1,1,1,1,1,1,1,1,1,1,1,1,1,1,1,1,1,1,1,1,1,1,1,1,0,0,0,0,0,0,0,0,0,0,0,0,0,0,0,0,0,0,0,0,0,0,0,0,0,0,0,0,0,0,0,0,0,0,0,0,0,0,0,0,0,0,0,0,0,0,0,0,0,0,0,0,0,0,0,0,0,0,0,0,0,0,0,0,0,0,0,0,0,0,0,0,0,0,0,0,0,0,0,0,0,0,0,0,0,0,0,0,0,0,0,0,0,0,0,0,0,0,0,0,0,0,0,0,0,0,0,0,0,0,0,0,0,0,0,0,0,0,0,0,0,0,0,0,0,0,0,0,0,0,0,0,0,0,0,0,0,0,0,0,0,0,0,0,0,0,0,0,0,0,0,0,0,0,0,0,0,0,0,0,0,0,0,0,0,0,0,0,0,0,0,0,0,0,0,0,0,0,0,0,0,0,0,0,0,0,0,0,0,0,0,0,0,0,0,0,0,0,0,0,0,0,0,0,0,0,0,0,0,0,0,0,0,0,0,0,0,0,0,0,0,0,0,0,0,0,0,0,0,0,0,0,0,0,0,0,0,0,0,0,0,0,0,0,0,0,0,0,0,0,0,0,0,0,0,0,0,0,0,0,0,0,0,0,0,0,0,0,0,0,0,0,0,0,0,0,0,0,0,0,0,0,0,0,0,0,0,0,0,0,0,0,0,0,0,0,0,0,0,0,0,0,0,0,0,0,0,0,0,0,0,0,0,0,0,0,0,0,0,0,0,0,0,0,0,0,0,0,0,0,0,0,0,0,0,0,0,0,0,0,0,0,0,0,0,0,0,0,0,0,0,0,0,0,0,0,0,0,0,0,0,0,0,0,0,0,0,0,0,0,0,0,0,0,0,0,0,0,0,0,0,0,0,0,0,0,0,0,0,0,0,0,0,0,0,0,0,0,0,0,0,0,0,0,0,0,0,0,0,0,0,0,0,0,0,0,0,0,0,0,0,0,0,0,0,0,0,0,0,0,0,0,0,0,0,0,0,0,0,0,0,0,0,0,0,0,0,0,0,0,0,0,0,0,0,0,0,0,0,0,0,0,0,0,0,0,0,0,0,0,0,0,0,0,0,0,0,0,0,0,0,0,0,0,0,0,0,0,0,0,0,0,0,0,0,0,0,0,0,0,0,0,0,0,0,0,0,0,0,0,0,0,0,0,0,0,0,0,0,0,0,0,0,0,0,0,0,0,0,0,0,0,0,0,0,0,0,0,0,0,0,0,0,0,0,0,0,0,0,0,0,0,0,0,0,0,0,0,0,0,0,0,0,0,0,0,0,0,0,0,0,0,0,0,0,0,0,0,0,0,0,0,0,0,0,0,0,0,0,0,0,0,0,0,0,0,0,0,0,0,0,0,0,0,0,0,0,0,0,0,0,0,0,0,0,0,0,0,0,0,0,0,0,0,0,0,0,0,0,0,0,0,0,0,0,0,0,0,0,0,0,0,0,0,0,0,0,0,0,0,0,0,0,0,0,0,0,0,0,0,0,0,0,0,0,0,0,0,0,0,0,0,0,0,0,0,0,0,0,0,0,0,0,0,0,0,0,0,0,0,0,0,0,0,0,0,0,0,0,0,0,0,0,0,0,0,0,0,0,0,0,0,0,0,0,0,0,0,0,0,0,0,0,0,0,0,0,0,0,0,0,0,0,0,0,0,0,0,0,0,0,0,0,0,0,0,0,0,0,0,0,0,0,0,0,0,0,0,0,0,0,0,0,0,0,0,0,0,0,0,0,0,0,0,0,0,0,0,0,0,0,0,0,0,0,0,0,0,0,0,0,0,0,0,0,0,0,0,0,0,0,0,0,0,0,0,0,0,0,0,0,0,0,0,0,0,0,0,0,0,0,0,0,0,0,0,0,0,0,0,0,0,0,0,0,0,0,0,0,0
Susceptible{9},950,950,950,946,942,936,929,922,922,915,915,906,898,898,887,887,875,875,862,850,850,836,820,820,820,803,783,761,761,736,736,709,680,680,647,647,647,610,610,569,569,569,524,524,475,475,475,427,427,383,383,383,341,341,308,308,274,274,245,245,219,219,199,178,178,159,159,145,145,131,131,114,114,105,105,96,96,87,77,77,71,71,66,66,58,58,53,46,46,46,46,45,40,37,37,33,31,29,29,29,28,28,25,25,23,23,21,21,19,19,17,17,13,11,7,7,6,6,6,5,5,5,5,5,5,3,3,3,3,3,1,1,1,1,1,1,1,1,1,1,1,1,1,1,1,1,1,1,1,0,0,0,0,0,0,0,0,0,0,0,0,0,0,0,0,0,0,0,0,0,0,0,0,0,0,0,0,0,0,0,0,0,0,0,0,0,0,0,0,0,0,0,0,0,0,0,0,0,0,0,0,0,0,0,0,0,0,0,0,0,0,0,0,0,0,0,0,0,0,0,0,0,0,0,0,0,0,0,0,0,0,0,0,0,0,0,0,0,0,0,0,0,0,0,0,0,0,0,0,0,0,0,0,0,0,0,0,0,0,0,0,0,0,0,0,0,0,0,0,0,0,0,0,0,0,0,0,0,0,0,0,0,0,0,0,0,0,0,0,0,0,0,0,0,0,0,0,0,0,0,0,0,0,0,0,0,0,0,0,0,0,0,0,0,0,0,0,0,0,0,0,0,0,0,0,0,0,0,0,0,0,0,0,0,0,0,0,0,0,0,0,0,0,0,0,0,0,0,0,0,0,0,0,0,0,0,0,0,0,0,0,0,0,0,0,0,0,0,0,0,0,0,0,0,0,0,0,0,0,0,0,0,0,0,0,0,0,0,0,0,0,0,0,0,0,0,0,0,0,0,0,0,0,0,0,0,0,0,0,0,0,0,0,0,0,0,0,0,0,0,0,0,0,0,0,0,0,0,0,0,0,0,0,0,0,0,0,0,0,0,0,0,0,0,0,0,0,0,0,0,0,0,0,0,0,0,0,0,0,0,0,0,0,0,0,0,0,0,0,0,0,0,0,0,0,0,0,0,0,0,0,0,0,0,0,0,0,0,0,0,0,0,0,0,0,0,0,0,0,0,0,0,0,0,0,0,0,0,0,0,0,0,0,0,0,0,0,0,0,0,0,0,0,0,0,0,0,0,0,0,0,0,0,0,0,0,0,0,0,0,0,0,0,0,0,0,0,0,0,0,0,0,0,0,0,0,0,0,0,0,0,0,0,0,0,0,0,0,0,0,0,0,0,0,0,0,0,0,0,0,0,0,0,0,0,0,0,0,0,0,0,0,0,0,0,0,0,0,0,0,0,0,0,0,0,0,0,0,0,0,0,0,0,0,0,0,0,0,0,0,0,0,0,0,0,0,0,0,0,0,0,0,0,0,0,0,0,0,0,0,0,0,0,0,0,0,0,0,0,0,0,0,0,0,0,0,0,0,0,0,0,0,0,0,0,0,0,0,0,0,0,0,0,0,0,0,0,0,0,0,0,0,0,0,0,0,0,0,0,0,0,0,0,0,0,0,0,0,0,0,0,0,0,0,0,0,0,0,0,0,0,0,0,0,0,0,0,0,0,0,0,0,0,0,0,0,0,0,0,0,0,0,0,0,0,0,0,0,0,0,0,0,0,0,0,0,0,0,0,0,0,0,0,0,0,0,0,0,0,0,0,0,0,0,0,0,0,0,0,0,0,0,0,0,0,0,0,0,0,0,0,0,0,0,0,0,0,0,0,0,0,0,0,0,0,0,0,0,0,0,0,0,0,0,0,0,0,0,0,0,0,0,0,0,0,0,0,0,0,0,0,0,0,0,0,0,0,0,0,0,0,0,0,0,0,0,0,0,0,0,0,0,0,0,0,0,0,0,0,0,0,0,0,0,0,0,0,0,0,0,0,0,0,0,0,0,0,0,0,0,0,0,0,0,0,0,0,0,0,0,0,0,0,0,0,0,0,0,0,0,0,0,0,0,0,0,0,0,0,0,0,0,0,0,0,0,0,0,0,0,0,0,0,0,0,0,0,0,0,0,0,0,0,0,0,0,0,0,0,0,0,0,0,0,0,0,0,0,0,0,0,0,0,0,0,0,0,0,0,0,0,0,0,0,0,0,0,0,0,0,0,0,0,0,0,0,0,0,0,0,0,0,0,0,0,0,0,0,0,0,0,0,0,0,0,0,0,0,0,0,0,0,0,0,0,0,0,0,0,0
Infected{0},50,50,55,55,55,61,68,75,83,83,92,92,100,100,109,117,117,130,145,145,161,177,177,193,193,209,231,231,254,254,254,278,278,303,303,337,337,337,370,370,412,412,454,454,454,498,498,534,534,534,534,560,560,588,588,613,613,634,634,634,657,657,677,677,698,698,717,717,723,738,738,741,741,741,745,753,753,756,762,762,765,765,773,773,773,774,774,768,765,765,765,764,764,753,752,754,753,753,754,754,754,753,749,749,743,743,739,739,733,727,727,720,720,715,708,708,708,703,703,696,696,689,689,686,686,680,680,680,680,675,675,675,663,653,653,653,653,643,643,643,643,643,643,643,622,622,622,622,622,622,622,622,622,622,622,622,622,622,592,592,592,592,592,592,592,592,592,592,592,592,592,592,592,592,533,533,533,533,533,533,533,533,533,533,533,533,533,533,533,533,533,533,533,533,480,480,480,480,480,480,480,480,480,480,480,480,480,480,480,480,480,480,480,480,432,432,432,432,432,432,432,432,432,432,432,432,432,432,432,432,432,432,432,432,432,432,432,432,389,389,389,389,389,389,389,389,389,389,389,389,389,389,389,389,389,351,351,351,351,351,351,351,351,351,351,351,351,351,351,351,351,351,351,351,351,351,351,351,351,316,316,316,316,316,316,316,316,316,316,316,316,316,316,285,285,285,285,285,285,285,285,285,285,285,285,285,285,285,285,285,257,257,257,257,257,257,257,257,257,257,257,257,257,257,257,257,257,257,257,257,257,257,257,257,257,257,257,232,232,232,232,232,232,232,232,232,232,232,232,232,232,232,209,209,209,209,209,209,209,209,209,209,209,209,209,209,209,209,209,209,209,209,209,209,209,189,189,189,189,189,189,189,189,189,189,189,189,189,189,189,189,189,189,189,189,189,189,189,189,189,189,189,171,171,171,171,171,171,171,171,171,171,171,171,171,171,171,171,171,154,154,154,154,154,154,154,154,154,154,154,154,154,154,154,154,154,154,154,154,154,154,154,154,154,154,154,139,139,139,139,139,139,139,139,139,139,139,139,139,139,139,139,126,126,126,126,126,126,126,126,126,126,126,114,114,114,114,114,114,114,114,114,114,114,114,114,114,114,114,114,103,103,103,103,103,103,103,103,103,103,103,93,93,93,93,93,93,93,93,93,93,93,93,93,93,93,93,93,93,93,93,93,93,93,93,93,93,84,84,84,84,84,84,84,84,84,84,84,84,84,84,84,84,84,84,76,76,76,76,76,76,76,76,76,76,76,76,76,76,76,76,76,76,76,76,76,69,69,69,69,69,69,69,69,69,69,69,69,69,69,69,69,69,69,69,69,69,69,69,69,69,69,69,63,63,63,63,63,63,63,63,63,63,63,63,63,63,63,63,63,63,63,63,63,57,57,57,57,57,57,57,57,57,57,52,52,52,52,52,52,52,52,52,52,52,52,52,52,52,52,52,52,52,52,52,52,52,52,52,52,52,47,47,47,47,47,47,47,47,47,47,47,47,47,47,47,47,47,47,47,47,47,47,43,43,43,43,43,43,43,43,43,43,43,43,43,43,43,43,43,43,43,43,43,43,39,39,39,39,39,39,39,39,39,39,39,39,39,39,39,39,39,39,39,39,39,39,39,39,36,36,36,36,36,36,36,36,36,36,36,36,36,36,36,36,36,36,36,36,36,36,36,36,36,36,36,36,36,36,33,33,33,33,33,33,33,33,33,33,30,30,30,30,30,30,30,30,30,27,27,27,27,27,27,27,27,27,27,27,27,27,27,27,27,27,27,27,27,25,25,25,25,25,25,25,25,25,25,25,25,25,25,25,25,25,25,25,25,23,23,23,23,23,23,23,23,23,23,23,23,23,23,21,21,21,21,21,21,21,21,21,21,21,21,21,21,21,21,21,21,21,21,21,21,21,21,21,21,21,21,21,21,19,19,19,19,19,19,19,19,19,19,19,19,19,19,19,19,18,18,17,16,16,16,16,15,15,15,14,14,14,14,14,13,13,13,13,13,13,13,13,13,13,13,13,13,13,13,12,12,12,12,12,12,12,12,12,12,12,12,12,12,12,12,12,12,12,12,12,12,12,12,12,12,12,12,12,11,11,11,11,11,11,11,11,11,11,11,11,11,11,11,10,9,9,9,9,9,9,9,9,9,9,9,9,9,9,9,9,9,9,9,9,9,9,9,8,8,8,8,8,8,8,8,8,8,8,8,8,7,7,7,7,7,7,7,7,7,7,7,7,7,7,7,7,7,7,7,7,7
Infected{1},50,50,55,65,65,70,78,87,87,97,104,104,114,127,137,151,151,164,164,181,200,200,223,223,247,266,266,294,294,294,327,359,359,359,397,397,441,441,441,441,479,479,479,523,523,523,554,554,589,589,589,624,624,652,652,676,676,697,697,710,710,727,727,729,729,746,757,757,767,767,777,777,778,782,782,782,783,779,779,782,777,777,777,777,781,778,776,768,766,766,766,766,770,767,764,756,756,754,754,750,744,744,744,739,734,726,726,720,720,713,713,705,705,705,693,693,693,681,681,681,671,671,659,659,659,659,644,644,644,644,644,644,644,621,621,621,621,621,621,598,598,598,598,598,598,575,575,575,575,575,575,575,575,554,554,554,554,554,554,554,554,554,554,554,554,554,522,522,522,522,522,522,522,522,522,522,522,522,522,522,522,522,522,522,469,469,469,469,469,469,469,469,469,469,469,469,469,469,469,469,469,469,469,469,423,423,423,423,423,423,423,423,423,423,423,423,423,423,423,423,423,381,381,381,381,381,381,381,381,381,381,381,381,381,381,381,381,381,381,343,343,343,343,343,343,343,343,343,343,343,343,343,343,343,343,343,343,343,343,309,309,309,309,309,309,309,309,309,309,309,309,309,309,309,309,309,309,309,309,279,279,279,279,279,279,279,279,279,279,279,279,279,279,279,279,279,279,252,252,252,252,252,252,252,252,252,252,252,252,252,252,252,252,252,252,252,252,227,227,227,227,227,227,227,227,227,227,227,227,227,227,227,227,227,227,227,205,205,205,205,205,205,205,205,205,205,205,205,205,205,205,205,205,205,205,205,205,185,185,185,185,185,185,185,185,185,185,185,185,185,185,185,185,185,185,185,185,185,185,185,185,185,167,167,167,167,167,167,167,167,167,167,167,167,167,167,167,167,151,151,151,151,151,151,151,151,151,151,151,151,151,151,151,151,151,151,151,151,151,136,136,136,136,136,136,136,136,136,136,136,136,136,136,136,136,123,123,123,123,123,123,123,123,123,123,123,123,123,123,123,123,111,111,111,111,111,111,111,111,111,111,111,111,111,111,111,111,111,111,111,111,111,111,111,111,111,111,111,111,111,111,111,111,100,100,100,100,100,100,100,100,100,100,100,100,100,100,100,100,100,100,100,100,100,100,100,100,90,90,90,90,90,90,90,90,90,90,90,90,90,90,90,90,90,90,90,90,90,81,81,81,81,81,81,81,81,81,81,81,81,81,81,73,73,73,73,73,73,73,73,73,73,73,73,73,73,73,73,66,66,66,66,66,66,66,66,66,66,66,66,66,66,66,66,66,66,66,66,66,60,60,60,60,60,60,60,60,60,60,60,60,60,60,60,60,60,60,60,60,60,60,60,54,54,54,54,54,54,54,54,54,54,54,54,54,54,54,54,54,54,54,54,54,54,54,54,54,49,49,49,49,49,49,49,49,49,49,49,49,49,49,49,49,45,45,45,45,45,45,45,45,45,45,45,45,45,45,45,45,45,45,45,45,45,45,45,45,45,45,41,41,41,41,41,41,41,41,41,41,41,41,41,37,37,37,37,37,37,37,37,37,37,37,34,34,34,34,34,34,31,31,31,31,31,31,31,31,31,31,31,31,31,31,31,31,31,28,28,28,28,28,28,28,28,28,28,28,28,28,28,28,28,28,26,26,26,26,26,26,26,26,26,26,26,26,26,26,26,26,26,26,26,26,26,26,26,26,26,26,26,26,26,24,24,24,24,24,24,24,24,24,24,24,24,24,24,24,24,24,24,24,24,24,24,24,24,24,24,24,24,24,24,22,22,22,22,22,22,22,22,22,22,22,22,22,22,22,22,22,22,22,22,22,22,22,22,22,22,22,20,20,20,20,20,20,20,20,20,20,20,20,20,20,20,20,20,20,20,20,20,20,20,20,20,18,18,18,18,18,18,18,18,18,18,18,18,18,18,18,18,18,18,18,18,18,18,18,18,18,18,18,18,18,18,18,18,18,18,18,18,18,18,18,18,18,18,18,18,18,18,18,18,18,18,18,18,18,18,18,18,18,18,17,17,17,17,16,16,16,14,14,14,14,14,14,14,14,14,14,14,14,14,14,14,14,13,13,13,13,13,13,13,13,13,13,13,13,13,13,13,13,13,13,13,13,13,13,13,13,13,13,13,13,13,13,12,12,12,12,12,11,11,11,11,11,11,11,11,10,10,10,10,10,10,10,10,9,9,8,8,7,7,7,7,7,7,7,7,7,7,7,7,5,5,5,5,4,4,4,4
Infected{2},50,55,61,68,71,71,77,81,86,86,95,95,102,113,113,120,133,133,140,156,156,174,190,190,206,206,228,243,243,243,262,262,289,322,322,353,353,385,385,385,423,423,423,463,463,463,505,505,530,530,530,560,560,580,580,611,611,611,628,641,641,641,653,653,671,671,685,685,687,698,698,703,703,709,715,715,718,718,724,725,725,723,723,727,727,727,728,730,725,725,724,722,718,718,718,716,711,711,710,707,707,705,701,701,695,693,693,687,687,680,680,675,675,674,674,674,674,668,668,668,661,661,661,661,651,651,651,651,643,643,643,635,635,635,635,635,635,620,620,620,620,620,620,597,597,597,597,597,597,597,576,576,576,576,576,576,576,576,576,576,544,544,544,544,544,544,544,544,544,544,544,544,544,544,544,544,544,544,544,488,488,488,488,488,488,488,488,488,488,488,488,488,488,488,488,488,488,488,438,438,438,438,438,438,438,438,438,438,438,438,438,438,438,438,438,438,438,438,438,438,438,438,438,438,393,393,393,393,393,393,393,393,393,393,393,393,393,393,393,393,393,393,393,393,355,355,355,355,355,355,355,355,355,355,355,355,355,355,355,355,355,355,355,355,355,355,355,320,320,320,320,320,320,320,320,320,320,320,320,320,320,320,320,320,320,320,320,320,320,320,320,288,288,288,288,288,288,288,288,288,288,288,288,288,288,288,288,288,288,288,288,288,288,288,288,260,260,260,260,260,260,260,260,260,260,260,260,260,260,260,260,260,260,260,234,234,234,234,234,234,234,234,234,234,234,234,234,234,234,234,234,234,234,234,234,234,234,234,234,234,211,211,211,211,211,211,211,211,211,211,211,211,211,190,190,190,190,190,190,190,190,190,190,190,190,190,190,190,190,190,171,171,171,171,171,171,171,171,171,171,171,171,171,171,171,171,171,171,171,171,171,171,171,171,171,171,171,171,171,171,154,154,154,154,154,154,154,154,154,154,154,154,154,154,154,154,154,154,154,154,154,154,154,154,154,139,139,139,139,139,139,139,139,139,139,139,139,139,126,126,126,126,126,126,126,126,126,126,126,126,126,126,126,126,126,114,114,114,114,114,114,114,114,114,114,114,114,114,114,114,114,114,114,114,103,103,103,103,103,103,103,103,103,103,103,103,93,93,93,93,93,93,93,93,93,93,93,93,84,84,84,84,84,84,84,84,84,84,84,84,84,84,84,84,84,84,84,84,84,84,84,84,84,84,76,76,76,76,76,76,76,76,76,76,76,76,76,76,76,76,69,69,69,69,69,69,69,69,69,69,63,63,63,63,63,63,63,63,63,63,63,63,63,63,63,63,63,63,63,63,63,63,63,63,63,63,63,63,63,57,57,57,57,57,57,57,57,57,57,57,57,57,57,57,57,57,52,52,52,52,52,52,52,52,52,52,52,52,52,52,52,52,52,52,47,47,47,47,47,47,43,43,43,43,43,43,43,43,43,43,43,43,43,43,43,43,43,43,43,43,43,43,43,43,43,43,43,43,43,43,43,39,39,39,39,39,39,39,39,36,36,36,36,36,36,36,36,36,36,36,36,36,36,36,36,33,33,33,33,33,33,33,33,33,33,33,33,33,33,33,33,33,33,33,33,33,33,33,33,33,33,33,33,33,33,33,33,33,33,33,33,33,33,33,33,33,33,33,33,33,33,33,33,33,33,30,30,30,30,27,27,27,27,27,27,27,27,27,27,27,27,27,25,25,25,25,25,25,25,25,25,25,25,25,25,25,25,25,25,23,23,23,23,23,23,23,23,23,23,23,23,23,23,23,23,21,21,21,21,21,21,21,21,21,19,19,19,19,19,19,19,19,19,19,19,19,19,19,19,19,19,19,18,18,18,18,17,17,17,17,17,17,17,17,16,16,16,16,16,16,14,14,14,13,13,13,13,13,13,13,13,13,13,13,13,13,13,13,13,12,12,12,12,12,12,12,12,12,12,12,12,12,11,11,11,11,11,11,11,11,11,11,11,11,11,11,11,11,11,11,11,11,11,11,11,11,10,10,10,10,9,9,9,9,9,9,9,9,9,9,9,9,9,9,9,9,9,9,9,9,9,9,9,9,9,9,9,9,9,8,8,8,8,8,8,8,8,8,8,8,8,8,8,8,8,8,8,8,8,8,8,8,8,8,8,8,8,8,8,8,8,8,8,8,8,8,8,8,8,8,8,8,8,8,8,8,8,8,8,7,7,7,7,7,7,7,7,7,7,7,7,7,7,7,7,7,7,7,7,7
Infected{3},50,50,50,55,61,61,61,64,71,79,88,96,107,107,119,119,132,143,153,153,164,179,179,196,217,217,242,242,268,268,296,323,323,358,358,358,390,390,390,425,425,425,465,465,502,502,502,535,535,535,567,567,593,593,622,622,648,665,665,685,685,695,695,707,707,705,705,714,717,723,723,723,726,727,734,734,729,729,734,738,738,738,735,739,733,733,730,729,729,729,723,723,723,723,719,719,716,716,715,715,715,708,708,705,699,699,693,689,689,687,683,676,676,673,673,666,666,659,659,659,654,651,651,642,642,642,635,635,635,635,625,625,625,625,615,615,615,615,605,605,599,599,587,587,587,587,587,587,587,574,574,574,574,574,574,574,574,574,540,540,540,540,540,540,540,540,540,540,540,540,506,506,506,506,506,506,506,506,506,506,506,506,476,476,476,476,476,476,476,476,476,476,476,476,476,476,476,476,476,476,476,429,429,429,429,429,429,429,429,429,429,429,429,429,429,429,429,429,429,429,429,429,429,429,387,387,387,387,387,387,387,387,387,387,387,387,387,387,387,387,387,349,349,349,349,349,349,349,349,349,349,349,349,349,349,349,349,349,349,349,315,315,315,315,315,315,315,315,315,315,315,315,315,315,315,315,315,315,315,315,315,315,315,315,284,284,284,284,284,284,284,284,284,284,284,284,284,284,284,284,284,284,284,284,284,256,256,256,256,256,256,256,256,256,256,256,256,256,256,231,231,231,231,231,231,231,231,231,231,231,231,231,231,231,231,231,231,231,231,231,231,231,208,208,208,208,208,208,208,208,208,208,208,208,208,208,188,188,188,188,188,188,188,188,188,188,188,188,188,188,188,188,188,188,188,188,188,188,170,170,170,170,170,170,170,170,170,170,170,170,170,170,170,170,170,170,170,170,170,153,153,153,153,153,153,153,153,153,153,153,153,153,153,153,153,153,153,153,153,153,153,138,138,138,138,138,138,138,138,138,138,138,138,138,138,138,138,138,125,125,125,125,125,125,125,125,125,125,125,125,125,125,125,125,125,125,125,125,125,125,125,125,125,125,125,125,125,113,113,113,113,113,113,113,113,113,113,113,113,113,113,113,113,113,113,113,113,113,113,113,113,113,102,102,102,102,102,102,102,102,102,102,102,102,102,102,92,92,92,92,92,92,92,92,92,92,92,83,83,83,83,83,83,83,83,83,83,83,83,75,75,75,75,75,75,75,75,75,75,75,75,75,75,75,75,75,75,75,75,75,75,75,75,75,75,75,75,68,68,68,68,68,68,68,68,68,68,68,68,68,68,62,62,62,62,62,62,62,62,62,62,62,62,62,62,62,62,62,62,62,56,56,56,56,56,56,51,51,51,51,51,51,51,51,51,51,51,51,51,51,46,46,46,46,46,46,46,46,46,46,46,46,46,46,42,42,42,42,42,42,42,42,42,42,42,42,42,42,42,42,42,42,42,42,42,42,42,38,38,38,38,38,38,38,38,38,38,38,38,38,38,38,38,38,35,35,35,35,35,35,35,35,35,35,35,35,35,35,35,35,32,32,32,32,32,32,32,32,32,32,32,32,32,32,29,29,29,29,29,29,29,29,29,29,29,29,29,29,29,29,29,29,27,27,27,27,27,27,27,27,27,27,27,27,27,27,27,27,27,27,27,27,27,27,27,27,25,25,25,25,25,25,25,25,23,23,23,23,23,23,21,21,21,21,21,21,21,21,21,21,21,21,21,21,21,21,21,21,21,21,21,21,21,21,21,21,21,21,21,18,18,18,18,17,17,17,17,17,17,17,17,17,17,17,17,17,17,17,17,17,17,17,17,16,16,16,15,15,15,15,15,15,15,15,15,15,15,15,15,15,15,15,15,15,15,15,15,15,15,15,15,15,15,15,15,15,15,15,14,14,14,14,14,14,14,13,13,13,13,13,13,13,13,13,13,13,13,13,13,13,13,13,13,13,13,13,13,13,13,13,12,12,12,12,12,12,12,12,12,12,12,12,12,12,12,12,12,12,12,12,12,12,12,12,12,12,12,12,12,12,12,12,12,12,11,11,11,11,11,11,11,11,11,11,11,11,11,11,11,11,11,11,11,11,11,11,11,11,11,11,11,11,11,11,11,11,11,11,11,11,11,11,10,10,10,10,10,10,10,10,10,10,10,9,9,9,9,9,9,9,9,9,9,9,9,9,9,9,9,9,9,8,8,8,8,8,8,8,8,8,8,8,8,8,8,8,8,8,8,8,8,8,8,8,8,8,8,8,8,8
Infected{4},50,50,53,53,65,72,72,78,87,97,106,106,116,116,129,140,156,156,170,170,188,188,188,204,204,226,248,248,271,271,295,295,322,322,322,349,349,370,370,370,404,404,447,447,447,493,493,493,530,530,530,559,559,596,596,596,621,641,641,641,662,662,686,699,699,720,720,733,733,742,744,744,753,753,762,766,766,765,771,772,772,771,771,773,778,777,771,771,771,764,764,761,754,754,749,749,748,748,742,742,742,738,738,732,720,720,715,710,710,707,707,707,707,698,698,689,689,689,680,673,673,665,665,665,655,655,655,655,641,641,641,629,629,629,629,629,629,612,612,612,612,595,595,595,582,582,582,582,582,582,582,582,582,548,548,548,548,548,548,548,548,548,548,548,548,516,516,516,516,516,516,516,516,516,516,516,516,516,516,516,516,516,516,516,516,516,516,463,463,463,463,463,463,463,463,463,463,463,463,463,463,463,463,463,463,463,463,416,416,416,416,416,416,416,416,416,416,416,416,416,416,416,416,416,376,376,376,376,376,376,376,376,376,376,376,376,376,376,376,376,376,376,376,376,376,376,376,339,339,339,339,339,339,339,339,339,339,339,339,339,339,339,339,339,339,339,339,339,306,306,306,306,306,306,306,306,306,306,306,306,306,306,306,306,306,306,306,276,276,276,276,276,276,276,276,276,276,276,276,276,276,276,276,276,276,276,276,249,249,249,249,249,249,249,249,249,249,249,249,249,249,249,249,249,249,249,249,225,225,225,225,225,225,225,225,225,225,225,225,225,225,225,225,225,225,225,225,225,203,203,203,203,203,203,203,203,203,203,203,203,203,203,203,183,183,183,183,183,183,183,183,183,183,183,183,183,183,183,183,183,183,183,183,183,183,183,183,165,165,165,165,165,165,165,165,165,165,165,165,165,165,165,165,165,165,165,165,165,165,165,165,165,165,165,165,149,149,149,149,149,149,149,149,149,149,149,149,149,135,135,135,135,135,135,135,135,135,135,135,135,135,135,135,135,135,135,135,135,122,122,122,122,122,122,122,122,122,122,122,122,122,122,122,122,122,122,122,122,122,110,110,110,110,110,110,110,110,110,110,110,110,110,110,110,99,99,99,99,99,99,99,99,99,99,99,99,99,99,99,99,99,99,99,90,90,90,90,90,90,90,90,90,90,90,90,90,90,90,90,90,90,90,81,81,81,81,81,81,81,81,81,81,81,81,81,81,81,81,81,81,81,81,81,81,81,81,81,81,81,81,81,81,81,81,81,81,81,81,81,81,81,81,73,73,73,73,73,73,73,73,73,73,73,73,73,73,73,73,73,73,66,66,66,66,66,66,66,66,66,66,66,66,66,66,66,66,60,60,60,60,60,60,60,60,60,60,60,60,60,60,60,60,60,60,60,54,54,54,54,54,54,54,54,54,54,54,54,54,54,54,54,54,54,54,54,54,54,54,54,54,54,54,54,54,54,54,49,49,49,49,49,49,49,49,49,49,49,49,49,45,45,45,45,45,45,45,45,45,45,45,45,45,45,45,45,45,45,41,41,41,41,41,41,41,41,41,41,41,41,41,41,41,41,41,41,41,41,41,41,41,41,41,41,41,37,37,37,37,37,37,37,37,37,37,37,37,37,37,37,37,37,37,37,37,37,37,37,37,37,37,37,37,37,37,37,37,34,34,34,34,34,34,34,34,31,31,31,31,31,31,31,31,31,31,31,31,31,31,31,31,31,31,31,31,31,31,31,31,31,31,31,31,31,31,31,31,31,28,28,28,28,28,28,28,28,28,26,26,26,26,26,26,26,26,26,26,26,26,26,24,24,24,24,24,24,24,24,24,24,24,24,24,24,24,24,24,24,24,24,24,24,22,22,22,22,22,22,22,22,22,22,20,20,20,20,20,20,20,20,20,20,18,18,18,18,18,18,18,18,18,18,17,17,17,17,17,17,16,16,16,16,16,16,16,15,15,15,15,15,15,15,15,15,15,15,15,14,14,14,14,13,13,13,13,13,13,13,13,13,13,13,13,13,13,13,13,13,13,13,13,13,13,13,13,13,13,13,13,13,13,13,13,13,13,13,13,13,13,13,13,13,13,13,12,12,12,11,11,11,11,11,11,11,11,11,10,10,10,10,10,9,9,9,9,9,9,9,9,9,9,9,9,9,9,9,9,9,9,9,9,9,8,8,8,8,8,8,8,8,8,8,8,8,8,8,8,8,8,8,8,8,8,8,8,8,8,8,8,8,8,8,8,8,8,8,8,8,8,8,8
Infected{5},50,50,53,53,57,61,68,68,75,83,90,90,96,96,103,114,127,139,139,153,153,168,168,181,198,198,219,241,241,241,259,259,284,284,314,314,350,350,350,385,385,419,419,419,458,458,458,506,506,506,540,540,580,580,606,606,636,636,655,681,681,700,700,707,718,718,730,732,732,741,746,746,756,756,754,754,754,755,755,755,761,768,768,766,764,764,764,761,761,760,760,758,758,756,751,751,748,748,748,747,747,744,744,734,734,726,722,722,716,716,708,702,702,694,694,692,685,685,678,678,675,667,659,659,659,651,645,645,638,638,628,628,628,618,618,618,608,608,602,602,602,602,590,590,590,590,590,590,590,573,573,573,573,573,573,573,558,558,558,558,558,558,558,558,535,535,535,535,535,535,535,512,512,512,512,512,512,512,491,491,491,491,491,491,491,491,491,491,491,491,491,491,491,459,459,459,459,459,459,459,459,459,459,459,459,459,459,459,459,459,459,459,459,459,412,412,412,412,412,412,412,412,412,412,412,412,412,412,412,412,412,412,372,372,372,372,372,372,372,372,372,372,372,372,372,372,372,335,335,335,335,335,335,335,335,335,335,335,335,335,335,335,335,335,335,335,302,302,302,302,302,302,302,302,302,302,302,302,302,302,302,302,302,272,272,272,272,272,272,272,272,272,272,272,272,272,272,272,272,272,272,272,272,272,272,245,245,245,245,245,245,245,245,245,245,245,245,245,245,245,245,245,245,245,245,245,245,221,221,221,221,221,221,221,221,221,221,221,221,221,221,221,221,221,221,221,199,199,199,199,199,199,199,199,199,199,199,180,180,180,180,180,180,180,180,180,180,180,180,180,180,180,180,180,180,180,162,162,162,162,162,162,162,162,162,162,162,162,162,162,162,162,162,162,162,146,146,146,146,146,146,146,146,146,146,146,146,146,146,146,146,146,146,146,146,146,146,146,146,146,132,132,132,132,132,132,132,132,132,132,132,132,132,119,119,119,119,119,119,119,119,119,119,119,119,119,119,119,119,119,119,119,119,119,119,119,119,119,119,108,108,108,108,108,108,108,108,108,108,108,108,108,108,108,108,108,108,108,108,108,98,98,98,98,98,98,98,98,98,98,98,98,98,98,98,89,89,89,89,89,89,89,89,89,89,89,89,89,89,89,89,89,89,89,89,89,81,81,81,81,81,81,81,81,81,81,81,81,81,81,81,81,81,81,81,81,81,81,81,81,81,81,73,73,73,73,73,73,73,73,73,73,73,66,66,66,66,66,66,66,66,66,66,66,66,66,66,66,60,60,60,60,60,60,60,60,60,60,60,60,54,54,54,54,54,54,54,54,54,49,49,49,49,49,49,49,45,45,45,45,45,45,45,45,45,45,45,45,45,45,41,41,41,41,41,41,41,41,41,41,41,41,41,41,41,41,41,41,37,37,37,37,37,37,37,37,37,37,37,37,37,37,37,37,37,37,37,37,37,37,37,37,37,37,37,37,37,37,37,37,37,34,34,34,34,34,34,34,34,34,34,34,34,34,34,34,34,34,34,34,34,34,34,34,34,34,31,31,31,31,31,31,31,31,31,31,31,31,31,31,31,31,31,31,31,31,31,31,31,31,31,31,31,31,31,31,31,31,31,31,31,31,31,31,31,31,31,31,28,28,28,28,28,28,28,28,26,26,26,26,26,24,24,24,24,24,24,24,22,22,22,22,22,22,22,22,22,22,22,22,22,20,20,20,20,20,20,20,20,20,20,20,20,20,20,20,20,20,20,20,20,20,20,20,20,20,20,20,20,20,20,20,20,20,20,20,20,20,20,20,20,20,20,20,20,20,20,20,20,20,20,20,20,20,20,20,20,20,20,20,20,18,18,18,18,18,18,18,18,18,17,17,17,17,16,16,16,16,16,16,16,16,16,16,16,16,16,16,16,16,16,16,16,16,16,16,15,15,15,15,15,15,15,15,14,14,14,13,13,13,13,13,13,13,13,13,13,13,13,13,13,13,13,13,12,12,12,12,12,12,12,12,12,12,12,12,12,12,12,12,12,12,11,11,11,11,11,11,11,11,11,11,11,11,11,11,11,11,11,11,11,11,10,10,10,10,10,10,10,10,10,10,10,10,9,9,9,9,9,8,8,8,8,8,8,8,8,8,8,8,7,7,7,7,7,7,7,7,7,7,7,7,7,7,7,7,7,7,7,5,5,5,5,5,5,5,5,5,5,5,5,5,5,5,5,5,5,5,5,5,5,5,5,5,5,5,5,5,5,5
Infected{6},50,50,57,57,61,68,75,83,92,102,102,111,111,121,135,148,165,165,182,182,201,201,201,220,220,240,240,262,262,262,291,291,322,322,322,361,361,395,395,395,440,440,440,440,490,490,536,536,567,567,567,602,602,629,629,653,653,680,706,706,727,751,751,763,763,771,783,783,788,788,800,800,804,803,803,807,807,809,808,808,814,815,815,816,816,816,810,805,798,793,790,790,790,783,783,783,777,773,773,771,770,770,765,757,757,749,749,741,733,733,727,727,722,722,722,710,710,700,700,700,690,690,690,690,690,690,669,669,669,669,669,669,669,669,669,669,669,635,635,635,635,635,635,635,635,635,635,635,635,605,605,605,605,605,605,605,605,605,605,605,605,605,605,605,605,605,605,605,605,545,545,545,545,545,545,545,545,545,545,545,545,545,545,545,545,545,545,545,545,491,491,491,491,491,491,491,491,491,491,491,491,491,491,491,491,491,491,491,491,491,442,442,442,442,442,442,442,442,442,442,442,442,442,442,442,442,398,398,398,398,398,398,398,398,398,398,398,398,398,398,398,398,398,398,398,398,398,359,359,359,359,359,359,359,359,359,359,359,359,359,359,359,359,359,359,359,359,359,324,324,324,324,324,324,324,324,324,324,324,324,324,324,324,324,324,324,292,292,292,292,292,292,292,292,292,292,292,292,292,292,292,292,292,292,292,292,292,292,292,292,292,292,263,263,263,263,263,263,263,263,263,263,263,263,263,263,263,263,237,237,237,237,237,237,237,237,237,237,237,237,237,237,237,237,237,237,237,237,214,214,214,214,214,214,214,214,214,214,214,214,214,214,214,214,214,214,214,214,214,214,193,193,193,193,193,193,193,193,193,193,193,193,193,193,193,193,193,174,174,174,174,174,174,174,174,174,174,174,174,174,174,174,174,174,157,157,157,157,157,157,157,157,157,157,157,157,157,157,157,157,157,142,142,142,142,142,142,142,142,142,142,142,142,142,142,142,142,142,142,142,142,142,142,142,142,142,142,142,142,142,142,142,142,142,142,142,142,128,128,128,128,128,128,128,128,128,116,116,116,116,116,116,116,116,116,116,116,116,116,116,116,105,105,105,105,105,105,105,105,105,105,105,105,105,105,105,95,95,95,95,95,95,95,95,95,95,95,95,95,95,86,86,86,86,86,86,86,86,86,86,86,86,86,86,86,86,86,86,86,86,78,78,78,78,78,78,78,78,78,78,78,78,71,71,71,71,71,71,71,71,71,71,71,71,71,71,71,71,64,64,64,64,64,64,64,64,64,58,58,58,58,58,58,58,58,58,58,58,58,58,58,58,58,53,53,53,53,53,53,53,53,53,53,53,53,53,53,53,53,53,53,53,53,53,53,48,48,48,48,48,48,44,44,44,44,40,40,40,40,40,40,40,40,40,40,40,40,40,40,40,40,40,40,40,40,40,40,40,40,40,40,40,40,40,40,36,36,33,33,33,33,33,33,33,33,33,33,33,30,30,30,30,30,30,30,30,30,30,30,30,30,30,30,27,27,27,27,27,27,27,27,27,25,25,25,25,25,25,25,25,25,25,25,25,25,25,25,25,25,25,25,25,23,23,23,23,23,23,23,21,21,21,21,21,21,19,19,18,18,18,17,17,17,17,17,17,17,17,17,17,17,17,17,16,16,15,15,15,15,15,15,15,15,15,15,15,15,15,15,15,15,15,15,15,15,15,15,15,15,15,15,15,15,15,14,14,14,13,13,13,13,13,13,13,13,13,13,13,13,12,12,12,12,12,12,12,12,12,12,12,12,12,12,12,12,12,12,12,12,11,11,11,11,11,11,11,11,11,11,11,11,11,11,11,11,11,11,11,11,11,11,11,11,11,10,10,9,9,9,9,9,9,9,9,9,9,9,9,9,9,9,9,9,9,9,9,9,9,9,9,9,9,9,9,9,9,9,9,9,8,8,8,8,8,8,8,8,8,8,8,8,8,8,8,8,8,8,8,8,8,8,8,8,8,8,8,8,8,8,8,8,8,8,8,8,7,6,6,6,6,6,6,6,6,6,6,6,6,6,6,6,6,6,6,6,6,6,6,6,6,6,6,6,6,6,6,6,6,6,6,6,6,6,6,6,6,6,5,5,5,5,5,5,5,5,5,5,5,5,5,5,5,5,5,5,5,5,5,5,5,5,5,5,5,5,5,5,5,5,5,5,5,5,5,5,5,5,5,5,5,5,5,5,5,5,5,5,5,5,5,5,5,5,5,5,5,5,5,5,5
Infected{7},50,50,55,57,63,70,74,82,82,91,99,99,106,106,114,125,125,137,137,137,166,166,181,181,194,194,210,234,234,256,256,286,286,316,316,348,348,383,383,423,423,465,465,465,502,502,502,543,543,577,577,607,607,607,637,637,664,664,680,680,692,692,701,701,709,709,713,713,720,720,733,733,742,750,750,750,751,751,757,757,758,758,760,760,753,760,760,760,760,757,762,756,756,750,750,754,754,754,751,751,744,744,742,736,736,732,728,722,722,722,714,714,708,705,705,705,700,700,695,687,687,681,681,672,663,654,654,654,654,645,645,645,636,636,627,627,620,620,620,620,620,620,610,610,610,600,600,600,592,592,592,592,582,582,582,582,582,568,568,568,568,554,554,554,554,554,542,542,542,542,542,542,542,527,527,527,527,527,527,527,504,504,504,504,504,504,504,504,485,485,485,485,485,485,485,485,485,485,485,485,485,485,485,485,485,485,436,436,436,436,436,436,436,436,436,436,436,436,436,436,436,436,436,436,436,436,436,436,396,396,396,396,396,396,396,396,396,396,396,396,396,396,396,396,396,396,396,357,357,357,357,357,357,357,357,357,357,357,357,322,322,322,322,322,322,322,322,322,322,322,322,322,322,322,322,322,322,322,322,322,322,322,290,290,290,290,290,290,290,290,290,290,290,290,290,290,290,290,290,290,290,290,290,290,290,290,290,261,261,261,261,261,261,261,261,261,261,261,261,261,261,261,235,235,235,235,235,235,235,235,235,235,235,235,235,235,235,235,235,235,235,235,235,235,212,212,212,212,212,212,212,212,212,212,212,212,212,212,212,212,212,212,212,191,191,191,191,191,191,191,191,191,191,191,191,191,191,191,191,191,191,191,172,172,172,172,172,172,172,172,172,172,172,172,172,172,172,172,172,172,172,172,172,172,172,172,155,155,155,155,155,155,155,155,155,155,155,155,155,140,140,140,140,140,140,140,140,140,140,140,140,140,140,140,140,140,140,140,126,126,126,126,126,126,126,126,126,126,126,126,126,126,126,126,126,126,126,114,114,114,114,114,114,114,114,114,103,103,103,103,103,103,103,103,103,103,103,103,103,103,93,93,93,93,93,93,93,93,93,84,84,84,84,84,84,84,84,84,84,84,76,76,76,76,76,76,76,76,76,76,76,76,76,76,76,76,76,76,69,69,69,69,69,69,69,69,69,69,69,69,69,69,69,69,69,69,69,69,69,69,69,69,63,63,63,63,63,63,63,63,63,63,63,63,63,63,63,63,63,63,57,57,57,57,57,57,57,57,57,57,57,57,52,52,52,47,47,47,47,47,47,47,47,47,47,47,47,47,47,47,47,43,43,43,43,43,43,43,39,39,39,39,39,39,39,39,39,39,39,39,39,39,39,36,36,36,36,36,36,36,36,36,36,36,36,36,36,36,36,36,33,33,33,33,33,33,30,30,30,30,30,30,30,30,30,30,30,30,30,30,30,30,30,30,30,30,30,30,30,30,30,27,27,27,27,27,27,27,27,25,25,25,25,25,25,25,25,25,25,25,25,25,25,25,25,25,25,25,25,25,25,23,23,23,23,23,23,23,23,23,23,23,23,23,23,23,23,23,23,23,23,21,21,21,21,21,21,19,19,19,19,19,19,19,19,19,19,19,19,19,18,18,18,18,18,18,18,18,18,18,18,18,17,17,17,16,16,16,16,16,16,16,16,15,15,15,15,15,15,14,14,14,14,14,14,14,14,14,14,14,14,14,13,13,13,13,13,13,13,13,13,13,13,13,13,13,13,13,13,13,12,12,12,12,12,12,12,12,12,12,12,12,12,12,12,12,12,12,12,12,12,12,12,12,12,12,12,12,12,12,12,12,12,12,12,12,11,11,10,10,10,10,10,10,10,10,10,10,10,10,10,10,10,10,10,10,10,10,10,10,10,10,10,10,10,10,10,10,10,10,10,10,10,10,10,9,9,9,9,9,9,9,9,9,9,9,9,8,8,8,8,8,8,8,8,8,8,8,8,8,8,8,8,8,8,8,8,8,7,7,7,7,7,7,7,7,7,7,7,7,7,7,7,7,7,7,7,7,7,7,7,7,7,7,7,7,7,7,7,7,7,7,7,7,7,7,6,6,6,6,6,6,6,6,6,6,6,6,6,6,6,6,6,6,6,6,6,5,4,4,4,4,4,4,4,4,4,4,4,4,4,4,4,4,4,4,4,4,4,4,4,4,4,4,4,4,4,4,4,4,4,4,4,4,4,4,4,4,4,4
Infected{8},50,50,50,55,55,59,63,63,70,70,76,84,84,91,99,99,110,122,132,132,145,145,145,157,157,173,191,191,211,211,232,232,257,283,283,309,309,342,342,342,374,374,408,408,445,445,445,494,494,494,526,526,562,562,594,594,624,624,646,646,674,674,698,706,706,708,708,708,725,731,731,740,740,746,746,746,751,753,756,756,754,758,761,761,761,763,763,756,756,753,745,745,745,745,747,747,739,738,738,733,732,728,728,720,720,718,710,704,699,699,700,700,695,695,695,695,683,683,683,683,673,673,673,673,673,661,661,661,661,661,661,644,644,644,644,644,633,633,633,633,633,633,633,633,633,633,633,633,633,633,633,633,633,633,633,633,633,633,633,633,570,570,570,570,570,570,570,570,570,570,570,570,570,570,570,570,570,570,570,570,570,513,513,513,513,513,513,513,513,513,513,513,513,513,513,513,513,513,513,513,513,513,513,513,462,462,462,462,462,462,462,462,462,462,462,462,462,462,462,462,462,462,462,416,416,416,416,416,416,416,416,416,416,416,416,416,416,416,416,416,416,416,416,416,416,416,416,416,416,375,375,375,375,375,375,375,375,375,375,375,375,375,375,375,375,375,375,375,375,375,375,375,375,338,338,338,338,338,338,338,338,338,338,338,338,338,338,305,305,305,305,305,305,305,305,305,305,305,305,305,305,305,305,305,305,305,305,275,275,275,275,275,275,275,275,275,275,275,275,275,275,275,275,275,248,248,248,248,248,248,248,248,248,248,248,248,248,248,248,248,248,248,248,224,224,224,224,224,224,224,224,224,224,224,224,224,224,224,224,224,224,224,224,224,202,202,202,202,202,202,202,202,202,202,202,202,202,202,202,182,182,182,182,182,182,182,182,182,182,182,182,182,182,182,182,182,182,182,182,182,182,182,182,182,182,182,182,182,164,164,164,164,164,164,164,164,164,164,164,164,164,164,164,148,148,148,148,148,148,148,148,148,148,148,148,148,148,148,148,148,148,148,148,134,134,134,134,134,134,134,134,134,134,134,134,134,134,134,134,121,121,121,121,121,121,121,121,121,121,121,121,121,121,121,121,121,121,121,121,121,121,121,121,109,109,109,109,109,109,109,109,109,109,109,109,109,109,109,109,109,109,109,109,109,109,99,99,99,99,99,99,99,99,99,99,99,99,99,99,99,99,99,99,99,99,99,99,99,99,99,99,99,99,90,90,90,90,90,90,90,90,90,90,90,90,90,90,81,81,81,81,81,81,81,81,81,81,81,81,81,81,81,81,81,81,81,81,81,81,81,81,81,73,73,73,73,73,73,73,73,73,73,73,73,73,73,73,73,73,73,73,73,73,73,73,73,66,66,66,66,66,66,66,66,66,66,66,66,66,66,66,66,66,60,60,60,60,60,60,60,60,60,60,60,60,60,60,60,60,60,60,60,60,60,54,54,54,54,54,54,54,54,49,49,49,49,49,49,49,49,49,49,49,49,45,45,45,45,45,45,45,45,45,45,45,45,45,45,45,45,45,41,41,41,41,41,41,41,41,41,41,41,41,41,41,41,41,41,41,41,41,41,41,41,41,41,41,41,41,41,41,41,41,41,41,41,41,41,41,41,41,41,41,41,41,37,37,37,37,37,37,37,37,37,37,37,37,37,37,37,37,37,37,37,37,37,37,37,37,37,37,34,34,34,34,34,31,31,31,31,31,31,28,28,26,26,26,26,26,26,26,26,26,26,26,26,26,26,24,24,24,24,24,24,22,22,22,22,22,22,22,22,22,22,22,22,22,22,20,20,20,20,20,20,20,20,20,20,20,20,20,20,20,20,20,20,20,20,20,20,20,20,20,20,20,20,20,20,20,20,20,18,18,18,18,18,18,18,18,18,18,18,18,18,18,18,18,18,18,18,18,18,17,17,17,16,16,16,16,15,15,15,15,15,14,13,13,13,13,13,13,13,13,13,13,13,13,13,13,13,13,13,13,13,13,12,12,12,12,12,12,12,12,12,12,12,12,12,12,12,12,12,12,11,11,11,11,10,10,10,10,10,10,10,10,10,10,10,10,10,10,10,10,9,9,9,9,8,8,8,8,7,7,7,7,7,7,7,7,6,6,6,6,6,6,6,5,5,5,4,4,4,4,4,4,4,4,4,4,4,4,4,4,4,4,4,4,4,4,4,4,4,4,4,4,4,4,4,3,3,3,3,3,3,3,3,3,3,3,3,3,3,3,3,3,3,3,3,3,3,3,3,3,3,3,3,3,3,3,3
Infected{9},50,50,50,53,55,61,68,75,75,81,81,90,96,96,107,107,119,119,132,141,141,153,168,168,168,183,202,223,223,247,247,272,298,298,328,328,328,362,362,399,399,399,439,439,481,481,481,523,523,562,562,562,602,602,628,628,659,659,683,683,704,704,716,732,732,746,746,752,752,759,759,774,774,774,774,775,775,777,782,782,780,780,777,777,780,780,778,781,781,781,781,772,771,767,767,765,760,755,755,755,748,748,745,745,740,740,736,736,732,732,728,728,728,725,726,726,718,718,718,708,708,694,694,694,694,684,684,684,684,684,665,665,665,665,665,665,665,665,665,665,665,665,665,665,665,665,665,665,665,600,600,600,600,600,600,600,600,600,600,600,600,600,600,600,600,600,600,600,600,540,540,540,540,540,540,540,540,540,540,540,540,540,540,540,540,540,540,540,486,486,486,486,486,486,486,486,486,486,486,486,486,486,486,438,438,438,438,438,438,438,438,438,438,438,438,438,438,438,438,438,438,438,438,395,395,395,395,395,395,395,395,395,395,395,395,395,395,395,395,395,395,395,395,395,395,395,395,356,356,356,356,356,356,356,356,356,356,356,356,356,356,356,356,356,356,356,356,356,356,356,321,321,321,321,321,321,321,321,321,321,321,321,321,321,321,321,321,289,289,289,289,289,289,289,289,289,289,289,289,289,289,289,289,289,261,261,261,261,261,261,261,261,261,261,261,261,261,261,261,261,261,261,261,235,235,235,235,235,235,235,235,235,235,235,235,235,235,235,235,235,235,235,212,212,212,212,212,212,212,212,212,212,212,212,212,212,212,212,212,212,212,212,212,212,191,191,191,191,191,191,191,191,191,191,191,191,191,191,191,191,191,191,191,172,172,172,172,172,172,172,172,172,172,172,172,172,172,172,172,155,155,155,155,155,155,155,155,155,155,155,155,155,155,155,155,155,155,155,155,140,140,140,140,140,140,140,140,140,140,140,140,140,140,140,140,140,140,140,140,140,126,126,126,126,126,126,126,126,126,126,126,126,126,126,126,126,126,126,126,126,126,126,126,126,114,114,114,114,114,114,114,114,114,114,114,114,114,114,114,114,114,114,114,114,114,114,114,103,103,103,103,103,103,103,103,103,103,103,103,103,103,103,103,103,103,103,103,103,93,93,93,93,93,93,93,93,93,93,93,93,93,93,93,93,93,93,93,93,93,93,93,93,93,93,84,84,84,84,84,84,84,84,84,84,84,84,84,84,84,84,84,84,76,76,76,76,76,76,76,76,76,76,76,76,76,76,76,76,69,69,69,69,69,69,69,69,69,69,69,69,69,69,69,69,69,69,69,69,69,69,69,69,69,63,63,63,63,63,63,63,63,63,63,63,63,63,63,63,63,63,63,63,63,63,63,63,63,63,63,63,63,63,63,63,63,63,63,63,57,57,57,57,57,57,57,57,57,57,57,57,57,57,57,57,52,52,52,52,52,52,52,52,52,52,52,52,52,52,52,52,52,52,52,52,52,52,52,52,52,52,52,52,47,47,47,47,47,47,47,47,47,47,47,47,47,47,47,47,47,47,47,47,43,43,43,43,43,43,43,43,43,43,43,43,43,43,43,43,43,43,43,39,39,39,39,39,39,39,39,39,39,39,39,39,36,36,36,36,36,36,36,36,36,36,36,36,36,36,36,33,33,33,33,33,33,33,33,30,30,30,30,30,30,30,30,30,30,30,30,30,30,30,30,30,30,30,30,27,27,27,27,27,27,27,27,27,27,27,27,27,27,27,27,27,27,27,27,27,27,27,27,27,27,27,27,25,25,25,25,25,25,25,25,25,25,25,25,25,25,25,25,25,25,25,25,25,25,25,25,25,25,25,25,25,25,25,25,25,25,23,23,23,23,23,23,23,23,23,23,23,23,23,23,23,23,23,23,23,23,21,21,21,21,21,21,21,21,21,21,21,21,21,21,21,21,21,21,21,21,21,21,21,19,19,19,19,19,19,19,18,18,18,17,17,17,16,16,16,16,16,16,15,15,15,15,15,15,15,15,15,15,14,14,14,14,14,14,14,14,14,14,14,14,14,14,14,14,14,14,14,14,14,14,14,14,14,14,14,14,14,14,14,14,14,14,14,14,14,14,14,14,14,14,14,14,14,13,12,12,12,12,12,12,12,12,12,12,12,12,12,12,12,12,12,12,12,12,12,12,12,12,10,10,10,10,9,9,9,9,9,8,8,8,8,8,8,8,8,8,8,8,8,8,8,8,8,8,8,8,8
Recovered{0},0,0,0,0,0,0,0,0,0,0,0,0,1,1,2,4,4,4,4,4,4,5,5,7,7,10,11,11,13,13,13,16,16,20,20,21,21,21,25,25,27,27,32,32,32,39,39,47,47,47,47,58,58,66,66,74,74,82,82,82,88,88,94,94,98,98,102,102,111,115,115,124,124,124,132,137,137,144,149,149,155,155,158,158,158,164,170,179,186,186,186,192,192,203,209,213,218,218,222,222,222,227,233,233,240,240,246,246,253,260,260,267,267,273,280,280,280,286,286,293,293,300,300,305,305,312,312,312,312,319,319,319,331,342,342,342,342,354,354,354,354,354,354,354,376,376,376,376,376,376,376,376,376,376,376,376,376,376,408,408,408,408,408,408,408,408,408,408,408,408,408,408,408,408,467,467,467,467,467,467,467,467,467,467,467,467,467,467,467,467,467,467,467,467,520,520,520,520,520,520,520,520,520,520,520,520,520,520,520,520,520,520,520,520,568,568,568,568,568,568,568,568,568,568,568,568,568,568,568,568,568,568,568,568,568,568,568,568,611,611,611,611,611,611,611,611,611,611,611,611,611,611,611,611,611,649,649,649,649,649,649,649,649,649,649,649,649,649,649,649,649,649,649,649,649,649,649,649,649,684,684,684,684,684,684,684,684,684,684,684,684,684,684,715,715,715,715,715,715,715,715,715,715,715,715,715,715,715,715,715,743,743,743,743,743,743,743,743,743,743,743,743,743,743,743,743,743,743,743,743,743,743,743,743,743,743,743,768,768,768,768,768,768,768,768,768,768,768,768,768,768,768,791,791,791,791,791,791,791,791,791,791,791,791,791,791,791,791,791,791,791,791,791,791,791,811,811,811,811,811,811,811,811,811,811,811,811,811,811,811,811,811,811,811,811,811,811,811,811,811,811,811,829,829,829,829,829,829,829,829,829,829,829,829,829,829,829,829,829,846,846,846,846,846,846,846,846,846,846,846,846,846,846,846,846,846,846,846,846,846,846,846,846,846,846,846,861,861,861,861,861,861,861,861,861,861,861,861,861,861,861,861,874,874,874,874,874,874,874,874,874,874,874,886,886,886,886,886,886,886,886,886,886,886,886,886,886,886,886,886,897,897,897,897,897,897,897,897,897,897,897,907,907,907,907,907,907,907,907,907,907,907,907,907,907,907,907,907,907,907,907,907,907,907,907,907,907,916,916,916,916,916,916,916,916,916,916,916,916,916,916,916,916,916,916,924,924,924,924,924,924,924,924,924,924,924,924,924,924,924,924,924,924,924,924,924,931,931,931,931,931,931,931,931,931,931,931,931,931,931,931,931,931,931,931,931,931,931,931,931,931,931,931,937,937,937,937,937,937,937,937,937,937,937,937,937,937,937,937,937,937,937,937,937,943,943,943,943,943,943,943,943,943,943,948,948,948,948,948,948,948,948,948,948,948,948,948,948,948,948,948,948,948,948,948,948,948,948,948,948,948,953,953,953,953,953,953,953,953,953,953,953,953,953,953,953,953,953,953,953,953,953,953,957,957,957,957,957,957,957,957,957,957,957,957,957,957,957,957,957,957,957,957,957,957,961,961,961,961,961,961,961,961,961,961,961,961,961,961,961,961,961,961,961,961,961,961,961,961,964,964,964,964,964,964,964,964,964,964,964,964,964,964,964,964,964,964,964,964,964,964,964,964,964,964,964,964,964,964,967,967,967,967,967,967,967,967,967,967,970,970,970,970,970,970,970,970,970,973,973,973,973,973,973,973,973,973,973,973,973,973,973,973,973,973,973,973,973,975,975,975,975,975,975,975,975,975,975,975,975,975,975,975,975,975,975,975,975,977,977,977,977,977,977,977,977,977,977,977,977,977,977,979,979,979,979,979,979,979,979,979,979,979,979,979,979,979,979,979,979,979,979,979,979,979,979,979,979,979,979,979,979,981,981,981,981,981,981,981,981,981,981,981,981,981,981,981,981,982,982,983,984,984,984,984,985,985,985,986,986,986,986,986,987,987,987,987,987,987,987,987,987,987,987,987,987,987,987,988,988,988,988,988,988,988,988,988,988,988,988,988,988,988,988,988,988,988,988,988,988,988,988,988,988,988,988,988,989,989,989,989,989,989,989,989,989,989,989,989,989,989,989,990,991,991,991,991,991,991,991,991,991,991,991,991,991,991,991,991,991,991,991,991,991,991,991,992,992,992,992,992,992,992,992,992,992,992,992,992,993,993,993,993,993,993,993,993,993,993,993,993,993,993,993,993,993,993,993,993,993
Recovered{1},0,0,0,1,1,2,2,2,2,2,4,4,5,5,7,8,8,10,10,11,12,12,12,12,13,18,18,20,20,20,21,25,25,25,28,28,31,31,31,31,40,40,40,45,45,45,54,54,59,59,59,62,62,67,67,72,72,77,77,85,85,90,90,101,101,104,109,109,114,114,118,118,126,132,132,132,139,148,148,153,162,162,168,168,172,179,185,194,200,200,200,200,203,209,215,223,223,228,228,234,241,245,245,251,257,265,265,272,272,280,280,289,289,289,301,301,301,313,313,313,324,324,337,337,337,337,353,353,353,353,353,353,353,376,376,376,376,376,376,399,399,399,399,399,399,422,422,422,422,422,422,422,422,444,444,444,444,444,444,444,444,444,444,444,444,444,477,477,477,477,477,477,477,477,477,477,477,477,477,477,477,477,477,477,530,530,530,530,530,530,530,530,530,530,530,530,530,530,530,530,530,530,530,530,577,577,577,577,577,577,577,577,577,577,577,577,577,577,577,577,577,619,619,619,619,619,619,619,619,619,619,619,619,619,619,619,619,619,619,657,657,657,657,657,657,657,657,657,657,657,657,657,657,657,657,657,657,657,657,691,691,691,691,691,691,691,691,691,691,691,691,691,691,691,691,691,691,691,691,721,721,721,721,721,721,721,721,721,721,721,721,721,721,721,721,721,721,748,748,748,748,748,748,748,748,748,748,748,748,748,748,748,748,748,748,748,748,773,773,773,773,773,773,773,773,773,773,773,773,773,773,773,773,773,773,773,795,795,795,795,795,795,795,795,795,795,795,795,795,795,795,795,795,795,795,795,795,815,815,815,815,815,815,815,815,815,815,815,815,815,815,815,815,815,815,815,815,815,815,815,815,815,833,833,833,833,833,833,833,833,833,833,833,833,833,833,833,833,849,849,849,849,849,849,849,849,849,849,849,849,849,849,849,849,849,849,849,849,849,864,864,864,864,864,864,864,864,864,864,864,864,864,864,864,864,877,877,877,877,877,877,877,877,877,877,877,877,877,877,877,877,889,889,889,889,889,889,889,889,889,889,889,889,889,889,889,889,889,889,889,889,889,889,889,889,889,889,889,889,889,889,889,889,900,900,900,900,900,900,900,900,900,900,900,900,900,900,900,900,900,900,900,900,900,900,900,900,910,910,910,910,910,910,910,910,910,910,910,910,910,910,910,910,910,910,910,910,910,919,919,919,919,919,919,919,919,919,919,919,919,919,919,927,927,927,927,927,927,927,927,927,927,927,927,927,927,927,927,934,934,934,934,934,934,934,934,934,934,934,934,934,934,934,934,934,934,934,934,934,940,940,940,940,940,940,940,940,940,940,940,940,940,940,940,940,940,940,940,940,940,940,940,946,946,946,946,946,946,946,946,946,946,946,946,946,946,946,946,946,946,946,946,946,946,946,946,946,951,951,951,951,951,951,951,951,951,951,951,951,951,951,951,951,955,955,955,955,955,955,955,955,955,955,955,955,955,955,955,955,955,955,955,955,955,955,955,955,955,955,959,959,959,959,959,959,959,959,959,959,959,959,959,963,963,963,963,963,963,963,963,963,963,963,966,966,966,966,966,966,969,969,969,969,969,969,969,969,969,969,969,969,969,969,969,969,969,972,972,972,972,972,972,972,972,972,972,972,972,972,972,972,972,972,974,974,974,974,974,974,974,974,974,974,974,974,974,974,974,974,974,974,974,974,974,974,974,974,974,974,974,974,974,976,976,976,976,976,976,976,976,976,976,976,976,976,976,976,976,976,976,976,976,976,976,976,976,976,976,976,976,976,976,978,978,978,978,978,978,978,978,978,978,978,978,978,978,978,978,978,978,978,978,978,978,978,978,978,978,978,980,980,980,980,980,980,980,980,980,980,980,980,980,980,980,980,980,980,980,980,980,980,980,980,980,982,982,982,982,982,982,982,982,982,982,982,982,982,982,982,982,982,982,982,982,982,982,982,982,982,982,982,982,982,982,982,982,982,982,982,982,982,982,982,982,982,982,982,982,982,982,982,982,982,982,982,982,982,982,982,982,982,982,983,983,983,983,984,984,984,986,986,986,986,986,986,986,986,986,986,986,986,986,986,986,986,987,987,987,987,987,987,987,987,987,987,987,987,987,987,987,987,987,987,987,987,987,987,987,987,987,987,987,987,987,987,988,988,988,988,988,989,989,989,989,989,989,989,989,990,990,990,990,990,990,990,990,991,991,992,992,993,993,993,993,993,993,993,993,993,993,993,993,995,995,995,995,996,996,996,996
Recovered{2},0,0,0,0,2,2,3,5,7,7,7,7,9,9,9,12,12,12,16,16,16,16,18,18,21,21,22,28,28,28,33,33,35,36,36,40,40,46,46,46,51,51,51,58,58,58,64,64,76,76,76,84,84,95,95,99,99,99,108,118,118,118,127,127,132,132,138,138,149,155,155,163,163,170,176,176,183,183,188,195,195,203,203,208,208,208,214,219,227,227,233,239,246,246,246,252,259,259,264,270,270,275,281,281,288,293,293,300,300,307,307,313,313,317,317,317,317,324,324,324,332,332,332,332,342,342,342,342,351,351,351,361,361,361,361,361,361,377,377,377,377,377,377,400,400,400,400,400,400,400,422,422,422,422,422,422,422,422,422,422,455,455,455,455,455,455,455,455,455,455,455,455,455,455,455,455,455,455,455,511,511,511,511,511,511,511,511,511,511,511,511,511,511,511,511,511,511,511,561,561,561,561,561,561,561,561,561,561,561,561,561,561,561,561,561,561,561,561,561,561,561,561,561,561,606,606,606,606,606,606,606,606,606,606,606,606,606,606,606,606,606,606,606,606,645,645,645,645,645,645,645,645,645,645,645,645,645,645,645,645,645,645,645,645,645,645,645,680,680,680,680,680,680,680,680,680,680,680,680,680,680,680,680,680,680,680,680,680,680,680,680,712,712,712,712,712,712,712,712,712,712,712,712,712,712,712,712,712,712,712,712,712,712,712,712,740,740,740,740,740,740,740,740,740,740,740,740,740,740,740,740,740,740,740,766,766,766,766,766,766,766,766,766,766,766,766,766,766,766,766,766,766,766,766,766,766,766,766,766,766,789,789,789,789,789,789,789,789,789,789,789,789,789,810,810,810,810,810,810,810,810,810,810,810,810,810,810,810,810,810,829,829,829,829,829,829,829,829,829,829,829,829,829,829,829,829,829,829,829,829,829,829,829,829,829,829,829,829,829,829,846,846,846,846,846,846,846,846,846,846,846,846,846,846,846,846,846,846,846,846,846,846,846,846,846,861,861,861,861,861,861,861,861,861,861,861,861,861,874,874,874,874,874,874,874,874,874,874,874,874,874,874,874,874,874,886,886,886,886,886,886,886,886,886,886,886,886,886,886,886,886,886,886,886,897,897,897,897,897,897,897,897,897,897,897,897,907,907,907,907,907,907,907,907,907,907,907,907,916,916,916,916,916,916,916,916,916,916,916,916,916,916,916,916,916,916,916,916,916,916,916,916,916,916,924,924,924,924,924,924,924,924,924,924,924,924,924,924,924,924,931,931,931,931,931,931,931,931,931,931,937,937,937,937,937,937,937,937,937,937,937,937,937,937,937,937,937,937,937,937,937,937,937,937,937,937,937,937,937,943,943,943,943,943,943,943,943,943,943,943,943,943,943,943,943,943,948,948,948,948,948,948,948,948,948,948,948,948,948,948,948,948,948,948,953,953,953,953,953,953,957,957,957,957,957,957,957,957,957,957,957,957,957,957,957,957,957,957,957,957,957,957,957,957,957,957,957,957,957,957,957,961,961,961,961,961,961,961,961,964,964,964,964,964,964,964,964,964,964,964,964,964,964,964,964,967,967,967,967,967,967,967,967,967,967,967,967,967,967,967,967,967,967,967,967,967,967,967,967,967,967,967,967,967,967,967,967,967,967,967,967,967,967,967,967,967,967,967,967,967,967,967,967,967,967,970,970,970,970,973,973,973,973,973,973,973,973,973,973,973,973,973,975,975,975,975,975,975,975,975,975,975,975,975,975,975,975,975,975,977,977,977,977,977,977,977,977,977,977,977,977,977,977,977,977,979,979,979,979,979,979,979,979,979,981,981,981,981,981,981,981,981,981,981,981,981,981,981,981,981,981,981,982,982,982,982,983,983,983,983,983,983,983,983,984,984,984,984,984,984,986,986,986,987,987,987,987,987,987,987,987,987,987,987,987,987,987,987,987,988,988,988,988,988,988,988,988,988,988,988,988,988,989,989,989,989,989,989,989,989,989,989,989,989,989,989,989,989,989,989,989,989,989,989,989,989,990,990,990,990,991,991,991,991,991,991,991,991,991,991,991,991,991,991,991,991,991,991,991,991,991,991,991,991,991,991,991,991,991,992,992,992,992,992,992,992,992,992,992,992,992,992,992,992,992,992,992,992,992,992,992,992,992,992,992,992,992,992,992,992,992,992,992,992,992,992,992,992,992,992,992,992,992,992,992,992,992,992,992,993,993,993,993,993,993,993,993,993,993,993,993,993,993,993,993,993,993,993,993,993
Recovered{3},0,0,0,0,0,0,0,2,2,2,2,3,3,3,3,3,3,5,8,8,11,13,13,15,16,16,16,16,17,17,19,23,23,25,25,25,31,31,31,38,38,38,45,45,54,54,54,63,63,63,70,70,78,78,83,83,88,96,96,101,101,110,110,117,117,130,130,137,146,153,153,153,161,169,174,174,184,184,189,194,194,194,202,206,215,215,222,228,228,228,236,236,241,241,248,248,254,254,259,259,259,267,267,273,280,280,287,293,293,298,304,311,311,316,316,323,323,330,330,330,336,341,341,350,350,350,358,358,358,358,368,368,368,368,378,378,378,378,388,388,396,396,409,409,409,409,409,409,409,424,424,424,424,424,424,424,424,424,458,458,458,458,458,458,458,458,458,458,458,458,492,492,492,492,492,492,492,492,492,492,492,492,524,524,524,524,524,524,524,524,524,524,524,524,524,524,524,524,524,524,524,571,571,571,571,571,571,571,571,571,571,571,571,571,571,571,571,571,571,571,571,571,571,571,613,613,613,613,613,613,613,613,613,613,613,613,613,613,613,613,613,651,651,651,651,651,651,651,651,651,651,651,651,651,651,651,651,651,651,651,685,685,685,685,685,685,685,685,685,685,685,685,685,685,685,685,685,685,685,685,685,685,685,685,716,716,716,716,716,716,716,716,716,716,716,716,716,716,716,716,716,716,716,716,716,744,744,744,744,744,744,744,744,744,744,744,744,744,744,769,769,769,769,769,769,769,769,769,769,769,769,769,769,769,769,769,769,769,769,769,769,769,792,792,792,792,792,792,792,792,792,792,792,792,792,792,812,812,812,812,812,812,812,812,812,812,812,812,812,812,812,812,812,812,812,812,812,812,830,830,830,830,830,830,830,830,830,830,830,830,830,830,830,830,830,830,830,830,830,847,847,847,847,847,847,847,847,847,847,847,847,847,847,847,847,847,847,847,847,847,847,862,862,862,862,862,862,862,862,862,862,862,862,862,862,862,862,862,875,875,875,875,875,875,875,875,875,875,875,875,875,875,875,875,875,875,875,875,875,875,875,875,875,875,875,875,875,887,887,887,887,887,887,887,887,887,887,887,887,887,887,887,887,887,887,887,887,887,887,887,887,887,898,898,898,898,898,898,898,898,898,898,898,898,898,898,908,908,908,908,908,908,908,908,908,908,908,917,917,917,917,917,917,917,917,917,917,917,917,925,925,925,925,925,925,925,925,925,925,925,925,925,925,925,925,925,925,925,925,925,925,925,925,925,925,925,925,932,932,932,932,932,932,932,932,932,932,932,932,932,932,938,938,938,938,938,938,938,938,938,938,938,938,938,938,938,938,938,938,938,944,944,944,944,944,944,949,949,949,949,949,949,949,949,949,949,949,949,949,949,954,954,954,954,954,954,954,954,954,954,954,954,954,954,958,958,958,958,958,958,958,958,958,958,958,958,958,958,958,958,958,958,958,958,958,958,958,962,962,962,962,962,962,962,962,962,962,962,962,962,962,962,962,962,965,965,965,965,965,965,965,965,965,965,965,965,965,965,965,965,968,968,968,968,968,968,968,968,968,968,968,968,968,968,971,971,971,971,971,971,971,971,971,971,971,971,971,971,971,971,971,971,973,973,973,973,973,973,973,973,973,973,973,973,973,973,973,973,973,973,973,973,973,973,973,973,975,975,975,975,975,975,975,975,977,977,977,977,977,977,979,979,979,979,979,979,979,979,979,979,979,979,979,979,979,979,979,979,979,979,979,979,979,979,979,979,979,979,979,982,982,982,982,983,983,983,983,983,983,983,983,983,983,983,983,983,983,983,983,983,983,983,983,984,984,984,985,985,985,985,985,985,985,985,985,985,985,985,985,985,985,985,985,985,985,985,985,985,985,985,985,985,985,985,985,985,985,985,986,986,986,986,986,986,986,987,987,987,987,987,987,987,987,987,987,987,987,987,987,987,987,987,987,987,987,987,987,987,987,987,988,988,988,988,988,988,988,988,988,988,988,988,988,988,988,988,988,988,988,988,988,988,988,988,988,988,988,988,988,988,988,988,988,988,989,989,989,989,989,989,989,989,989,989,989,989,989,989,989,989,989,989,989,989,989,989,989,989,989,989,989,989,989,989,989,989,989,989,989,989,989,989,990,990,990,990,990,990,990,990,990,990,990,991,991,991,991,991,991,991,991,991,991,991,991,991,991,991,991,991,991,992,992,992,992,992,992,992,992,992,992,992,992,992,992,992,992,992,992,992,992,992,992,992,992,992,992,992,992,992
Recovered{4},0,0,1,1,1,1,1,2,2,2,3,3,4,4,4,6,6,6,8,8,9,9,9,12,12,13,15,15,18,18,22,22,26,26,26,32,32,43,43,43,49,49,53,53,53,58,58,58,65,65,65,74,74,77,77,77,84,92,92,92,98,98,101,108,108,110,110,115,115,121,130,130,135,135,139,145,145,153,157,163,163,170,170,175,178,184,192,192,192,205,205,211,219,219,226,226,231,231,238,238,242,248,248,255,268,268,274,280,280,285,285,285,285,294,294,303,303,303,312,320,320,329,329,329,340,340,340,340,354,354,354,367,367,367,367,367,367,384,384,384,384,401,401,401,416,416,416,416,416,416,416,416,416,450,450,450,450,450,450,450,450,450,450,450,450,483,483,483,483,483,483,483,483,483,483,483,483,483,483,483,483,483,483,483,483,483,483,536,536,536,536,536,536,536,536,536,536,536,536,536,536,536,536,536,536,536,536,583,583,583,583,583,583,583,583,583,583,583,583,583,583,583,583,583,624,624,624,624,624,624,624,624,624,624,624,624,624,624,624,624,624,624,624,624,624,624,624,661,661,661,661,661,661,661,661,661,661,661,661,661,661,661,661,661,661,661,661,661,694,694,694,694,694,694,694,694,694,694,694,694,694,694,694,694,694,694,694,724,724,724,724,724,724,724,724,724,724,724,724,724,724,724,724,724,724,724,724,751,751,751,751,751,751,751,751,751,751,751,751,751,751,751,751,751,751,751,751,775,775,775,775,775,775,775,775,775,775,775,775,775,775,775,775,775,775,775,775,775,797,797,797,797,797,797,797,797,797,797,797,797,797,797,797,817,817,817,817,817,817,817,817,817,817,817,817,817,817,817,817,817,817,817,817,817,817,817,817,835,835,835,835,835,835,835,835,835,835,835,835,835,835,835,835,835,835,835,835,835,835,835,835,835,835,835,835,851,851,851,851,851,851,851,851,851,851,851,851,851,865,865,865,865,865,865,865,865,865,865,865,865,865,865,865,865,865,865,865,865,878,878,878,878,878,878,878,878,878,878,878,878,878,878,878,878,878,878,878,878,878,890,890,890,890,890,890,890,890,890,890,890,890,890,890,890,901,901,901,901,901,901,901,901,901,901,901,901,901,901,901,901,901,901,901,910,910,910,910,910,910,910,910,910,910,910,910,910,910,910,910,910,910,910,919,919,919,919,919,919,919,919,919,919,919,919,919,919,919,919,919,919,919,919,919,919,919,919,919,919,919,919,919,919,919,919,919,919,919,919,919,919,919,919,927,927,927,927,927,927,927,927,927,927,927,927,927,927,927,927,927,927,934,934,934,934,934,934,934,934,934,934,934,934,934,934,934,934,940,940,940,940,940,940,940,940,940,940,940,940,940,940,940,940,940,940,940,946,946,946,946,946,946,946,946,946,946,946,946,946,946,946,946,946,946,946,946,946,946,946,946,946,946,946,946,946,946,946,951,951,951,951,951,951,951,951,951,951,951,951,951,955,955,955,955,955,955,955,955,955,955,955,955,955,955,955,955,955,955,959,959,959,959,959,959,959,959,959,959,959,959,959,959,959,959,959,959,959,959,959,959,959,959,959,959,959,963,963,963,963,963,963,963,963,963,963,963,963,963,963,963,963,963,963,963,963,963,963,963,963,963,963,963,963,963,963,963,963,966,966,966,966,966,966,966,966,969,969,969,969,969,969,969,969,969,969,969,969,969,969,969,969,969,969,969,969,969,969,969,969,969,969,969,969,969,969,969,969,969,972,972,972,972,972,972,972,972,972,974,974,974,974,974,974,974,974,974,974,974,974,974,976,976,976,976,976,976,976,976,976,976,976,976,976,976,976,976,976,976,976,976,976,976,978,978,978,978,978,978,978,978,978,978,980,980,980,980,980,980,980,980,980,980,982,982,982,982,982,982,982,982,982,982,983,983,983,983,983,983,984,984,984,984,984,984,984,985,985,985,985,985,985,985,985,985,985,985,985,986,986,986,986,987,987,987,987,987,987,987,987,987,987,987,987,987,987,987,987,987,987,987,987,987,987,987,987,987,987,987,987,987,987,987,987,987,987,987,987,987,987,987,987,987,987,987,988,988,988,989,989,989,989,989,989,989,989,989,990,990,990,990,990,991,991,991,991,991,991,991,991,991,991,991,991,991,991,991,991,991,991,991,991,991,992,992,992,992,992,992,992,992,992,992,992,992,992,992,992,992,992,992,992,992,992,992,992,992,992,992,992,992,992,992,992,992,992,992,992,992,992,992,992
Recovered{5},0,0,1,1,2,3,3,3,3,3,4,4,6,6,8,8,8,9,9,10,10,11,11,14,16,16,17,19,19,19,24,24,27,27,29,29,30,30,30,34,34,41,41,41,48,48,48,52,52,52,60,60,63,63,71,71,75,75,83,86,86,91,91,101,108,108,114,124,124,130,137,137,141,141,150,158,158,165,165,165,169,172,172,179,186,186,186,193,193,199,199,205,205,211,218,218,224,224,224,229,229,235,235,248,248,256,262,262,269,269,277,284,284,292,292,297,304,304,311,311,316,324,332,332,332,340,347,347,355,355,365,365,365,375,375,375,385,385,393,393,393,393,406,406,406,406,406,406,406,423,423,423,423,423,423,423,439,439,439,439,439,439,439,439,462,462,462,462,462,462,462,485,485,485,485,485,485,485,507,507,507,507,507,507,507,507,507,507,507,507,507,507,507,540,540,540,540,540,540,540,540,540,540,540,540,540,540,540,540,540,540,540,540,540,587,587,587,587,587,587,587,587,587,587,587,587,587,587,587,587,587,587,628,628,628,628,628,628,628,628,628,628,628,628,628,628,628,665,665,665,665,665,665,665,665,665,665,665,665,665,665,665,665,665,665,665,698,698,698,698,698,698,698,698,698,698,698,698,698,698,698,698,698,728,728,728,728,728,728,728,728,728,728,728,728,728,728,728,728,728,728,728,728,728,728,755,755,755,755,755,755,755,755,755,755,755,755,755,755,755,755,755,755,755,755,755,755,779,779,779,779,779,779,779,779,779,779,779,779,779,779,779,779,779,779,779,801,801,801,801,801,801,801,801,801,801,801,820,820,820,820,820,820,820,820,820,820,820,820,820,820,820,820,820,820,820,838,838,838,838,838,838,838,838,838,838,838,838,838,838,838,838,838,838,838,854,854,854,854,854,854,854,854,854,854,854,854,854,854,854,854,854,854,854,854,854,854,854,854,854,868,868,868,868,868,868,868,868,868,868,868,868,868,881,881,881,881,881,881,881,881,881,881,881,881,881,881,881,881,881,881,881,881,881,881,881,881,881,881,892,892,892,892,892,892,892,892,892,892,892,892,892,892,892,892,892,892,892,892,892,902,902,902,902,902,902,902,902,902,902,902,902,902,902,902,911,911,911,911,911,911,911,911,911,911,911,911,911,911,911,911,911,911,911,911,911,919,919,919,919,919,919,919,919,919,919,919,919,919,919,919,919,919,919,919,919,919,919,919,919,919,919,927,927,927,927,927,927,927,927,927,927,927,934,934,934,934,934,934,934,934,934,934,934,934,934,934,934,940,940,940,940,940,940,940,940,940,940,940,940,946,946,946,946,946,946,946,946,946,951,951,951,951,951,951,951,955,955,955,955,955,955,955,955,955,955,955,955,955,955,959,959,959,959,959,959,959,959,959,959,959,959,959,959,959,959,959,959,963,963,963,963,963,963,963,963,963,963,963,963,963,963,963,963,963,963,963,963,963,963,963,963,963,963,963,963,963,963,963,963,963,966,966,966,966,966,966,966,966,966,966,966,966,966,966,966,966,966,966,966,966,966,966,966,966,966,969,969,969,969,969,969,969,969,969,969,969,969,969,969,969,969,969,969,969,969,969,969,969,969,969,969,969,969,969,969,969,969,969,969,969,969,969,969,969,969,969,969,972,972,972,972,972,972,972,972,974,974,974,974,974,976,976,976,976,976,976,976,978,978,978,978,978,978,978,978,978,978,978,978,978,980,980,980,980,980,980,980,980,980,980,980,980,980,980,980,980,980,980,980,980,980,980,980,980,980,980,980,980,980,980,980,980,980,980,980,980,980,980,980,980,980,980,980,980,980,980,980,980,980,980,980,980,980,980,980,980,980,980,980,980,982,982,982,982,982,982,982,982,982,983,983,983,983,984,984,984,984,984,984,984,984,984,984,984,984,984,984,984,984,984,984,984,984,984,984,985,985,985,985,985,985,985,985,986,986,986,987,987,987,987,987,987,987,987,987,987,987,987,987,987,987,987,987,988,988,988,988,988,988,988,988,988,988,988,988,988,988,988,988,988,988,989,989,989,989,989,989,989,989,989,989,989,989,989,989,989,989,989,989,989,989,990,990,990,990,990,990,990,990,990,990,990,990,991,991,991,991,991,992,992,992,992,992,992,992,992,992,992,992,993,993,993,993,993,993,993,993,993,993,993,993,993,993,993,993,993,993,993,995,995,995,995,995,995,995,995,995,995,995,995,995,995,995,995,995,995,995,995,995,995,995,995,995,995,995,995,995,995,995
Recovered{6},0,0,2,2,3,3,3,3,3,3,3,4,4,5,5,6,6,6,7,7,8,8,8,10,10,13,13,16,16,16,17,17,19,19,19,19,19,24,24,24,26,26,26,26,29,29,33,33,42,42,42,47,47,54,54,61,61,65,68,68,72,73,73,79,79,86,90,90,97,97,100,100,106,114,114,119,119,125,132,132,135,140,140,145,145,150,158,165,173,180,186,186,186,194,194,198,205,211,211,216,220,220,226,234,234,242,242,250,258,258,265,265,272,272,272,284,284,295,295,295,307,307,307,307,307,307,329,329,329,329,329,329,329,329,329,329,329,363,363,363,363,363,363,363,363,363,363,363,363,395,395,395,395,395,395,395,395,395,395,395,395,395,395,395,395,395,395,395,395,455,455,455,455,455,455,455,455,455,455,455,455,455,455,455,455,455,455,455,455,509,509,509,509,509,509,509,509,509,509,509,509,509,509,509,509,509,509,509,509,509,558,558,558,558,558,558,558,558,558,558,558,558,558,558,558,558,602,602,602,602,602,602,602,602,602,602,602,602,602,602,602,602,602,602,602,602,602,641,641,641,641,641,641,641,641,641,641,641,641,641,641,641,641,641,641,641,641,641,676,676,676,676,676,676,676,676,676,676,676,676,676,676,676,676,676,676,708,708,708,708,708,708,708,708,708,708,708,708,708,708,708,708,708,708,708,708,708,708,708,708,708,708,737,737,737,737,737,737,737,737,737,737,737,737,737,737,737,737,763,763,763,763,763,763,763,763,763,763,763,763,763,763,763,763,763,763,763,763,786,786,786,786,786,786,786,786,786,786,786,786,786,786,786,786,786,786,786,786,786,786,807,807,807,807,807,807,807,807,807,807,807,807,807,807,807,807,807,826,826,826,826,826,826,826,826,826,826,826,826,826,826,826,826,826,843,843,843,843,843,843,843,843,843,843,843,843,843,843,843,843,843,858,858,858,858,858,858,858,858,858,858,858,858,858,858,858,858,858,858,858,858,858,858,858,858,858,858,858,858,858,858,858,858,858,858,858,858,872,872,872,872,872,872,872,872,872,884,884,884,884,884,884,884,884,884,884,884,884,884,884,884,895,895,895,895,895,895,895,895,895,895,895,895,895,895,895,905,905,905,905,905,905,905,905,905,905,905,905,905,905,914,914,914,914,914,914,914,914,914,914,914,914,914,914,914,914,914,914,914,914,922,922,922,922,922,922,922,922,922,922,922,922,929,929,929,929,929,929,929,929,929,929,929,929,929,929,929,929,936,936,936,936,936,936,936,936,936,942,942,942,942,942,942,942,942,942,942,942,942,942,942,942,942,947,947,947,947,947,947,947,947,947,947,947,947,947,947,947,947,947,947,947,947,947,947,952,952,952,952,952,952,956,956,956,956,960,960,960,960,960,960,960,960,960,960,960,960,960,960,960,960,960,960,960,960,960,960,960,960,960,960,960,960,960,960,964,964,967,967,967,967,967,967,967,967,967,967,967,970,970,970,970,970,970,970,970,970,970,970,970,970,970,970,973,973,973,973,973,973,973,973,973,975,975,975,975,975,975,975,975,975,975,975,975,975,975,975,975,975,975,975,975,977,977,977,977,977,977,977,979,979,979,979,979,979,981,981,982,982,982,983,983,983,983,983,983,983,983,983,983,983,983,983,984,984,985,985,985,985,985,985,985,985,985,985,985,985,985,985,985,985,985,985,985,985,985,985,985,985,985,985,985,985,985,986,986,986,987,987,987,987,987,987,987,987,987,987,987,987,988,988,988,988,988,988,988,988,988,988,988,988,988,988,988,988,988,988,988,988,989,989,989,989,989,989,989,989,989,989,989,989,989,989,989,989,989,989,989,989,989,989,989,989,989,990,990,991,991,991,991,991,991,991,991,991,991,991,991,991,991,991,991,991,991,991,991,991,991,991,991,991,991,991,991,991,991,991,991,991,992,992,992,992,992,992,992,992,992,992,992,992,992,992,992,992,992,992,992,992,992,992,992,992,992,992,992,992,992,992,992,992,992,992,992,992,993,994,994,994,994,994,994,994,994,994,994,994,994,994,994,994,994,994,994,994,994,994,994,994,994,994,994,994,994,994,994,994,994,994,994,994,994,994,994,994,994,994,995,995,995,995,995,995,995,995,995,995,995,995,995,995,995,995,995,995,995,995,995,995,995,995,995,995,995,995,995,995,995,995,995,995,995,995,995,995,995,995,995,995,995,995,995,995,995,995,995,995,995,995,995,995,995,995,995,995,995,995,995,995,995
Recovered{7},0,0,0,2,2,2,4,4,4,4,5,5,7,7,9,10,10,11,11,11,13,13,15,15,19,19,22,22,22,25,25,25,25,27,27,30,30,34,34,38,38,44,44,44,53,53,53,58,58,64,64,70,70,70,74,74,78,78,86,86,95,95,104,104,113,113,123,123,131,131,135,135,140,145,145,145,153,153,158,158,165,165,171,171,181,184,184,190,190,197,200,208,208,216,216,219,219,219,225,225,233,233,238,245,245,251,257,264,264,264,272,272,279,284,284,284,290,290,296,304,304,311,311,320,329,338,338,338,338,347,347,347,356,356,365,365,373,373,373,373,373,373,383,383,383,393,393,393,402,402,402,402,413,413,413,413,413,427,427,427,427,441,441,441,441,441,454,454,454,454,454,454,454,470,470,470,470,470,470,470,493,493,493,493,493,493,493,493,514,514,514,514,514,514,514,514,514,514,514,514,514,514,514,514,514,514,563,563,563,563,563,563,563,563,563,563,563,563,563,563,563,563,563,563,563,563,563,563,605,605,605,605,605,605,605,605,605,605,605,605,605,605,605,605,605,605,605,644,644,644,644,644,644,644,644,644,644,644,644,679,679,679,679,679,679,679,679,679,679,679,679,679,679,679,679,679,679,679,679,679,679,679,711,711,711,711,711,711,711,711,711,711,711,711,711,711,711,711,711,711,711,711,711,711,711,711,711,740,740,740,740,740,740,740,740,740,740,740,740,740,740,740,766,766,766,766,766,766,766,766,766,766,766,766,766,766,766,766,766,766,766,766,766,766,789,789,789,789,789,789,789,789,789,789,789,789,789,789,789,789,789,789,789,810,810,810,810,810,810,810,810,810,810,810,810,810,810,810,810,810,810,810,829,829,829,829,829,829,829,829,829,829,829,829,829,829,829,829,829,829,829,829,829,829,829,829,846,846,846,846,846,846,846,846,846,846,846,846,846,861,861,861,861,861,861,861,861,861,861,861,861,861,861,861,861,861,861,861,875,875,875,875,875,875,875,875,875,875,875,875,875,875,875,875,875,875,875,887,887,887,887,887,887,887,887,887,898,898,898,898,898,898,898,898,898,898,898,898,898,898,908,908,908,908,908,908,908,908,908,917,917,917,917,917,917,917,917,917,917,917,925,925,925,925,925,925,925,925,925,925,925,925,925,925,925,925,925,925,932,932,932,932,932,932,932,932,932,932,932,932,932,932,932,932,932,932,932,932,932,932,932,932,938,938,938,938,938,938,938,938,938,938,938,938,938,938,938,938,938,938,944,944,944,944,944,944,944,944,944,944,944,944,949,949,949,954,954,954,954,954,954,954,954,954,954,954,954,954,954,954,954,958,958,958,958,958,958,958,962,962,962,962,962,962,962,962,962,962,962,962,962,962,962,965,965,965,965,965,965,965,965,965,965,965,965,965,965,965,965,965,968,968,968,968,968,968,971,971,971,971,971,971,971,971,971,971,971,971,971,971,971,971,971,971,971,971,971,971,971,971,971,974,974,974,974,974,974,974,974,976,976,976,976,976,976,976,976,976,976,976,976,976,976,976,976,976,976,976,976,976,976,978,978,978,978,978,978,978,978,978,978,978,978,978,978,978,978,978,978,978,978,980,980,980,980,980,980,982,982,982,982,982,982,982,982,982,982,982,982,982,983,983,983,983,983,983,983,983,983,983,983,983,984,984,984,985,985,985,985,985,985,985,985,986,986,986,986,986,986,987,987,987,987,987,987,987,987,987,987,987,987,987,988,988,988,988,988,988,988,988,988,988,988,988,988,988,988,988,988,988,989,989,989,989,989,989,989,989,989,989,989,989,989,989,989,989,989,989,989,989,989,989,989,989,989,989,989,989,989,989,989,989,989,989,989,989,990,990,991,991,991,991,991,991,991,991,991,991,991,991,991,991,991,991,991,991,991,991,991,991,991,991,991,991,991,991,991,991,991,991,991,991,991,991,991,992,992,992,992,992,992,992,992,992,992,992,992,993,993,993,993,993,993,993,993,993,993,993,993,993,993,993,993,993,993,993,993,993,994,994,994,994,994,994,994,994,994,994,994,994,994,994,994,994,994,994,994,994,994,994,994,994,994,994,994,994,994,994,994,994,994,994,994,994,994,994,995,995,995,995,995,995,995,995,995,995,995,995,995,995,995,995,995,995,995,995,995,996,997,997,997,997,997,997,997,997,997,997,997,997,997,997,997,997,997,997,997,997,997,997,997,997,997,997,997,997,997,997,997,997,997,997,997,997,997,997,997,997,997,997
Recovered{8},0,0,0,0,0,1,2,2,2,2,3,3,3,4,5,5,5,5,7,7,8,8,8,10,10,11,12,12,13,13,15,15,16,18,18,22,22,24,24,24,29,29,35,35,42,42,42,46,46,46,56,56,62,62,68,68,73,73,80,80,83,83,86,96,96,108,108,108,112,120,120,126,126,133,142,142,148,155,161,161,169,174,179,179,185,190,190,199,199,206,215,215,215,215,219,219,228,233,233,240,245,251,255,263,263,268,276,283,289,289,292,292,299,299,299,299,311,311,311,311,322,322,322,322,322,335,335,335,335,335,335,352,352,352,352,352,366,366,366,366,366,366,366,366,366,366,366,366,366,366,366,366,366,366,366,366,366,366,366,366,430,430,430,430,430,430,430,430,430,430,430,430,430,430,430,430,430,430,430,430,430,487,487,487,487,487,487,487,487,487,487,487,487,487,487,487,487,487,487,487,487,487,487,487,538,538,538,538,538,538,538,538,538,538,538,538,538,538,538,538,538,538,538,584,584,584,584,584,584,584,584,584,584,584,584,584,584,584,584,584,584,584,584,584,584,584,584,584,584,625,625,625,625,625,625,625,625,625,625,625,625,625,625,625,625,625,625,625,625,625,625,625,625,662,662,662,662,662,662,662,662,662,662,662,662,662,662,695,695,695,695,695,695,695,695,695,695,695,695,695,695,695,695,695,695,695,695,725,725,725,725,725,725,725,725,725,725,725,725,725,725,725,725,725,752,752,752,752,752,752,752,752,752,752,752,752,752,752,752,752,752,752,752,776,776,776,776,776,776,776,776,776,776,776,776,776,776,776,776,776,776,776,776,776,798,798,798,798,798,798,798,798,798,798,798,798,798,798,798,818,818,818,818,818,818,818,818,818,818,818,818,818,818,818,818,818,818,818,818,818,818,818,818,818,818,818,818,818,836,836,836,836,836,836,836,836,836,836,836,836,836,836,836,852,852,852,852,852,852,852,852,852,852,852,852,852,852,852,852,852,852,852,852,866,866,866,866,866,866,866,866,866,866,866,866,866,866,866,866,879,879,879,879,879,879,879,879,879,879,879,879,879,879,879,879,879,879,879,879,879,879,879,879,891,891,891,891,891,891,891,891,891,891,891,891,891,891,891,891,891,891,891,891,891,891,901,901,901,901,901,901,901,901,901,901,901,901,901,901,901,901,901,901,901,901,901,901,901,901,901,901,901,901,910,910,910,910,910,910,910,910,910,910,910,910,910,910,919,919,919,919,919,919,919,919,919,919,919,919,919,919,919,919,919,919,919,919,919,919,919,919,919,927,927,927,927,927,927,927,927,927,927,927,927,927,927,927,927,927,927,927,927,927,927,927,927,934,934,934,934,934,934,934,934,934,934,934,934,934,934,934,934,934,940,940,940,940,940,940,940,940,940,940,940,940,940,940,940,940,940,940,940,940,940,946,946,946,946,946,946,946,946,951,951,951,951,951,951,951,951,951,951,951,951,955,955,955,955,955,955,955,955,955,955,955,955,955,955,955,955,955,959,959,959,959,959,959,959,959,959,959,959,959,959,959,959,959,959,959,959,959,959,959,959,959,959,959,959,959,959,959,959,959,959,959,959,959,959,959,959,959,959,959,959,959,963,963,963,963,963,963,963,963,963,963,963,963,963,963,963,963,963,963,963,963,963,963,963,963,963,963,966,966,966,966,966,969,969,969,969,969,969,972,972,974,974,974,974,974,974,974,974,974,974,974,974,974,974,976,976,976,976,976,976,978,978,978,978,978,978,978,978,978,978,978,978,978,978,980,980,980,980,980,980,980,980,980,980,980,980,980,980,980,980,980,980,980,980,980,980,980,980,980,980,980,980,980,980,980,980,980,982,982,982,982,982,982,982,982,982,982,982,982,982,982,982,982,982,982,982,982,982,983,983,983,984,984,984,984,985,985,985,985,985,986,987,987,987,987,987,987,987,987,987,987,987,987,987,987,987,987,987,987,987,987,988,988,988,988,988,988,988,988,988,988,988,988,988,988,988,988,988,988,989,989,989,989,990,990,990,990,990,990,990,990,990,990,990,990,990,990,990,990,991,991,991,991,992,992,992,992,993,993,993,993,993,993,993,993,994,994,994,994,994,994,994,995,995,995,996,996,996,996,996,996,996,996,996,996,996,996,996,996,996,996,996,996,996,996,996,996,996,996,996,996,996,996,996,997,997,997,997,997,997,997,997,997,997,997,997,997,997,997,997,997,997,997,997,997,997,997,997,997,997,997,997,997,997,997,997
Recovered{9},0,0,0,1,3,3,3,3,3,4,4,4,6,6,6,6,6,6,6,9,9,11,12,12,12,14,15,16,16,17,17,19,22,22,25,25,25,28,28,32,32,32,37,37,44,44,44,50,50,55,55,55,57,57,64,64,67,67,72,72,77,77,85,90,90,95,95,103,103,110,110,112,112,121,121,129,129,136,141,141,149,149,157,157,162,162,169,173,173,173,173,183,189,196,196,202,209,216,216,216,224,224,230,230,237,237,243,243,249,249,255,255,259,264,267,267,276,276,276,287,287,301,301,301,301,313,313,313,313,313,334,334,334,334,334,334,334,334,334,334,334,334,334,334,334,334,334,334,334,400,400,400,400,400,400,400,400,400,400,400,400,400,400,400,400,400,400,400,400,460,460,460,460,460,460,460,460,460,460,460,460,460,460,460,460,460,460,460,514,514,514,514,514,514,514,514,514,514,514,514,514,514,514,562,562,562,562,562,562,562,562,562,562,562,562,562,562,562,562,562,562,562,562,605,605,605,605,605,605,605,605,605,605,605,605,605,605,605,605,605,605,605,605,605,605,605,605,644,644,644,644,644,644,644,644,644,644,644,644,644,644,644,644,644,644,644,644,644,644,644,679,679,679,679,679,679,679,679,679,679,679,679,679,679,679,679,679,711,711,711,711,711,711,711,711,711,711,711,711,711,711,711,711,711,739,739,739,739,739,739,739,739,739,739,739,739,739,739,739,739,739,739,739,765,765,765,765,765,765,765,765,765,765,765,765,765,765,765,765,765,765,765,788,788,788,788,788,788,788,788,788,788,788,788,788,788,788,788,788,788,788,788,788,788,809,809,809,809,809,809,809,809,809,809,809,809,809,809,809,809,809,809,809,828,828,828,828,828,828,828,828,828,828,828,828,828,828,828,828,845,845,845,845,845,845,845,845,845,845,845,845,845,845,845,845,845,845,845,845,860,860,860,860,860,860,860,860,860,860,860,860,860,860,860,860,860,860,860,860,860,874,874,874,874,874,874,874,874,874,874,874,874,874,874,874,874,874,874,874,874,874,874,874,874,886,886,886,886,886,886,886,886,886,886,886,886,886,886,886,886,886,886,886,886,886,886,886,897,897,897,897,897,897,897,897,897,897,897,897,897,897,897,897,897,897,897,897,897,907,907,907,907,907,907,907,907,907,907,907,907,907,907,907,907,907,907,907,907,907,907,907,907,907,907,916,916,916,916,916,916,916,916,916,916,916,916,916,916,916,916,916,916,924,924,924,924,924,924,924,924,924,924,924,924,924,924,924,924,931,931,931,931,931,931,931,931,931,931,931,931,931,931,931,931,931,931,931,931,931,931,931,931,931,937,937,937,937,937,937,937,937,937,937,937,937,937,937,937,937,937,937,937,937,937,937,937,937,937,937,937,937,937,937,937,937,937,937,937,943,943,943,943,943,943,943,943,943,943,943,943,943,943,943,943,948,948,948,948,948,948,948,948,948,948,948,948,948,948,948,948,948,948,948,948,948,948,948,948,948,948,948,948,953,953,953,953,953,953,953,953,953,953,953,953,953,953,953,953,953,953,953,953,957,957,957,957,957,957,957,957,957,957,957,957,957,957,957,957,957,957,957,961,961,961,961,961,961,961,961,961,961,961,961,961,964,964,964,964,964,964,964,964,964,964,964,964,964,964,964,967,967,967,967,967,967,967,967,970,970,970,970,970,970,970,970,970,970,970,970,970,970,970,970,970,970,970,970,973,973,973,973,973,973,973,973,973,973,973,973,973,973,973,973,973,973,973,973,973,973,973,973,973,973,973,973,975,975,975,975,975,975,975,975,975,975,975,975,975,975,975,975,975,975,975,975,975,975,975,975,975,975,975,975,975,975,975,975,975,975,977,977,977,977,977,977,977,977,977,977,977,977,977,977,977,977,977,977,977,977,979,979,979,979,979,979,979,979,979,979,979,979,979,979,979,979,979,979,979,979,979,979,979,981,981,981,981,981,981,981,982,982,982,983,983,983,984,984,984,984,984,984,985,985,985,985,985,985,985,985,985,985,986,986,986,986,986,986,986,986,986,986,986,986,986,986,986,986,986,986,986,986,986,986,986,986,986,986,986,986,986,986,986,986,986,986,986,986,986,986,986,986,986,986,986,986,986,987,988,988,988,988,988,988,988,988,988,988,988,988,988,988,988,988,988,988,988,988,988,988,988,988,990,990,990,990,991,991,991,991,991,992,992,992,992,992,992,992,992,992,992,992,992,992,992,992,992,992,992,992,992
